rateRowId,sro,name_hi,name_en,slug,override_en
bikapur-1001,bikapur,अरसठ,Arsath,arsath,
bikapur-1002,bikapur,अवनपुर,Awanpur,awanpur,
bikapur-1003,bikapur,अमॉवा,Amowa,amowa,
bikapur-1004,bikapur,अमौनी,Amauni,amauni,
bikapur-1005,bikapur,असरेवा,Asrewa,asrewa,
bikapur-1006,bikapur,अरूवावां,Aruwawan,aruwawan,
bikapur-1007,bikapur,असकरनपुर,Asakranpur,asakranpur,
bikapur-1008,bikapur,अहिरौली,Ahirauli,ahirauli,
bikapur-1009,bikapur,अहिरानीगोपालपुर,Ahiranigopalpur,ahiranigopalpur,
bikapur-1010,bikapur,अरियासी,Ariyasi,ariyasi,
bikapur-1011,bikapur,औहरपुर,Auharpur,auharpur,
bikapur-1012,bikapur,ओदीरतनाथपुर,Odiratnathpur,odiratnathpur,
bikapur-1013,bikapur,अंकारी,Ankari,ankari,
bikapur-1014,bikapur,इमिलिया,Imiliya,imiliya,
bikapur-1015,bikapur,इछौरी,Ichhauri,ichhauri,
bikapur-1016,bikapur,इस्लामपुर,Islampur,islampur,
bikapur-1017,bikapur,इस्माइलपुर,Ismailpur,ismailpur,
bikapur-1018,bikapur,उदईपुर,Udaipur,udaipur,
bikapur-1019,bikapur,उँचगांव,Unchganv,unchganv,
bikapur-1020,bikapur,उमरपुर,Umarpur,umarpur,
bikapur-1021,bikapur,उमरनी आ0 सुल्तानपुर,Umarni A0 Sultanpur,umarni-a0-sultanpur,
bikapur-1022,bikapur,उसरी,Usri,usri,
bikapur-1023,bikapur,उमरनीपिपरी,Umarnipipri,umarnipipri,
bikapur-1024,bikapur,उमापुरकैथोलिया,Umapurkaitholiya,umapurkaitholiya,
bikapur-1025,bikapur,उमापुरबादफरोशा,Umapurbadafrosha,umapurbadafrosha,
bikapur-1026,bikapur,करौंदी मु0 धरेठादशरथपुर,Karaundi Mu0 Dharethadashrathpur,karaundi-mu0-dharethadashrathpur,
bikapur-1027,bikapur,करौंदी मु0 हैदरगंज,Karaundi Mu0 Haidarganj,karaundi-mu0-haidarganj,
bikapur-1028,bikapur,ककराही,Kakrahi,kakrahi,
bikapur-1029,bikapur,ककोली,Kakoli,kakoli,
bikapur-1030,bikapur,कनावां,Kanawan,kanawan,
bikapur-1031,bikapur,कटारी,Katari,katari,
bikapur-1032,bikapur,करनपुर,Karanpur,karanpur,
bikapur-1033,bikapur,कटौना,Katauna,katauna,
bikapur-1034,bikapur,कटकामकदूमपुर,Katkamakdumpur,katkamakdumpur,
bikapur-1035,bikapur,करौंदीमाफी,Karaundimafi,karaundimafi,
bikapur-1036,bikapur,कनकपुरझगरौली,Kanakpurjhagrauli,kanakpurjhagrauli,
bikapur-1037,bikapur,कल्यानपुरछितौना,Kalyanpurchhitauna,kalyanpurchhitauna,
bikapur-1038,bikapur,कल्यानपुरचकडुहिया,Kalyanpurchakduhiya,kalyanpurchakduhiya,
bikapur-1039,bikapur,करनाईपुरमु0पारागरीबशाह,Karnaipurmu0paragribshah,karnaipurmu0paragribshah,
bikapur-1040,bikapur,करनाईपुर मु0 भीटी,Karnaipur Mu0 Bhiti,karnaipur-mu0-bhiti,
bikapur-1041,bikapur,कादीपुर,Kadipur,kadipur,
bikapur-1042,bikapur,कादीपुर मु0 सरायखरगी,Kadipur Mu0 Saraykhargi,kadipur-mu0-saraykhargi,
bikapur-1043,bikapur,किलहना,Kilahna,kilahna,
bikapur-1044,bikapur,किछूटीकिशुनदासपुर,Kichhutikishundaspur,kichhutikishundaspur,
bikapur-1045,bikapur,कुढ़ा,Kurha,kurha,
bikapur-1046,bikapur,कुआंडाड़,Kuandar,kuandar,
bikapur-1047,bikapur,कूरेभारी,Kurebhari,kurebhari,
bikapur-1048,bikapur,केलालालखॉ,Kelalalkho,kelalalkho,
bikapur-1049,bikapur,केवलापुरउर्फतकमीनगंज,Kevlapuraurfatakminganj,kevlapuraurfatakminganj,
bikapur-1050,bikapur,केसरूआबुजुर्ग,Kesruabujurg,kesruabujurg,
bikapur-1051,bikapur,कोदैला,Kodaila,kodaila,
bikapur-1052,bikapur,कोंछा,Konchha,konchha,
bikapur-1053,bikapur,कोड़रामुसलमीन,Korramusalmin,korramusalmin,
bikapur-1054,bikapur,कोड़राब्रम्हनान,Korrabramhanan,korrabramhanan,
bikapur-1055,bikapur,कोरोराघवपुर,Kororaghavpur,kororaghavpur,
bikapur-1056,bikapur,कांधरपुर,Kandharpur,kandharpur,
bikapur-1057,bikapur,खपराडीह,Khapradih,khapradih,
bikapur-1058,bikapur,खजुरहट,Khajurhat,khajurhat,
bikapur-1059,bikapur,खजुरीरामपुर,Khajurirampur,khajurirampur,
bikapur-1060,bikapur,खिदिदरपुर,Khididarpur,khididarpur,
bikapur-1061,bikapur,खुटेहना,Khutehna,khutehna,
bikapur-1062,bikapur,खेवली,Khevli,khevli,
bikapur-1063,bikapur,खेतपलिया,Khetapliya,khetapliya,
bikapur-1064,bikapur,खेमासराय,Khemasray,khemasray,
bikapur-1065,bikapur,खेमीपुरनिधियावां,Khemipurnidhiyawan,khemipurnidhiyawan,
bikapur-1066,bikapur,खेमपुरचंदई,Khempurchandai,khempurchandai,
bikapur-1067,bikapur,खोंधूपुर,Khondhupur,khondhupur,
bikapur-1068,bikapur,खौपुर,Khaupur,khaupur,
bikapur-1069,bikapur,गरौली,Garauli,garauli,
bikapur-1070,bikapur,गयासपुर,Gayaspur,gayaspur,
bikapur-1071,bikapur,गण्डई,Gandai,gandai,
bikapur-1072,bikapur,गींजा,Ginja,ginja,
bikapur-1073,bikapur,गुन्धौर,Gundhaur,gundhaur,
bikapur-1074,bikapur,गुरौली,Gurauli,gurauli,
bikapur-1075,bikapur,गोपालापुर,Gopalapur,gopalapur,
bikapur-1076,bikapur,गोबिन्दपुर,Gobindpur,gobindpur,
bikapur-1077,bikapur,गोठौरा,Gothaura,gothaura,
bikapur-1078,bikapur,गौरा,Gaura,gaura,
bikapur-1079,bikapur,गौहनियां,Gauhniyan,gauhniyan,
bikapur-1080,bikapur,गौहानीखुर्द,Gauhanikhurd,gauhanikhurd,
bikapur-1081,bikapur,गौहानीकलां,Gauhanikalan,gauhanikalan,
bikapur-1082,bikapur,गंगापुर मु0 रमऊपुर,Gangapur Mu0 Ramaupur,gangapur-mu0-ramaupur,
bikapur-1083,bikapur,गंगापुर मु0 टिकरी,Gangapur Mu0 Tikri,gangapur-mu0-tikri,
bikapur-1084,bikapur,गंगापुर मु0 ढ़ेमाबैश्य,Gangapur Mu0 Rhemabaishy,gangapur-mu0-rhemabaishy,
bikapur-1085,bikapur,घूरीटीकर,Ghuritikar,ghuritikar,
bikapur-1086,bikapur,चकसलेम,Chakaslem,chakaslem,
bikapur-1087,bikapur,चकमोदमिदपुर,Chakmodmidpur,chakmodmidpur,
bikapur-1088,bikapur,चक्सेनपुर,Chaksenpur,chaksenpur,
bikapur-1089,bikapur,चम्पारपुर,Champarpur,champarpur,
bikapur-1090,bikapur,चरावां,Charawan,charawan,
bikapur-1091,bikapur,चर्तुभुजपुर,Chartubhujpur,chartubhujpur,
bikapur-1092,bikapur,चन्दीपुरनगहरा,Chandipurangahra,chandipurangahra,
bikapur-1093,bikapur,चितांवा,Chitanwa,chitanwa,
bikapur-1094,bikapur,चेतरा,Chetra,chetra,
bikapur-1095,bikapur,चौबेपुर,Chaubepur,chaubepur,
bikapur-1096,bikapur,चौरेचन्दौली,Chaurechandauli,chaurechandauli,
bikapur-1097,bikapur,चॉदपुर,Chodpur,chodpur,
bikapur-1098,bikapur,चॉदपुर मु0 घूरीटीकर,Chodpur Mu0 Ghuritikar,chodpur-mu0-ghuritikar,
bikapur-1099,bikapur,चंवरढ़ार,Chanwarrhar,chanwarrhar,
bikapur-1100,bikapur,जजवारा,Jajwara,jajwara,
bikapur-1101,bikapur,जयसिंहमऊ,Jaysinhmau,jaysinhmau,
bikapur-1102,bikapur,जगदीशपुर उर्फ पाठकपुर,Jagdishpur Urf Pathakpur,jagdishpur-urf-pathakpur,
bikapur-1103,bikapur,जमोलीखुर्द,Jamolikhurd,jamolikhurd,
bikapur-1104,bikapur,जलालपुरमाफी,Jalalpurmafi,jalalpurmafi,
bikapur-1105,bikapur,जलालपुरभग्गू,Jalalpurbhaggu,jalalpurbhaggu,
bikapur-1106,bikapur,जाना,Jana,jana,
bikapur-1107,bikapur,जासरपुर,Jasarpur,jasarpur,
bikapur-1108,bikapur,जेरूवा,Jeruwa,jeruwa,
bikapur-1109,bikapur,जैनपुर,Jainpur,jainpur,
bikapur-1110,bikapur,जोहन,Johan,johan,
bikapur-1111,bikapur,टिकरी,Tikri,tikri,
bikapur-1112,bikapur,डगराभारी,Dagrabhari,dagrabhari,
bikapur-1113,bikapur,डेहरियावां,Dehriyawan,dehriyawan,
bikapur-1114,bikapur,ढ़ेमाबैश्य,Rhemabaishy,rhemabaishy,
bikapur-1115,bikapur,ढ़ेमाशिवबक्शराय,Rhemashivbaksharay,rhemashivbaksharay,
bikapur-1116,bikapur,तरहरा,Tarahra,tarahra,
bikapur-1117,bikapur,तारून,Tarun,tarun,
bikapur-1118,bikapur,ताजपुर,Tajpur,tajpur,
bikapur-1119,bikapur,तारडीह,Tardih,tardih,
bikapur-1120,bikapur,तारापुर,Tarapur,tarapur,
bikapur-1121,bikapur,तिवारीपुर,Tiwaripur,tiwaripur,
bikapur-1122,bikapur,तेन्दुआमाफी,Tenduamafi,tenduamafi,
bikapur-1123,bikapur,तोरोमाफी,Toromafi,toromafi,
bikapur-1124,bikapur,थरियाकलां,Thariyakalan,thariyakalan,
bikapur-1125,bikapur,दिलीपपुर,Dilippur,dilippur,
bikapur-1126,bikapur,दरियापुर,Dariyapur,dariyapur,
bikapur-1127,bikapur,दशरथपुर,Dashrathpur,dashrathpur,
bikapur-1128,bikapur,दसलावन,Daslawan,daslawan,
bikapur-1129,bikapur,दयालजोत,Dayaljot,dayaljot,
bikapur-1130,bikapur,दॉदूपुर,Dodupur,dodupur,
bikapur-1131,bikapur,दुबॉवा,Dubowa,dubowa,
bikapur-1132,bikapur,देवापुर,Dewapur,dewapur,
bikapur-1133,bikapur,देवकलीमाफी,Dewaklimafi,dewaklimafi,
bikapur-1134,bikapur,देवरीमु0ढ़ेमाबैश्य,Devrimu0rhemabaishy,devrimu0rhemabaishy,
bikapur-1135,bikapur,देवापट्टी,Dewapatti,dewapatti,
bikapur-1136,bikapur,देवरीरंजीतसिंह,Devriranjitsinh,devriranjitsinh,
bikapur-1137,bikapur,दोस्तग्रामपुर,Dostagrampur,dostagrampur,
bikapur-1138,bikapur,दौदहा,Daudha,daudha,
bikapur-1139,bikapur,धमहर,Dhamhar,dhamhar,
bikapur-1140,bikapur,धरेठादशरथपुर,Dharethadashrathpur,dharethadashrathpur,
bikapur-1141,bikapur,धेनुवॉवा,Dhenuwowa,dhenuwowa,
bikapur-1142,bikapur,धर्मपुरमु0पारागरीबशाह,Dharmapurmu0paragribshah,dharmapurmu0paragribshah,
bikapur-1143,bikapur,धर्मपुरमु0घूरीटीकर,Dharmapurmu0ghuritikar,dharmapurmu0ghuritikar,
bikapur-1144,bikapur,धौरहराकुटी,Dhaurahrakuti,dhaurahrakuti,
bikapur-1145,bikapur,न्यूना पूरब,Nyuna Purab,nyuna-purab,
bikapur-1146,bikapur,न्यूनापश्चिम,Nyunapashchim,nyunapashchim,
bikapur-1147,bikapur,नरायनपुर,Narayanpur,narayanpur,
bikapur-1148,bikapur,नसरतपुर,Nasratpur,nasratpur,
bikapur-1149,bikapur,नथनपुर,Nathanpur,nathanpur,
bikapur-1150,bikapur,नदौना,Nadauna,nadauna,
bikapur-1151,bikapur,नरोत्तमपुर,Narottampur,narottampur,
bikapur-1152,bikapur,नन्दरौली,Nandarauli,nandarauli,
bikapur-1153,bikapur,नन्दूपुर,Nandupur,nandupur,
bikapur-1154,bikapur,नगईपुर,Nagaipur,nagaipur,
bikapur-1155,bikapur,नागपाली,Nagpali,nagpali,
bikapur-1156,bikapur,नाभापुर,Nabhapur,nabhapur,
bikapur-1157,bikapur,नाहरपुर,Naharpur,naharpur,
bikapur-1158,bikapur,नासिरपुरमूसी,Nasirpurmusi,nasirpurmusi,
bikapur-1159,bikapur,नियाजपुर,Niyajpur,niyajpur,
bikapur-1160,bikapur,नुवांवाबैदरा,Nuwanwabaidra,nuwanwabaidra,
bikapur-1161,bikapur,नेतवारीचतुरपुर,Netwarichturpur,netwarichturpur,
bikapur-1162,bikapur,पचगवां,Pachagwan,pachagwan,
bikapur-1163,bikapur,पछियाना,Pachhiyana,pachhiyana,
bikapur-1164,bikapur,परोमा,Paroma,paroma,
bikapur-1165,bikapur,पण्डरी,Pandari,pandari,
bikapur-1166,bikapur,परूआ,Parua,parua,
bikapur-1167,bikapur,परवरपारा,Parwarpara,parwarpara,
bikapur-1168,bikapur,पश्चिमपारा,Pashchimpara,pashchimpara,
bikapur-1169,bikapur,परमानन्दपुर,Parmanandpur,parmanandpur-1169,
bikapur-1170,bikapur,परमानन्दपुर,Parmanandpur,parmanandpur-1170,
bikapur-1171,bikapur,पदारथपुर,Padarathpur,padarathpur,
bikapur-1172,bikapur,परसीपुर,Parsipur,parsipur,
bikapur-1173,bikapur,परसौलीमु0मुकीमपुर,Parsaulimu0mukimpur,parsaulimu0mukimpur,
bikapur-1174,bikapur,परसावांमहोला,Parsawammhola,parsawammhola,
bikapur-1175,bikapur,परसुही,Parsuhi,parsuhi,
bikapur-1176,bikapur,पकड़ीदुर्गादासपुर,Pakridurgadaspur,pakridurgadaspur,
bikapur-1177,bikapur,पारागरीबशाह,Paragribshah,paragribshah,
bikapur-1178,bikapur,पाराहथिगो,Parahthigo,parahthigo,
bikapur-1179,bikapur,पातूपुर,Patupur,patupur,
bikapur-1180,bikapur,पालीपूरब,Palipurab,palipurab,
bikapur-1181,bikapur,पाराराम,Pararam,pararam,
bikapur-1182,bikapur,पालीअचलपुर,Paliachalpur,paliachalpur,
bikapur-1183,bikapur,पिछौरा,Pichhaura,pichhaura,
bikapur-1184,bikapur,पीथापुर,Pithapur,pithapur,
bikapur-1185,bikapur,प्रतापपुरबरहूपुर,Pratappurbarhupur,pratappurbarhupur,
bikapur-1186,bikapur,प्रानपुर,Pranpur,pranpur,
bikapur-1187,bikapur,पुंहपी,Punhpi,punhpi,
bikapur-1188,bikapur,पुरूषोत्तमपुर,Purushottampur,purushottampur,
bikapur-1189,bikapur,पूरबपट्टी,Purabpatti,purabpatti,
bikapur-1190,bikapur,पूरेबजाज,Purebjaj,purebjaj,
bikapur-1191,bikapur,पूरेलाला,Purelala,purelala,
bikapur-1192,bikapur,पूरेबंशवन,Purebanshwan,purebanshwan,
bikapur-1193,bikapur,पूरेमनोहर,Puremnohar,puremnohar,
bikapur-1194,bikapur,पेड़रा,Perra,perra,
bikapur-1195,bikapur,पौहान,Pauhan,pauhan,
bikapur-1196,bikapur,फखरपुर,Fakharpur,fakharpur,
bikapur-1197,bikapur,फतेहपुरकमासिन,Fatehpurakmasin,fatehpurakmasin,
bikapur-1198,bikapur,बरांव,Baranv,baranv,
bikapur-1199,bikapur,बरेहटा,Barehta,barehta,
bikapur-1200,bikapur,बरौली,Barauli,barauli,
bikapur-1201,bikapur,बनकट,Bankat,bankat,
bikapur-1202,bikapur,बसन्तपुर,Basantpur,basantpur,
bikapur-1203,bikapur,बल्लीपुर,Ballipur,ballipur,
bikapur-1204,bikapur,बल्लीकृपालपुर,Ballikripalpur,ballikripalpur,
bikapur-1205,bikapur,बलरामपुर,Balrampur,balrampur,
bikapur-1206,bikapur,बछरामपुर,Bachhrampur,bachhrampur,
bikapur-1207,bikapur,बबुरा,Babura,babura,
bikapur-1208,bikapur,बबुरिहाकौंधा,Baburihakaundha,baburihakaundha,
bikapur-1209,bikapur,बड़नपुर,Baranpur,baranpur,
bikapur-1210,bikapur,बड़गोड़ा,Bargora,bargora,
bikapur-1211,bikapur,बछौलीमु0ढ़ेमा,Bachhaulimu0rhema,bachhaulimu0rhema,
bikapur-1212,bikapur,वहीउद्दीनपुर,Wahiuddinpur,wahiuddinpur,
bikapur-1213,bikapur,बारा,Bara,bara,
bikapur-1214,bikapur,बालापुर,Balapur,balapur,
bikapur-1215,bikapur,बाहरपुर,Baharpur,baharpur,
bikapur-1216,bikapur,बासूपुर,Basupur,basupur,
bikapur-1217,bikapur,बासुदेवपुर,Basudevpur,basudevpur,
bikapur-1218,bikapur,बिलारीमाफी,Bilarimafi,bilarimafi,
bikapur-1219,bikapur,विश्नोहरपुर,Vishnoharpur,vishnoharpur,
bikapur-1220,bikapur,विजयनपुरसजहरा,Vijyanpurasjahra,vijyanpurasjahra,
bikapur-1221,bikapur,बीकापुर,Bikapur,bikapur,
bikapur-1222,bikapur,बीबीपुर,Bibipur,bibipur,
bikapur-1223,bikapur,बेला,Bela,bela,
bikapur-1224,bikapur,बेलाचकसीराम,Belachaksiram,belachaksiram,
bikapur-1225,bikapur,बेनीगद्दोपुर,Benigaddopur,benigaddopur,
bikapur-1226,bikapur,बेलगरा,Belagra,belagra,
bikapur-1227,bikapur,बेदापुर,Bedapur,bedapur,
bikapur-1228,bikapur,बेनीपुर,Benipur,benipur,
bikapur-1229,bikapur,बैसूपाली,Baisupali,baisupali,
bikapur-1230,bikapur,बैदौली,Baidauli,baidauli,
bikapur-1231,bikapur,बैंतीकला,Baintikala,baintikala,
bikapur-1232,bikapur,बोदहरी,Bodahri,bodahri,
bikapur-1233,bikapur,भदारखुर्दबुजुर्ग,Bhadarkhurdabujurg,bhadarkhurdabujurg,
bikapur-1234,bikapur,भगवानपुर,Bhagwanpur,bhagwanpur,
bikapur-1235,bikapur,भदेसर,Bhadesar,bhadesar,
bikapur-1236,bikapur,भवनाथपुर,Bhavnathpur,bhavnathpur,
bikapur-1237,bikapur,भरहूखाता,Bharhukhata,bharhukhata,
bikapur-1238,bikapur,भावापुर,Bhawapur,bhawapur,
bikapur-1239,bikapur,भिटौरा,Bhitaura,bhitaura-1239,
bikapur-1240,bikapur,भिटौरा,Bhitaura,bhitaura-1240,
bikapur-1241,bikapur,भीखीपुरझलिहा,Bhikhipurajhliha,bhikhipurajhliha,
bikapur-1242,bikapur,भीखीसराय,Bhikhisray,bhikhisray,
bikapur-1243,bikapur,भुलईपुरनिधियावां,Bhulaipurnidhiyawan,bhulaipurnidhiyawan,
bikapur-1244,bikapur,भैसौली,Bhaisauli,bhaisauli,
bikapur-1245,bikapur,भैरवपुरटिकरा,Bhairavpurtikra,bhairavpurtikra,
bikapur-1246,bikapur,भोपाडुहिया,Bhopaduhiya,bhopaduhiya,
bikapur-1247,bikapur,मऊ,Mau,mau,
bikapur-1248,bikapur,मटौना,Matauna,matauna,
bikapur-1249,bikapur,मनऊपुर,Manaupur,manaupur,
bikapur-1250,bikapur,मलावन,Malawan,malawan,
bikapur-1251,bikapur,महादेवा,Mahadewa,mahadewa,
bikapur-1252,bikapur,महोलिया,Maholiya,maholiya,
bikapur-1253,bikapur,महावॉ,Mahawo,mahawo,
bikapur-1254,bikapur,मलेथूकनक,Malethuknak,malethuknak,
bikapur-1255,bikapur,मजरूद्दीनपुर,Majruddinpur,majruddinpur,
bikapur-1256,bikapur,मदसूदनपुर,Madsudanpur,madsudanpur,
bikapur-1257,bikapur,महरईमोहम्मदपुर,Mahraimohammadpur,mahraimohammadpur,
bikapur-1258,bikapur,मरूईसहायसिंह,Maruishaysinh,maruishaysinh,
bikapur-1259,bikapur,मलिकपुर,Malikpur,malikpur,
bikapur-1260,bikapur,माझासोनौरा,Majhasonaura,majhasonaura,
bikapur-1261,bikapur,मानापुर,Manapur,manapur,
bikapur-1262,bikapur,माहनमऊ,Mahanmau,mahanmau,
bikapur-1263,bikapur,मिझौलीकिसुनदासपुर,Mijhaulikisundaspur,mijhaulikisundaspur,
bikapur-1264,bikapur,मीतनपुर,Mitanpur,mitanpur,
bikapur-1265,bikapur,मुगीसपुर,Mugispur,mugispur,
bikapur-1266,bikapur,मुकीमपुरउर्फपहाड़पुर,Mukimpuraurfapharpur,mukimpuraurfapharpur,
bikapur-1267,bikapur,मुमारिजनगर,Mumarijnagar,mumarijnagar,
bikapur-1268,bikapur,मैहरकबीरपुर,Maihrakbirpur,maihrakbirpur,
bikapur-1269,bikapur,मोहीउद्दीनपुर,Mohiuddinpur,mohiuddinpur,
bikapur-1270,bikapur,मोहम्मदपुर,Mohammadpur,mohammadpur,
bikapur-1271,bikapur,मौरावां,Maurawan,maurawan,
bikapur-1272,bikapur,मंगारी,Mangari,mangari,
bikapur-1273,bikapur,यादवपुर,Yadavpur,yadavpur,
bikapur-1274,bikapur,रसवादा,Raswada,raswada,
bikapur-1275,bikapur,रण्डौलीपालीपश्चिम,Randaulipalipashchim,randaulipalipashchim,
bikapur-1276,bikapur,रतनपुरतेन्दुआ,Ratanpurtendua,ratanpurtendua,
bikapur-1277,bikapur,रजौरा,Rajaura,rajaura,
bikapur-1278,bikapur,रजौरामु0टिकरी,Rajauramu0tikri,rajauramu0tikri,
bikapur-1279,bikapur,रसूलपुरमीरा,Rasulpurmira,rasulpurmira,
bikapur-1280,bikapur,रसूलपुरआ0सुल्तानपुर,Rasulpuraa0sultanpur,rasulpuraa0sultanpur,
bikapur-1281,bikapur,रमईपुर,Ramaipur,ramaipur,
bikapur-1282,bikapur,रखौना,Rakhauna,rakhauna,
bikapur-1283,bikapur,रहेठ,Raheth,raheth,
bikapur-1284,bikapur,रसुलहा,Rasulha,rasulha,
bikapur-1285,bikapur,रमवाकला,Ramwakala,ramwakala,
bikapur-1286,bikapur,रामनगर,Ramnagar,ramnagar,
bikapur-1287,bikapur,रामदासपुर,Ramdaspur,ramdaspur,
bikapur-1288,bikapur,राजेपुरचकिया,Rajepurachkiya,rajepurachkiya,
bikapur-1289,bikapur,रामदासपुरमझौली,Ramdaspuramjhauli,ramdaspuramjhauli,
bikapur-1290,bikapur,रामपुरभगन,Rampurabhgan,rampurabhgan,
bikapur-1291,bikapur,रामपुरपरेई,Rampuraprei,rampuraprei,
bikapur-1292,bikapur,रामपुरप्रताप,Rampurapratap,rampurapratap,
bikapur-1293,bikapur,रामपुरअहिरौली,Rampuraahirauli,rampuraahirauli,
bikapur-1294,bikapur,रूरूखास,Rurukhas,rurukhas,
bikapur-1295,bikapur,रूसियामाफी,Rusiyamafi,rusiyamafi,
bikapur-1296,bikapur,रूपीपुरबझना,Rupipurbajhna,rupipurbajhna,
bikapur-1297,bikapur,रूरूपट्टीविशेषर,Rurupattivisheshar,rurupattivisheshar,
bikapur-1298,bikapur,रेवरी,Revri,revri,
bikapur-1299,bikapur,रौहारी,Rauhari,rauhari,
bikapur-1300,bikapur,लक्ष्मनपुरग्रण्ट,Lakshmanpuragrant,lakshmanpuragrant,
bikapur-1301,bikapur,लुत्फाबादबछौली,Lutfabadabchhauli,lutfabadabchhauli,
bikapur-1302,bikapur,समदा,Samda,samda,
bikapur-1303,bikapur,सहसीपुर,Sahsipur,sahsipur,
bikapur-1304,bikapur,सरायसागर,Saraysagar,saraysagar,
bikapur-1305,bikapur,सरायगौतम,Saraygautam,saraygautam,
bikapur-1306,bikapur,सरायमनोधर,Sarayamnodhar,sarayamnodhar,
bikapur-1307,bikapur,सरसवां,Saraswan,saraswan,
bikapur-1308,bikapur,सतना,Satna,satna,
bikapur-1309,bikapur,सहावॉ,Sahawo,sahawo,
bikapur-1310,bikapur,सरेसर,Saresar,saresar,
bikapur-1311,bikapur,सहजपुर,Sahajpur,sahajpur,
bikapur-1312,bikapur,सरवनपुर,Sarwanpur,sarwanpur,
bikapur-1313,bikapur,सरायसूरा,Saraysura,saraysura,
bikapur-1314,bikapur,सरायखरगी,Saraykhargi,saraykhargi,
bikapur-1315,bikapur,सरायशेखमहमूद,Sarayshekhmahmud,sarayshekhmahmud,
bikapur-1316,bikapur,सरायभनौली,Sarayabhnauli,sarayabhnauli,
bikapur-1317,bikapur,सरायरघुनाथ,Sarayarghunath,sarayarghunath,
bikapur-1318,bikapur,सागरपुर,Sagarpur,sagarpur,
bikapur-1319,bikapur,साल्हीपुर,Salhipur,salhipur,
bikapur-1320,bikapur,सिरसा,Sirsa,sirsa,
bikapur-1321,bikapur,सिहोरिया,Sihoriya,sihoriya,
bikapur-1322,bikapur,सींका,Sinka,sinka,
bikapur-1323,bikapur,सीहीपुर,Sihipur,sihipur,
bikapur-1324,bikapur,सुखनावां,Sukhnawan,sukhnawan,
bikapur-1325,bikapur,सूल्हेपुर,Sulhepur,sulhepur,
bikapur-1326,bikapur,सेमरा,Semra,semra,
bikapur-1327,bikapur,सेमरीबल्लीपुर,Semriballipur,semriballipur,
bikapur-1328,bikapur,सैनपुर,Sainpur,sainpur,
bikapur-1329,bikapur,सोहवलसलोनी,Sohavlasloni,sohavlasloni,
bikapur-1330,bikapur,सोनवरसामाफी,Sonwarsamafi,sonwarsamafi,
bikapur-1331,bikapur,सोनवरसामुसलमीन,Sonwarsamusalmin,sonwarsamusalmin,
bikapur-1332,bikapur,सोनखरी,Sonakhri,sonakhri,
bikapur-1333,bikapur,सोनौरागाऊपुर,Sonauragaupur,sonauragaupur,
bikapur-1334,bikapur,संवरधीर,Sanwardhir,sanwardhir,
bikapur-1335,bikapur,शहाबुद्दीनपुर,Shahabuddinpur,shahabuddinpur,
bikapur-1336,bikapur,शफीपुर,Shafipur,shafipur,
bikapur-1337,bikapur,शाहापारा,Shahapara,shahapara,
bikapur-1338,bikapur,शिवतर,Shivtar,shivtar,
bikapur-1339,bikapur,शिवरामपुर,Shivrampur,shivrampur,
bikapur-1340,bikapur,शेरपुर,Sherpur,sherpur,
bikapur-1341,bikapur,शेरपुरपारा,Sherpurpara,sherpurpara,
bikapur-1342,bikapur,शंकरपुर,Shankarpur,shankarpur,
bikapur-1343,bikapur,हथिगो,Hathigo,hathigo,
bikapur-1344,bikapur,हल्लेद्वारिकापुर,Halledwarikapur,halledwarikapur,
bikapur-1345,bikapur,हरिबंशपुर,Haribanshpur,haribanshpur,
bikapur-1346,bikapur,हरिहरपुर,Hariharpur,hariharpur,
bikapur-1347,bikapur,हरिनाथपुर,Harinathpur,harinathpur,
bikapur-1348,bikapur,हरिदासपुर,Haridaspur,haridaspur,
bikapur-1349,bikapur,हुसेनपुर,Husenpur,husenpur,
bikapur-1350,bikapur,हैदरगंज,Haidarganj,haidarganj,
bikapur-1351,bikapur,हृदयीपुर,Hridyipur,hridyipur,
milkipur-1001,milkipur,अंजरौली,Anjrauli,anjrauli,
milkipur-1002,milkipur,अखयपुर,Akhaypur,akhaypur,
milkipur-1003,milkipur,अस्थना,Asthana,asthana,
milkipur-1004,milkipur,अगरवा,Agarwa,agarwa,
milkipur-1005,milkipur,अलीपुर खजुरी,Alipur Khajuri,alipur-khajuri,
milkipur-1006,milkipur,अधियौना,Adhiyauna,adhiyauna,
milkipur-1007,milkipur,अधियारी,Adhiyari,adhiyari,
milkipur-1008,milkipur,अहरनसुवंश,Ahransuwansh,ahransuwansh,
milkipur-1009,milkipur,आदिलपुर,Adilpur,adilpur,
milkipur-1010,milkipur,अछोरा,Achhora,achhora,
milkipur-1011,milkipur,अमावाछीटन,Amawachhitan,amawachhitan,
milkipur-1012,milkipur,अकमा,Akma,akma,
milkipur-1013,milkipur,अमरहर,Amarhar,amarhar,
milkipur-1014,milkipur,ओरवा,Orwa,orwa,
milkipur-1015,milkipur,अमावांसूफी,Amawansufi,amawansufi,
milkipur-1016,milkipur,अल्लापुर,Allapur,allapur,
milkipur-1017,milkipur,अटेसर,Atesar,atesar,
milkipur-1018,milkipur,अरमारूपीपुर,Armarupipur,armarupipur,
milkipur-1019,milkipur,अहिरौली सलोनी,Ahirauli Saloni,ahirauli-saloni,
milkipur-1020,milkipur,अड़बड़ सरैया,Arbar Saraiya,arbar-saraiya,
milkipur-1021,milkipur,ईटगांव,Itganv,itganv,
milkipur-1022,milkipur,इनायतनगर,Inayatnagar,inayatnagar,
milkipur-1023,milkipur,इसौली भारी,Isauli Bhari,isauli-bhari,
milkipur-1024,milkipur,इमामगंज,Imamganj,imamganj,
milkipur-1025,milkipur,इदिलपुर,Idilpur,idilpur,
milkipur-1026,milkipur,इछोई,Ichhoi,ichhoi,
milkipur-1027,milkipur,इब्राहिमपुर,Ibrahimpur,ibrahimpur,
milkipur-1028,milkipur,इटौजा,Itauja,itauja,
milkipur-1029,milkipur,उधुई,Udhui,udhui,
milkipur-1030,milkipur,उरूवा वैश्य,Uruwa Vaishy,uruwa-vaishy,
milkipur-1031,milkipur,उघरनपुर,Ughranpur,ughranpur,
milkipur-1032,milkipur,उछाहपाली,Uchhahpali,uchhahpali,
milkipur-1033,milkipur,उपाध्यायपुर,Upadhyaypur,upadhyaypur,
milkipur-1034,milkipur,कुन्धनाखुर्द,Kundhanakhurd,kundhanakhurd,
milkipur-1035,milkipur,कलन्दरपुर,Kalandarpur,kalandarpur,
milkipur-1036,milkipur,किनौली,Kinauli,kinauli,
milkipur-1037,milkipur,कुम्भी,Kumbhi,kumbhi,
milkipur-1038,milkipur,कीन्हुपुर,Kinhupur,kinhupur,
milkipur-1039,milkipur,कहुवा,Kahuwa,kahuwa,
milkipur-1040,milkipur,कुरावन,Kurawan,kurawan,
milkipur-1041,milkipur,कदनपुर,Kadanpur,kadanpur,
milkipur-1042,milkipur,केशवपुर चिलबिली,Keshavpur Chilbili,keshavpur-chilbili,
milkipur-1043,milkipur,कल्याणपुर केवटानी,Kalyanpur Kevtani,kalyanpur-kevtani,
milkipur-1044,milkipur,कौराह,Kaurah,kaurah,
milkipur-1045,milkipur,कटघरा,Kataghra,kataghra,
milkipur-1046,milkipur,कटैया बालम,Kataiya Balam,kataiya-balam,
milkipur-1047,milkipur,कंजी,Kanji,kanji,
milkipur-1048,milkipur,कुन्दुर्खाकला,Kundurkhakala,kundurkhakala,
milkipur-1049,milkipur,कोटिया,Kotiya,kotiya,
milkipur-1050,milkipur,कोटडीह,Kotdih,kotdih,
milkipur-1051,milkipur,कुचेरा,Kuchera,kuchera,
milkipur-1052,milkipur,करमडांडा(चमनगंज),Karamdanda(Chamanganj),karamdanda-chamanganj,
milkipur-1053,milkipur,कन्दई कला,Kandai Kala,kandai-kala,
milkipur-1054,milkipur,कटैया भादी,Kataiya Bhadi,kataiya-bhadi,
milkipur-1055,milkipur,किठावा,Kithawa,kithawa,
milkipur-1056,milkipur,खजुरी मिर्जापुर,Khajuri Mirjapur,khajuri-mirjapur,
milkipur-1057,milkipur,खरियौना,Khariyauna,khariyauna,
milkipur-1058,milkipur,खजुरी आ0 सुल्तानपुर,Khajuri A0 Sultanpur,khajuri-a0-sultanpur,
milkipur-1059,milkipur,खड़भड़िया,Kharabhriya,kharabhriya,
milkipur-1060,milkipur,खण्डासा,Khandasa,khandasa,
milkipur-1061,milkipur,खिहारन,Khiharan,khiharan,
milkipur-1062,milkipur,खड़सेपुर,Kharsepur,kharsepur,
milkipur-1063,milkipur,खानपुर,Khanpur,khanpur,
milkipur-1064,milkipur,गोकुला,Gokula,gokula,
milkipur-1065,milkipur,गढ़ा,Garha,garha,
milkipur-1066,milkipur,गोरवा,Gorwa,gorwa,
milkipur-1067,milkipur,गयासुद्दीनपुर,Gayasuddinpur,gayasuddinpur,
milkipur-1068,milkipur,गनेशपुर,Ganeshpur,ganeshpur,
milkipur-1069,milkipur,गोइड़ी,Goiri,goiri,
milkipur-1070,milkipur,गड़ौली,Garauli,garauli,
milkipur-1071,milkipur,गौहनिया,Gauhniya,gauhniya,
milkipur-1072,milkipur,गहनाग,Gahnag,gahnag,
milkipur-1073,milkipur,गंगासराय,Gangasray,gangasray,
milkipur-1074,milkipur,गोठवारा,Gothwara,gothwara,
milkipur-1075,milkipur,गुरौली फत्तेसिंह,Gurauli Fattesinh,gurauli-fattesinh,
milkipur-1076,milkipur,गद्दौपुर,Gaddaupur,gaddaupur,
milkipur-1077,milkipur,गुजरामऊ,Gujramau,gujramau,
milkipur-1078,milkipur,गिरधरामऊ,Giradhramau,giradhramau,
milkipur-1079,milkipur,गौहन्ना कानूनगो,Gauhanna Kanungo,gauhanna-kanungo,
milkipur-1080,milkipur,घाटमपुर,Ghatampur,ghatampur,
milkipur-1081,milkipur,घोड़वल,Ghorwal,ghorwal,
milkipur-1082,milkipur,घुरेहटा,Ghurehta,ghurehta,
milkipur-1083,milkipur,घटौली,Ghatauli,ghatauli,
milkipur-1084,milkipur,चिरौली,Chirauli,chirauli,
milkipur-1085,milkipur,चकवारा,Chakwara,chakwara,
milkipur-1086,milkipur,चकनथा,Chakantha,chakantha,
milkipur-1087,milkipur,चन्दौरा,Chandaura,chandaura,
milkipur-1088,milkipur,चमरूपुर,Chamrupur,chamrupur,
milkipur-1089,milkipur,चितौरा,Chitaura,chitaura,
milkipur-1090,milkipur,चिखड़ी,Chikhri,chikhri,
milkipur-1091,milkipur,चमैला,Chamaila,chamaila,
milkipur-1092,milkipur,चौधरीपुर,Chaudhripur,chaudhripur,
milkipur-1093,milkipur,छिवली,Chhivli,chhivli,
milkipur-1094,milkipur,जोरियम,Joriyam,joriyam,
milkipur-1095,milkipur,जिगनाही,Jignahi,jignahi,
milkipur-1096,milkipur,जगदीशपुर,Jagdishpur,jagdishpur,
milkipur-1097,milkipur,जाफरनगर,Jafarnagar,jafarnagar,
milkipur-1098,milkipur,जयराजपुर,Jayrajpur,jayrajpur,
milkipur-1099,milkipur,जगन्नाथपुर,Jagannathpur,jagannathpur,
milkipur-1100,milkipur,जमुवा,Jamuwa,jamuwa,
milkipur-1101,milkipur,जाखा,Jakha,jakha,
milkipur-1102,milkipur,झबरा,Jhabra,jhabra,
milkipur-1103,milkipur,टिकरा,Tikra,tikra,
milkipur-1104,milkipur,टण्डवा,Tandawa,tandawa,
milkipur-1105,milkipur,टकसरा,Takasra,takasra,
milkipur-1106,milkipur,टोडरपुर,Todarpur,todarpur,
milkipur-1107,milkipur,टिकटी,Tikti,tikti,
milkipur-1108,milkipur,डीलीगिरधर,Diligirdhar,diligirdhar,
milkipur-1109,milkipur,डीहभरथी,Dihbharthi,dihbharthi,
milkipur-1110,milkipur,डफलपुर,Dafalpur,dafalpur,
milkipur-1111,milkipur,डूड़ी,Duri,duri,
milkipur-1112,milkipur,डीलीसरैया,Dilisraiya,dilisraiya,
milkipur-1113,milkipur,डोभियारा,Dobhiyara,dobhiyara,
milkipur-1114,milkipur,डीहपुरे बीरबल,Dihpure Birbal,dihpure-birbal,
milkipur-1115,milkipur,ढोली आसकरन,Dholi Asakran,dholi-asakran,
milkipur-1116,milkipur,तारडीह उर्फ तरौली,Tardih Urf Tarauli,tardih-urf-tarauli,
milkipur-1117,milkipur,ताजपुर,Tajpur,tajpur,
milkipur-1118,milkipur,तिन्दौली,Tindauli,tindauli,
milkipur-1119,milkipur,तालढोली,Taldholi,taldholi,
milkipur-1120,milkipur,तुलापुर,Tulapur,tulapur,
milkipur-1121,milkipur,तेन्धा,Tendha,tendha,
milkipur-1122,milkipur,तरमा,Tarma,tarma,
milkipur-1123,milkipur,थमोली भंजन,Thamoli Bhanjan,thamoli-bhanjan,
milkipur-1124,milkipur,दसौली,Dasauli,dasauli,
milkipur-1125,milkipur,देवगीरि,Devgiri,devgiri,
milkipur-1126,milkipur,देवगांव,Devganv,devganv,
milkipur-1127,milkipur,देवनपारा,Dewanpara,dewanpara,
milkipur-1128,milkipur,देवरिया(बारून),Devriya(Barun),devriya-barun,
milkipur-1129,milkipur,देवरा,Devra,devra,
milkipur-1130,milkipur,धनथुवा,Dhanthuwa,dhanthuwa,
milkipur-1131,milkipur,धमथुवा,Dhamthuwa,dhamthuwa,
milkipur-1132,milkipur,धनैचा,Dhanaicha,dhanaicha,
milkipur-1133,milkipur,धौरहरा कालीचरन,Dhaurahra Kalichran,dhaurahra-kalichran,
milkipur-1134,milkipur,धौरहरा मुकन्दहा,Dhaurahra Mukandaha,dhaurahra-mukandaha,
milkipur-1135,milkipur,धरौली,Dharauli,dharauli,
milkipur-1136,milkipur,नरेन्द्राभादा,Narendrabhada,narendrabhada,
milkipur-1137,milkipur,निमड़ी,Nimri,nimri,
milkipur-1138,milkipur,नेवली,Nevli,nevli,
milkipur-1139,milkipur,नन्दौली,Nandauli,nandauli,
milkipur-1140,milkipur,नवगवॉ,Nawagwo,nawagwo,
milkipur-1141,milkipur,नागीपुर,Nagipur,nagipur,
milkipur-1142,milkipur,नरसड़ा,Narasra,narasra,
milkipur-1143,milkipur,नियामतपुर,Niyamatpur,niyamatpur,
milkipur-1144,milkipur,परसवाँ,Paraswan,paraswan,
milkipur-1145,milkipur,परसपुर सथरा,Paraspur Sathra,paraspur-sathra,
milkipur-1146,milkipur,पाराताजपुर,Paratajpur,paratajpur,
milkipur-1147,milkipur,पलिया लोहानी,Paliya Lohani,paliya-lohani,
milkipur-1148,milkipur,पाराखानी,Parakhani,parakhani,
milkipur-1149,milkipur,पलिया प्रतापशाह,Paliya Pratapshah,paliya-pratapshah,
milkipur-1150,milkipur,पाराधनथुवा,Paradhanthuwa,paradhanthuwa,
milkipur-1151,milkipur,पूरावली,Puravli,puravli,
milkipur-1152,milkipur,पुरा उर्फ सुमेरपुर,Pura Urf Sumerpur,pura-urf-sumerpur,
milkipur-1153,milkipur,पण्डोकिया,Pandokiya,pandokiya,
milkipur-1154,milkipur,परसौली मु0 भिटौरा,Parsauli Mu0 Bhitaura,parsauli-mu0-bhitaura,
milkipur-1155,milkipur,पारा ब्रम्हनान,Para Bramhanan,para-bramhanan,
milkipur-1156,milkipur,पूरबगांव,Purabganv,purabganv,
milkipur-1157,milkipur,पिठला,Pithla,pithla,
milkipur-1158,milkipur,पूरे लाल खॉ,Pure Lal Kho,pure-lal-kho,
milkipur-1159,milkipur,पाकड़पुर,Pakarpur,pakarpur,
milkipur-1160,milkipur,पूरा सिधारी,Pura Sidhari,pura-sidhari,
milkipur-1161,milkipur,पालपुर(तुरसमपुर),Palpur(Tursampur),palpur-tursampur,
milkipur-1162,milkipur,पलियामाफी,Paliyamafi,paliyamafi,
milkipur-1163,milkipur,पलिया मु0 कुचेरा,Paliya Mu0 Kuchera,paliya-mu0-kuchera,
milkipur-1164,milkipur,बसावा मु0 मेहदौना,Basawa Mu0 Mehdauna,basawa-mu0-mehdauna,
milkipur-1165,milkipur,बसावा मु0 ईटगांव,Basawa Mu0 Itganv,basawa-mu0-itganv,
milkipur-1166,milkipur,बरिया निसारू,Bariya Nisaru,bariya-nisaru,
milkipur-1167,milkipur,बिसाही,Bisahi,bisahi,
milkipur-1168,milkipur,बरियारपुर,Bariyarpur,bariyarpur,
milkipur-1169,milkipur,बसवार खुर्द,Baswar Khurd,baswar-khurd,
milkipur-1170,milkipur,बसवार बुजुर्ग,Baswar Bujurg,baswar-bujurg,
milkipur-1171,milkipur,बवॉं,Bawon,bawon,
milkipur-1172,milkipur,बलारमऊ,Balarmau,balarmau,
milkipur-1173,milkipur,बिजैनपुर,Bijainpur,bijainpur,
milkipur-1174,milkipur,बरईपारा,Baraipara,baraipara,
milkipur-1175,milkipur,बरौली,Barauli,barauli,
milkipur-1176,milkipur,बहबरमऊ,Bahbarmau,bahbarmau,
milkipur-1177,milkipur,बकचुना,Bakchuna,bakchuna,
milkipur-1178,milkipur,बघौड़ा,Baghaura,baghaura,
milkipur-1179,milkipur,बकौली,Bakauli,bakauli,
milkipur-1180,milkipur,बोड़ेपुर,Borepur,borepur,
milkipur-1181,milkipur,बरडाडा,Bardada,bardada,
milkipur-1182,milkipur,बरियादेई,Bariyadei,bariyadei,
milkipur-1183,milkipur,बीराभारी,Birabhari,birabhari,
milkipur-1184,milkipur,विनायकपुर,Vinayakpur,vinayakpur,
milkipur-1185,milkipur,बिरौली झाम,Birauli Jham,birauli-jham,
milkipur-1186,milkipur,भागीपुर,Bhagipur,bhagipur,
milkipur-1187,milkipur,भिटारी,Bhitari,bhitari,
milkipur-1188,milkipur,भाउपुर,Bhaupur,bhaupur,
milkipur-1189,milkipur,भटौली,Bhatauli,bhatauli,
milkipur-1190,milkipur,भटपुरा गोपाल,Bhatpura Gopal,bhatpura-gopal,
milkipur-1191,milkipur,भवननगर,Bhawannagar,bhawannagar,
milkipur-1192,milkipur,भखौली,Bhakhauli,bhakhauli,
milkipur-1193,milkipur,भीखी का पुरा,Bhikhi Ka Pura,bhikhi-ka-pura,
milkipur-1194,milkipur,भदोखरा,Bhadokhra,bhadokhra,
milkipur-1195,milkipur,भरतपुर,Bharatpur,bharatpur,
milkipur-1196,milkipur,भटपुरा जगन्नाथ,Bhatpura Jagannath,bhatpura-jagannath,
milkipur-1197,milkipur,मरूई गनेशपुर,Marui Ganeshpur,marui-ganeshpur,
milkipur-1198,milkipur,मिल्कीपुर,Milkipur,milkipur,
milkipur-1199,milkipur,मवईकला,Mawaikala,mawaikala,
milkipur-1200,milkipur,मवई खुर्द,Mawai Khurd,mawai-khurd,
milkipur-1201,milkipur,मुंगीशपुर,Mungishpur,mungishpur,
milkipur-1202,milkipur,मोहनवां,Mohanwan,mohanwan,
milkipur-1203,milkipur,मलेथू खुर्द,Malethu Khurd,malethu-khurd,
milkipur-1204,milkipur,मजनाई,Majnai,majnai,
milkipur-1205,milkipur,मुबारकपुर,Mubarakpur,mubarakpur,
milkipur-1206,milkipur,मऊ धनश्यामपुर,Mau Dhanashyampur,mau-dhanashyampur,
milkipur-1207,milkipur,मितौरा,Mitaura,mitaura,
milkipur-1208,milkipur,मेवापुरमु0रसूलपुरलिलहा,Mewapurmu0rasulpurlilha,mewapurmu0rasulpurlilha,
milkipur-1209,milkipur,माझगांव,Majhganv,majhganv,
milkipur-1210,milkipur,मेवापुर मु0 देवगांव,Mewapur Mu0 Devganv,mewapur-mu0-devganv,
milkipur-1211,milkipur,मोहम्मदपुर(अमानीगंज),Mohammadpur(Amaniganj),mohammadpur-amaniganj,
milkipur-1212,milkipur,महुँवा,Mahunwa,mahunwa,
milkipur-1213,milkipur,मानूडीह,Manudih,manudih,
milkipur-1214,milkipur,मंझनपुर (अमरगंज),Manjhanpur (Amarganj),manjhanpur-amarganj,
milkipur-1215,milkipur,मुबारकपुर उमरनी,Mubarakpur Umarni,mubarakpur-umarni,
milkipur-1216,milkipur,मीठेगांव,Mitheganv,mitheganv,
milkipur-1217,milkipur,मदरिया,Madriya,madriya,
milkipur-1218,milkipur,मरेमा,Marema,marema,
milkipur-1219,milkipur,महुलारा,Mahulara,mahulara,
milkipur-1220,milkipur,मसेढ़ा,Maserha,maserha,
milkipur-1221,milkipur,मिश्रौली,Mishrauli,mishrauli,
milkipur-1222,milkipur,मेहदौना,Mehdauna,mehdauna,
milkipur-1223,milkipur,मोहली,Mohli,mohli,
milkipur-1224,milkipur,मलेथू बुजुर्ग,Malethu Bujurg,malethu-bujurg,
milkipur-1225,milkipur,रामपुर फकीरे,Rampur Fakire,rampur-fakire,
milkipur-1226,milkipur,रनापुर,Ranapur,ranapur,
milkipur-1227,milkipur,रेवना,Revna,revna,
milkipur-1228,milkipur,रौना,Rauna,rauna,
milkipur-1229,milkipur,रामपुर जोहन,Rampur Johan,rampur-johan,
milkipur-1230,milkipur,रानिकपुर,Ranikpur,ranikpur,
milkipur-1231,milkipur,रसूलपुर लिलहा,Rasulpur Lilha,rasulpur-lilha,
milkipur-1232,milkipur,रौतावा,Rautawa,rautawa,
milkipur-1233,milkipur,रायपट्टी,Raypatti,raypatti,
milkipur-1234,milkipur,रजऊपुर,Rajaupur,rajaupur,
milkipur-1235,milkipur,रमपुरवा,Rampurwa,rampurwa,
milkipur-1236,milkipur,रसूलपुरमु0मीठेगांव,Rasulpurmu0mitheganv,rasulpurmu0mitheganv,
milkipur-1237,milkipur,रामपुर गौहनियां,Rampur Gauhniyan,rampur-gauhniyan,
milkipur-1238,milkipur,रेवली,Revli,revli,
milkipur-1239,milkipur,सतनापुर,Satnapur,satnapur,
milkipur-1240,milkipur,सफदर भारी,Safdar Bhari,safdar-bhari,
milkipur-1241,milkipur,सोनहर छेदी,Sonhar Chhedi,sonhar-chhedi,
milkipur-1242,milkipur,सोनहर गनपत,Sonhar Ganpat,sonhar-ganpat,
milkipur-1243,milkipur,सहजनमऊ,Sahjanmau,sahjanmau,
milkipur-1244,milkipur,सरौली,Sarauli,sarauli,
milkipur-1245,milkipur,सुरवारा,Surwara,surwara,
milkipur-1246,milkipur,सरायनामू,Saraynamu,saraynamu,
milkipur-1247,milkipur,सारी चुमना,Sari Chumna,sari-chumna,
milkipur-1248,milkipur,सोधियावा,Sodhiyawa,sodhiyawa,
milkipur-1249,milkipur,सिड़सिड़,Sirsir,sirsir,
milkipur-1250,milkipur,सोनस,Sonas,sonas,
milkipur-1251,milkipur,सेवरा,Sevra,sevra,
milkipur-1252,milkipur,सरियावां,Sariyawan,sariyawan,
milkipur-1253,milkipur,सहुलारा,Sahulara,sahulara,
milkipur-1254,milkipur,सैदखानपुर,Saidkhanpur,saidkhanpur,
milkipur-1255,milkipur,सराय मजरा,Saray Majra,saray-majra,
milkipur-1256,milkipur,सिधौना,Sidhauna,sidhauna,
milkipur-1257,milkipur,सेमरा मु0 चिखड़ी,Semra Mu0 Chikhri,semra-mu0-chikhri,
milkipur-1258,milkipur,सागर पट्टी पंधिला,Sagar Patti Pandhila,sagar-patti-pandhila,
milkipur-1259,milkipur,सोनबरसा,Sonbarsa,sonbarsa,
milkipur-1260,milkipur,सोनबरसा मु0 चमैला,Sonbarsa Mu0 Chamaila,sonbarsa-mu0-chamaila,
milkipur-1261,milkipur,सेंधूतारा,Sendhutara,sendhutara,
milkipur-1262,milkipur,सहसेपुर,Sahsepur,sahsepur,
milkipur-1263,milkipur,सुल्तानपुर,Sultanpur,sultanpur,
milkipur-1264,milkipur,सराय हेमराज,Saray Hemraj,saray-hemraj,
milkipur-1265,milkipur,सरूरपुर,Sarurpur,sarurpur,
milkipur-1266,milkipur,सराय धनेठी,Saray Dhanethi,saray-dhanethi,
milkipur-1267,milkipur,सिंधौरा,Sindhaura,sindhaura,
milkipur-1268,milkipur,श्रवनपुर,Shrawanpur,shrawanpur,
milkipur-1269,milkipur,शिवदासपुर ग्रन्ट,Shivdaspur Grant,shivdaspur-grant,
milkipur-1270,milkipur,शेखनपुर,Shekhanpur,shekhanpur,
milkipur-1271,milkipur,शुकुलपुर,Shukulpur,shukulpur,
milkipur-1272,milkipur,शाहवाबाद ग्रन्ट,Shahwabad Grant,shahwabad-grant,
milkipur-1273,milkipur,शिवनाथपुर,Shivnathpur,shivnathpur,
milkipur-1274,milkipur,हरदोइया,Hardoiya,hardoiya,
milkipur-1275,milkipur,हूसेपुर,Husepur,husepur,
milkipur-1276,milkipur,हरीरामपुर,Harirampur,harirampur,
milkipur-1277,milkipur,हैबतपुर,Haibatpur,haibatpur,
milkipur-1278,milkipur,हरखपुर,Harakhpur,harakhpur,
milkipur-1279,milkipur,हरिनाथपुर,Harinathpur,harinathpur,
milkipur-1280,milkipur,हिसामुद्दीनपुर,Hisamuddinpur,hisamuddinpur,
rudauli-0001,rudauli,अकबरगंज,Akbarganj,akbarganj,
rudauli-0002,rudauli,अब्बासी,Abbasi,abbasi,
rudauli-1001,rudauli,अजरका,Ajarka,ajarka,
rudauli-1002,rudauli,अख्तियारपुर,Akhtiyarpur,akhtiyarpur,
rudauli-1003,rudauli,अल्हवाना,Alhawana,alhawana,
rudauli-1004,rudauli,आदिलपुर,Adilpur,adilpur,
rudauli-1005,rudauli,अहमदाबाद,Ahamdabad,ahamdabad,
rudauli-1006,rudauli,अमरौती,Amrauti,amrauti,
rudauli-1007,rudauli,आंसूमऊ,Ansumau,ansumau,
rudauli-1008,rudauli,अमराईगॉव,Amraigov,amraigov,
rudauli-1009,rudauli,अमहटा,Amahta,amahta,
rudauli-1010,rudauli,अहरौली,Ahrauli,ahrauli,
rudauli-1011,rudauli,अशरफपुरगंगरेला,Ashrafpurgangrela,ashrafpurgangrela,
rudauli-1012,rudauli,अमीरपुर,Amirpur,amirpur,
rudauli-1013,rudauli,अमौनी,Amauni,amauni,
rudauli-1014,rudauli,अशरफनगर,Ashrafnagar,ashrafnagar,
rudauli-1015,rudauli,ओहरामऊ सहजना,Ohramau Sahajna,ohramau-sahajna,
rudauli-0003,rudauli,ईदगाह,Idgah,idgah,
rudauli-1016,rudauli,इचौलिया,Ichauliya,ichauliya,
rudauli-1017,rudauli,उधरौरा,Udhraura,udhraura,
rudauli-1018,rudauli,उमापुर,Umapur,umapur,
rudauli-1019,rudauli,ऐहार,Aihar,aihar,
rudauli-1020,rudauli,ऐथर,Aithar,aithar,
rudauli-0004,rudauli,काशीपुर,Kashipur,kashipur-0004,
rudauli-0005,rudauli,कायस्थाना,Kayasthana,kayasthana,
rudauli-0006,rudauli,कटरा,Katra,katra,
rudauli-0007,rudauli,कजियाना,Kajiyana,kajiyana,
rudauli-1021,rudauli,करीमपुर,Karimpur,karimpur,
rudauli-1022,rudauli,कोपाकाप,Kopakap,kopakap,
rudauli-1023,rudauli,कूढ़ासादात,Kurhasadat,kurhasadat,
rudauli-1024,rudauli,कोलवा,Kolwa,kolwa,
rudauli-1025,rudauli,कादिरपुर,Kadirpur,kadirpur,
rudauli-1026,rudauli,कोटरा,Kotra,kotra,
rudauli-1027,rudauli,कोपेपुर,Kopepur,kopepur,
rudauli-1028,rudauli,कैथी सैलाब,Kaithi Sailab,kaithi-sailab,
rudauli-1029,rudauli,कैथी महफूज,Kaithi Mahphuj,kaithi-mahphuj,
rudauli-1030,rudauli,करौंदी,Karaundi,karaundi,
rudauli-1031,rudauli,कोन्डरा,Kondara,kondara,
rudauli-1032,rudauli,कुशहरी,Kushahri,kushahri,
rudauli-1033,rudauli,कसारी,Kasari,kasari,
rudauli-1034,rudauli,कछौली,Kachhauli,kachhauli,
rudauli-1035,rudauli,करनाईचक,Karnaichak,karnaichak,
rudauli-1036,rudauli,कस्बा रूदौली,Kasba Rudauli,kasba-rudauli,
rudauli-1037,rudauli,काशीपुर,Kashipur,kashipur-1037,
rudauli-1038,rudauli,कछिया,Kachhiya,kachhiya,
rudauli-1039,rudauli,कामापुर,Kamapur,kamapur,
rudauli-0008,rudauli,ख्वाजाहाल,Khwajahal,khwajahal,
rudauli-1040,rudauli,खैरनपुर,Khairanpur,khairanpur,
rudauli-1041,rudauli,खतीरपुर,Khatirpur,khatirpur,
rudauli-1042,rudauli,खुशका,Khushka,khushka,
rudauli-1043,rudauli,खैरी,Khairi,khairi,
rudauli-1044,rudauli,खुर्दहा,Khurdaha,khurdaha,
rudauli-1045,rudauli,खण्डपिपरा,Khandapipra,khandapipra,
rudauli-1046,rudauli,खेदीपुर,Khedipur,khedipur,
rudauli-1047,rudauli,गौरियामऊ,Gauriyamau,gauriyamau,
rudauli-1048,rudauli,गौहन्ना,Gauhanna,gauhanna,
rudauli-1049,rudauli,गुलचप्पा खुर्द,Gulchappa Khurd,gulchappa-khurd,
rudauli-1050,rudauli,गनौली,Ganauli,ganauli,
rudauli-1051,rudauli,गोगावां,Gogawan,gogawan,
rudauli-1052,rudauli,गेरौण्डा,Geraunda,geraunda,
rudauli-1053,rudauli,गजकरी,Gajakri,gajakri,
rudauli-1054,rudauli,गनेशपुर,Ganeshpur,ganeshpur,
rudauli-0009,rudauli,घोसियाना,Ghosiyana,ghosiyana,
rudauli-1055,rudauli,घोसवल,Ghoswal,ghoswal,
rudauli-1056,rudauli,चका का पूरा,Chaka Ka Pura,chaka-ka-pura,
rudauli-1057,rudauli,चकइतवारी,Chakaitwari,chakaitwari,
rudauli-1058,rudauli,चितईपुर,Chitaipur,chitaipur,
rudauli-1059,rudauli,चन्द्रामऊमंगा,Chandramaumanga,chandramaumanga,
rudauli-1060,rudauli,चन्द्रामऊबैरम,Chandramaubairam,chandramaubairam,
rudauli-1061,rudauli,चककोटवा,Chakkotwa,chakkotwa,
rudauli-1062,rudauli,जसमड़,Jasmar,jasmar,
rudauli-1063,rudauli,जलालपुर,Jalalpur,jalalpur,
rudauli-1064,rudauli,जहानपुर,Jahanpur,jahanpur,
rudauli-1065,rudauli,जैथरी,Jaithri,jaithri,
rudauli-1066,rudauli,जमदरा,Jamadra,jamadra,
rudauli-1067,rudauli,जहॉगीराबाद,Jahogirabad,jahogirabad,
rudauli-1068,rudauli,जलीलपुर,Jalilpur,jalilpur,
rudauli-1069,rudauli,जरायलखुर्द,Jarayalkhurd,jarayalkhurd,
rudauli-1070,rudauli,जमुनियामऊ,Jamuniyamau,jamuniyamau,
rudauli-1071,rudauli,जरायलकला,Jarayalkala,jarayalkala,
rudauli-1072,rudauli,जखौली,Jakhauli,jakhauli,
rudauli-1073,rudauli,जुनेदपुर,Junedpur,junedpur,
rudauli-1074,rudauli,जैसुखपुर,Jaisukhpur,jaisukhpur,
rudauli-1075,rudauli,जैनाबाद,Jainabad,jainabad,
rudauli-0010,rudauli,टेढ़ीबाजार,Terhibajar,terhibajar,
rudauli-1076,rudauli,टाण्डाखुलासा,Tandakhulasa,tandakhulasa,
rudauli-1077,rudauli,टाण्डासूफी,Tandasufi,tandasufi,
rudauli-1078,rudauli,टीकर,Tikar,tikar,
rudauli-1079,rudauli,डिलवल,Dilwal,dilwal,
rudauli-1080,rudauli,तालगॉव,Talgov,talgov,
rudauli-1081,rudauli,तेर,Ter,ter,
rudauli-1082,rudauli,दशरथमऊ,Dashrathmau,dashrathmau,
rudauli-1083,rudauli,दनियालपुर,Daniyalpur,daniyalpur,
rudauli-1084,rudauli,दलसरांय,Dalasrany,dalasrany,
rudauli-1085,rudauli,दिवाली,Diwali,diwali,
rudauli-1086,rudauli,दफियापुर,Dafiyapur,dafiyapur,
rudauli-1087,rudauli,दुपहरिया,Dupahriya,dupahriya,
rudauli-1088,rudauli,दुल्लापुर,Dullapur,dullapur,
rudauli-1089,rudauli,देवइत,Dewait,dewait,
rudauli-1090,rudauli,द्वारिकापुर,Dwarikapur,dwarikapur,
rudauli-1091,rudauli,धौरहरा,Dhaurahra,dhaurahra,
rudauli-1092,rudauli,धनौली,Dhanauli,dhanauli,
rudauli-0011,rudauli,नरियापार,Nariyapar,nariyapar,
rudauli-0012,rudauli,नयागंज,Nayaganj,nayaganj,
rudauli-1093,rudauli,नरौली,Narauli,narauli,
rudauli-1094,rudauli,नेवाजपुर,Newajpur,newajpur-1094,
rudauli-1095,rudauli,न्योती,Nyoti,nyoti,
rudauli-1096,rudauli,नैपुरा,Naipura,naipura,
rudauli-1097,rudauli,नेवाजपुर,Newajpur,newajpur-1097,
rudauli-1098,rudauli,नेवरा,Nevra,nevra,
rudauli-1099,rudauli,नगरा,Nagra,nagra,
rudauli-1100,rudauli,नूरपुर,Nurpur,nurpur,
rudauli-1101,rudauli,नौगवां,Naugwan,naugwan,
rudauli-1102,rudauli,नौरोजपुर बघेड़ी,Naurojpur Bagheri,naurojpur-bagheri,
rudauli-0013,rudauli,पूरेरसूलबक्श,Purersulbaksh,purersulbaksh,
rudauli-0014,rudauli,पूरे गुलाम मख्दूम,Pure Gulam Makhdum,pure-gulam-makhdum,
rudauli-0015,rudauli,पूरे मलिक,Pure Malik,pure-malik,
rudauli-0016,rudauli,पूरेबेलदारान,Purebeldaran,purebeldaran,
rudauli-0017,rudauli,पूरे हुसैन खां,Pure Husain Khan,pure-husain-khan,
rudauli-0018,rudauli,पूरेबहादुर बेग,Purebhadur Beg,purebhadur-beg,
rudauli-0019,rudauli,पूरेशाह हुसैन,Pureshah Husain,pureshah-husain,
rudauli-0020,rudauli,पूरेगुलाम मोहम्मद,Puregulam Mohammad,puregulam-mohammad,
rudauli-0021,rudauli,पूरे काजी,Pure Kaji,pure-kaji,
rudauli-0022,rudauli,पूरे मियां,Pure Miyan,pure-miyan,
rudauli-0023,rudauli,पुरानाकोट,Puranakot,puranakot,
rudauli-0024,rudauli,पूरेबसावन,Purebsawan,purebsawan,
rudauli-0025,rudauli,पूरे जामी,Pure Jami,pure-jami,
rudauli-0026,rudauli,पुरानाबाजार,Puranabajar,puranabajar,
rudauli-0027,rudauli,पूरेखान,Purekhan,purekhan,
rudauli-1103,rudauli,परसौली,Parsauli,parsauli,
rudauli-1104,rudauli,पस्तामाफी,Pastamafi,pastamafi,
rudauli-1105,rudauli,पुरांय,Purany,purany,
rudauli-1106,rudauli,पकरियागॉव,Pakriyagov,pakriyagov,
rudauli-1107,rudauli,पारापहाडपुर,Paraphadpur,paraphadpur,
rudauli-1108,rudauli,पूरेकलहंस,Purekalhans,purekalhans,
rudauli-1109,rudauli,पटरंगा,Patranga,patranga-1109,
rudauli-1110,rudauli,परसऊ,Parsau,parsau,
rudauli-1111,rudauli,पसैय्या,Pasaiyya,pasaiyya,
rudauli-1112,rudauli,पालपुर,Palpur,palpur,
rudauli-1113,rudauli,पचलो,Pachlo,pachlo,
rudauli-1114,rudauli,पटरंगा,Patranga,patranga-1114,
rudauli-1115,rudauli,परौली,Parauli,parauli,
rudauli-1116,rudauli,फेलसन्डा,Felsanda,felsanda,
rudauli-1117,rudauli,फगौली कुर्मियान,Fagauli Kurmiyan,fagauli-kurmiyan,
rudauli-1118,rudauli,फिरोजपुर पवारान,Firojpur Pawaran,firojpur-pawaran,
rudauli-1119,rudauli,फत्तापुर खुर्द,Fattapur Khurd,fattapur-khurd,
rudauli-1120,rudauli,फरीदपुर,Faridpur,faridpur,
rudauli-1121,rudauli,फिरोजपुर मख्दूमी,Firojpur Makhdumi,firojpur-makhdumi,
rudauli-0028,rudauli,वजीरगंज,Wajirganj,wajirganj,
rudauli-1122,rudauli,बिराहिमपुर,Birahimpur,birahimpur,
rudauli-1123,rudauli,बनमऊ,Banmau,banmau,
rudauli-1124,rudauli,बड़नपुर खुर्द,Baranpur Khurd,baranpur-khurd,
rudauli-1125,rudauli,बिचाला,Bichala,bichala,
rudauli-1126,rudauli,बनगॉवा,Bangowa,bangowa,
rudauli-1127,rudauli,बुलबुलपुर,Bulbulpur,bulbulpur,
rudauli-1128,rudauli,बहरास,Bahras,bahras,
rudauli-1129,rudauli,बिकावल,Bikawal,bikawal,
rudauli-1130,rudauli,बड़ेला,Barela,barela,
rudauli-1131,rudauli,बरावॉ,Barawo,barawo,
rudauli-1132,rudauli,बारी,Bari,bari,
rudauli-1133,rudauli,बिड़हार,Birhar,birhar,
rudauli-1134,rudauli,बिजड़ी,Bijri,bijri,
rudauli-1135,rudauli,बेतौली,Betauli,betauli,
rudauli-1136,rudauli,बरई,Barai,barai,
rudauli-1137,rudauli,वाजिदपुर,Wajidpur,wajidpur,
rudauli-1138,rudauli,बबुरीचक,Baburichak,baburichak,
rudauli-1139,rudauli,बहोरिकपुर,Bahorikpur,bahorikpur,
rudauli-1140,rudauli,बटैया,Bataiya,bataiya,
rudauli-1141,rudauli,बाबूपुर,Babupur,babupur,
rudauli-1142,rudauli,बरौली,Barauli,barauli,
rudauli-1143,rudauli,बीबीपुर,Bibipur,bibipur,
rudauli-1144,rudauli,बसौढ़ी,Basaurhi,basaurhi,
rudauli-1145,rudauli,बिहारा,Bihara,bihara,
rudauli-1146,rudauli,बनी,Bani,bani,
rudauli-1147,rudauli,बरतरा,Baratra,baratra,
rudauli-1148,rudauli,भेलसर,Bhelsar,bhelsar,
rudauli-1149,rudauli,भिटौरा,Bhitaura,bhitaura,
rudauli-1150,rudauli,भदावल,Bhadawal,bhadawal,
rudauli-1151,rudauli,भैसौली,Bhaisauli,bhaisauli,
rudauli-1152,rudauli,भौली,Bhauli,bhauli,
rudauli-1153,rudauli,भवानीपुर,Bhawanipur,bhawanipur,
rudauli-1154,rudauli,भटमऊनरायनपुर,Bhatmaunrayanpur,bhatmaunrayanpur,
rudauli-1155,rudauli,भिखारीसरॉय,Bhikharisroy,bhikharisroy,
rudauli-1156,rudauli,भानीपुर,Bhanipur,bhanipur,
rudauli-0029,rudauli,मीरापुर,Mirapur,mirapur,
rudauli-0030,rudauli,मलिकजादा,Malikjada,malikjada,
rudauli-0031,rudauli,मख्दूमजादा,Makhdumjada,makhdumjada,
rudauli-1157,rudauli,मुहामिदपुर,Muhamidpur,muhamidpur,
rudauli-1158,rudauli,मानापुर,Manapur,manapur-1158,
rudauli-1159,rudauli,मुजफ्फरपुर,Mujaffarpur,mujaffarpur,
rudauli-1160,rudauli,मानपुर,Manpur,manpur,
rudauli-1161,rudauli,ममरेजनगर,Mamrejnagar,mamrejnagar,
rudauli-1162,rudauli,मीनापुर फगौली,Minapur Fagauli,minapur-fagauli,
rudauli-1163,rudauli,मुहम्मदपुर लाल,Muhammadpur Lal,muhammadpur-lal,
rudauli-1164,rudauli,मुइनुद्दीनपुर,Muinuddinpur,muinuddinpur,
rudauli-1165,rudauli,मटौली,Matauli,matauli,
rudauli-1166,rudauli,मदारपुर,Madarpur,madarpur,
rudauli-1167,rudauli,मीरमऊ,Mirmau,mirmau,
rudauli-1168,rudauli,महमूदमऊ,Mahmudmau,mahmudmau,
rudauli-1169,rudauli,मिर्जापुर,Mirjapur,mirjapur,
rudauli-1170,rudauli,मल्लापुरा,Mallapura,mallapura,
rudauli-1171,rudauli,मीसा,Misa,misa,
rudauli-1172,rudauli,मेहनौरा,Mehnaura,mehnaura,
rudauli-1173,rudauli,मॉगी,Mogi,mogi,
rudauli-1174,rudauli,मोहम्मदपुर तराई,Mohammadpur Tarai,mohammadpur-tarai,
rudauli-1175,rudauli,मरौचा,Maraucha,maraucha,
rudauli-1176,rudauli,मुरादाबाद,Muradabad,muradabad,
rudauli-1177,rudauli,मोहम्मदपुर दाऊदपु,Mohammadpur Daudpu,mohammadpur-daudpu,
rudauli-1178,rudauli,मोहम्मदपुर खजुही,Mohammadpur Khajuhi,mohammadpur-khajuhi,
rudauli-1179,rudauli,मांजनपुर,Manjanpur,manjanpur,
rudauli-1180,rudauli,मख्दूमपुर,Makhdumpur,makhdumpur,
rudauli-1181,rudauli,मैरामऊ,Mairamau,mairamau,
rudauli-1182,rudauli,मत्थानेवादा,Matthanewada,matthanewada,
rudauli-1183,rudauli,महमूदपुर,Mahmudpur,mahmudpur,
rudauli-1184,rudauli,मवई,Mawai,mawai,
rudauli-1185,rudauli,मानापुर,Manapur,manapur-1185,
rudauli-1186,rudauli,याकूबपुर,Yakubpur,yakubpur,
rudauli-0032,rudauli,रसूलाबाद,Rasulabad,rasulabad,
rudauli-1187,rudauli,राममऊ,Rammau,rammau,
rudauli-1188,rudauli,रौजागॉव,Raujagov,raujagov,
rudauli-1189,rudauli,रजानगर,Rajanagar,rajanagar,
rudauli-1190,rudauli,रसूलपुर नेवादा,Rasulpur Newada,rasulpur-newada,
rudauli-1191,rudauli,रामसरनदासपुर,Ramasrandaspur,ramasrandaspur,
rudauli-1192,rudauli,रसूलपुर खुर्द,Rasulpur Khurd,rasulpur-khurd,
rudauli-1193,rudauli,रायपुर,Raypur,raypur,
rudauli-1194,rudauli,रजनपुर,Rajanpur,rajanpur,
rudauli-1195,rudauli,रानीमऊ,Ranimau,ranimau,
rudauli-1196,rudauli,रसीदपट्टी,Rasidpatti,rasidpatti,
rudauli-1197,rudauli,रतनपुर,Ratanpur,ratanpur,
rudauli-1198,rudauli,रामपुरजनक,Rampurajnak,rampurajnak,
rudauli-1199,rudauli,रमडीहा,Ramdiha,ramdiha,
rudauli-1200,rudauli,रेछ,Rechh,rechh,
rudauli-1201,rudauli,रहीमगंज,Rahimganj,rahimganj,
rudauli-1202,rudauli,ललुवापुर,Laluwapur,laluwapur,
rudauli-1203,rudauli,लखमीपुर,Lakhmipur,lakhmipur,
rudauli-1204,rudauli,लोधौरा,Lodhaura,lodhaura,
rudauli-1205,rudauli,लोहटीसरैंया,Lohtisrainya,lohtisrainya,
rudauli-1206,rudauli,लखनीपुर,Lakhnipur,lakhnipur,
rudauli-0033,rudauli,सोफियाना आंशिक,Sofiyana Anshik,sofiyana-anshik-0033,
rudauli-0034,rudauli,सोफियाना आंशिक,Sofiyana Anshik,sofiyana-anshik-0034,
rudauli-0035,rudauli,सालार,Salar,salar,
rudauli-0036,rudauli,सोफियाना आंशिक,Sofiyana Anshik,sofiyana-anshik-0036,
rudauli-0037,rudauli,शेखाना आंशिक,Shekhana Anshik,shekhana-anshik-0037,
rudauli-0038,rudauli,शेखाना आंशिक,Shekhana Anshik,shekhana-anshik-0038,
rudauli-0039,rudauli,संजरी,Sanjri,sanjri,
rudauli-1207,rudauli,सुलेमपुर,Sulempur,sulempur,
rudauli-1208,rudauli,शाहपुर,Shahpur,shahpur,
rudauli-1209,rudauli,शहबाजपुर,Shahbajpur,shahbajpur,
rudauli-1210,rudauli,सरॉयदौलत,Saroydaulat,saroydaulat,
rudauli-1211,rudauli,सरॉयअहमद,Saroyaahmad,saroyaahmad,
rudauli-1212,rudauli,सरॉयपीर,Saroypir,saroypir,
rudauli-1213,rudauli,सिधौना,Sidhauna,sidhauna,
rudauli-1214,rudauli,सहनी,Sahni,sahni,
rudauli-1215,rudauli,सरैठा,Saraitha,saraitha,
rudauli-1216,rudauli,सेल्हूमऊ,Selhumau,selhumau,
rudauli-1217,rudauli,शुक्लापुर,Shuklapur,shuklapur,
rudauli-1218,rudauli,सरॉयहामिद,Saroyhamid,saroyhamid,
rudauli-1219,rudauli,सरांयमंझन,Saranymanjhan,saranymanjhan,
rudauli-1220,rudauli,सरॉयमुगल,Saroymugal,saroymugal,
rudauli-1221,rudauli,सोंहसा,Sonhsa,sonhsa,
rudauli-1222,rudauli,सिपाहभट्ट,Sipahbhatt,sipahbhatt,
rudauli-1223,rudauli,सरकटिया,Saraktiya,saraktiya,
rudauli-1224,rudauli,सरांयनासिर,Saranynasir,saranynasir,
rudauli-1225,rudauli,सण्डरी,Sandari,sandari,
rudauli-1226,rudauli,संगौली,Sangauli,sangauli,
rudauli-1227,rudauli,शाहापुर,Shahapur,shahapur,
rudauli-1228,rudauli,सिठौली,Sithauli,sithauli,
rudauli-1229,rudauli,सीवन,Siwan,siwan,
rudauli-1230,rudauli,सण्डवा,Sandawa,sandawa,
rudauli-1231,rudauli,सुल्तानपुर,Sultanpur,sultanpur,
rudauli-1232,rudauli,शहबाजचक,Shahbajchak,shahbajchak,
rudauli-1233,rudauli,सुनवा,Sunwa,sunwa,
rudauli-1234,rudauli,सैमसी,Saimsi,saimsi,
rudauli-1235,rudauli,सैदपुर,Saidpur,saidpur,
rudauli-1236,rudauli,सिपहियाकोटवा,Siphiyakotwa,siphiyakotwa,
rudauli-1237,rudauli,शेरपुर,Sherpur,sherpur,
rudauli-1238,rudauli,सलारपुर,Salarpur,salarpur,
rudauli-1239,rudauli,सेवड़हरा,Sevrahra,sevrahra,
rudauli-1240,rudauli,हलीमनगर,Halimnagar,halimnagar,
rudauli-1241,rudauli,हयातनगर,Hayatnagar,hayatnagar,
rudauli-1242,rudauli,हरिहरपुर कायस्थान,Hariharpur Kayasthan,hariharpur-kayasthan,
rudauli-1243,rudauli,हरिहरपुर बलैया,Hariharpur Balaiya,hariharpur-balaiya,
rudauli-1244,rudauli,हसनामऊ,Hasnamau,hasnamau,
rudauli-1245,rudauli,होलूपुर,Holupur,holupur,
rudauli-1246,rudauli,हुनहुना,Hunhuna,hunhuna,
rudauli-1247,rudauli,हंसराजपुर,Hansrajpur,hansrajpur,
sadar-s1,sadar,अकब बजाजा,Akab Bajaja,akab-bajaja,
sadar-s2,sadar,अकब रिकाबगंज,Akab Rikabganj,akab-rikabganj,
sadar-s3,sadar,अंकवारा,Ankwara,ankwara,
sadar-s4,sadar,अंकारीपुरटा.ए.अन्दर,Ankaripurta.e.andar,ankaripurta-e-andar,
sadar-s5,sadar,अंकारीपुरटा.ए.बाहर,Ankaripurta.e.bahar,ankaripurta-e-bahar,
sadar-s6,sadar,अंगूरीबाग,Angooribagh,angooribagh,
sadar-s7,sadar,अचलपुर,Achalpur,achalpur,
sadar-s8,sadar,अंजना,Anjna,anjna,
sadar-s9,sadar,अंजनी पुरम आ0योजना(वि0प्रा0),Anjni Puram A0yojna(Vi0pra0),anjni-puram-a0yojna-vi0pra0,
sadar-s10,sadar,अडगडा,Adagda,adagda,
sadar-s11,sadar,अड़गड़ा,Aragra,aragra,
sadar-s12,sadar,अब्बूसराय ANP,Abbusray ANP,abbusray-anp,
sadar-s13,sadar,अब्बूसराय BNP,Abbusray BNP,abbusray-bnp,
sadar-s14,sadar,अमसिन,Amsin,amsin,
sadar-s15,sadar,अमानीगंज,Amaniganj,amaniganj,
sadar-s16,sadar,अमारी,Amari,amari,
sadar-s17,sadar,अमौनी,Amauni,amauni,
sadar-s18,sadar,अरवत,Arwat,arwat,
sadar-s19,sadar,अलनाभारी,Alnabhari,alnabhari,
sadar-s20,sadar,अलावलपुर,Alawalpur,alawalpur,
sadar-s21,sadar,अलीगढ़,Aligarh,aligarh,
sadar-s22,sadar,अवधखास,Awadhkhas,awadhkhas,
sadar-s23,sadar,अवधपुरी कालोनी,Awadhpuri Kaloni,awadhpuri-kaloni,
sadar-s24,sadar,अवधविहार आ0योजना(वि0प्रा0),Awadhvihar A0yojna(Vi0pra0),awadhvihar-a0yojna-vi0pra0,
sadar-s25,sadar,अशफाक उल्लाह कालोनी,Ashfak Ullah Kaloni,ashfak-ullah-kaloni,
sadar-s26,sadar,अश्वनी पुरम आ0योजना(वि0प्रा0),Ashwani Puram A0yojna(Vi0pra0),ashwani-puram-a0yojna-vi0pra0,
sadar-s27,sadar,आनापुर सरैया,Anapur Saraiya,anapur-saraiya,
sadar-s28,sadar,आलमगंज,Alamganj,alamganj,
sadar-s29,sadar,आलमगंज कटरा,Alamganj Katra,alamganj-katra,
sadar-s30,sadar,आलापुर उपरहार,Alapur Uparhar,alapur-uparhar,
sadar-s31,sadar,आवास विकास कालोनी,Awas Vikas Kaloni,awas-vikas-kaloni,
sadar-s32,sadar,आशापुर,Ashapur,ashapur,
sadar-s33,sadar,आशापुर चन्दई,Ashapur Chandai,ashapur-chandai,
sadar-s34,sadar,आसिफबाग उप.,Asifbag Up.,asifbag-up,
sadar-s35,sadar,आसिफबाग मांझा,Asifbag Manjha,asifbag-manjha,
sadar-s36,sadar,इमली कतार,Imli Katar,imli-katar,
sadar-s37,sadar,इस्माइलगंज,Ismailganj,ismailganj,
sadar-s38,sadar,ईशापुर,Ishapur,ishapur,
sadar-s39,sadar,ईशासराय उपरहार,Ishasray Uparhar,ishasray-uparhar,
sadar-s40,sadar,ईसासराय मांझा,Isasray Manjha,isasray-manjha,
sadar-s41,sadar,उघरपुर,Ugharpur,ugharpur,
sadar-s42,sadar,उनियार उपरहार,Uniyar Uparhar,uniyar-uparhar,
sadar-s43,sadar,उनियार मांझा,Uniyar Manjha,uniyar-manjha,
sadar-s44,sadar,उर्दू बाजार,Urdu Bajar,urdu-bajar,
sadar-s45,sadar,उर्मिला नगर आ0योजना(वि0प्रा0),Urmila Nagar A0yojna(Vi0pra0),urmila-nagar-a0yojna-vi0pra0,
sadar-s46,sadar,उसरू,Usru,usru,
sadar-s47,sadar,ऋणमोचनघाट,Rinmochanghat,rinmochanghat,
sadar-s48,sadar,ऋषि टोला,Rishi Tola,rishi-tola,
sadar-s49,sadar,एल0डी0जी0 आ0योजना(वि0प्रा0),El0di0ji0 A0yojna(Vi0pra0),el0di0ji0-a0yojna-vi0pra0,
sadar-s50,sadar,एल0डी0जी0 व्या0योजना(वि0प्रा0),El0di0ji0 Vya0yojna(Vi0pra0),el0di0ji0-vya0yojna-vi0pra0,
sadar-s51,sadar,ऐमी आलापुर,Aimi Alapur,aimi-alapur,
sadar-s52,sadar,ककरही बाजार,Kakarhi Bajar,kakarhi-bajar,
sadar-s53,sadar,कंघी गली (टेढी गली),Kanghi Gali (Tedhi Gali),kanghi-gali-tedhi-gali,
sadar-s54,sadar,कच्चाघाट नयाघाट(वि0प्रा0),Kachchaghat Nayaghat(Vi0pra0),kachchaghat-nayaghat-vi0pra0,
sadar-s55,sadar,कछौली,Kachhauli,kachhauli,
sadar-s56,sadar,कजियाना,Kajiyana,kajiyana,
sadar-s57,sadar,कटरा,Katra,katra,
sadar-s58,sadar,कटरा उत्तरी,Katra Uttari,katra-uttari,
sadar-s59,sadar,कटरा गोशाईगंज,Katra Goshainganj,katra-goshainganj,
sadar-s60,sadar,कटरा दक्षिणी,Katra Dakshini,katra-dakshini,
sadar-s61,sadar,कटरा पश्चिमी,Katra Pashchimi,katra-pashchimi,
sadar-s62,sadar,कटरा पूर्वी दक्षिणी,Katra Purvi Dakshini,katra-purvi-dakshini,
sadar-s63,sadar,कटरा मध्य,Katra Madhy,katra-madhy,
sadar-s64,sadar,कनकपुर,Kanakpur,kanakpur,
sadar-s65,sadar,कनीगंज,Kaniganj,kaniganj,
sadar-s66,sadar,कन्धरपुर गौड़ियाना,Kandharpur Gauriyana,kandharpur-gauriyana,
sadar-s67,sadar,कन्धारी बाजार मोहल्ला,Kandhari Bajar Mohalla,kandhari-bajar-mohalla,
sadar-s68,sadar,करम अली का पुरवा,Karam Ali Ka Purwa,karam-ali-ka-purwa,
sadar-s69,sadar,करमा कोड़री,Karma Korri,karma-korri,
sadar-s70,sadar,करौंदी,Karaundi,karaundi,
sadar-s71,sadar,कल्यानपुर बरौली,Kalyanpur Barauli,kalyanpur-barauli,
sadar-s72,sadar,कश्मीरी मोहल्ला,Kashmiri Mohalla,kashmiri-mohalla,
sadar-s73,sadar,कसाब बाड़ा,Kasab Bara,kasab-bara,
sadar-s74,sadar,कस्तूरीपुर,Kasturipur,kasturipur,
sadar-s75,sadar,कस्बा,Kasba,kasba,
sadar-s76,sadar,काजीपुर गाडर,Kajipur Gadar,kajipur-gadar,
sadar-s77,sadar,काजीपुर चितावां (मणि पर्वत ),Kajipur Chitawan (Mani Parwat),kajipur-chitawan-mani-parwat,
sadar-s78,sadar,काजीपुर जमीं मलिकपुर,Kajipur Jamin Malikpur,kajipur-jamin-malikpur,
sadar-s79,sadar,काजीपुर विसवां मांझा,Kajipur Viswan Manjha,kajipur-viswan-manjha,
sadar-s80,sadar,काजीपुरविसवां उपरहार,Kajipurviswan Uparhar,kajipurviswan-uparhar,
sadar-s81,sadar,कादीपुर,Kadipur,kadipur,
sadar-s82,sadar,कांदीपुर,Kandipur,kandipur,
sadar-s83,sadar,कार सेवक पुरम्,Kar Sewak Puram,kar-sewak-puram,
sadar-s84,sadar,किशुनदास पुर,Kishundas Pur,kishundas-pur,
sadar-s85,sadar,कुंजकुटीर,Kunj Kutir,kunj-kutir,
sadar-s86,sadar,कुंजमुराई टोला,Kunjmurai Tola,kunjmurai-tola,
sadar-s87,sadar,कुढ़ा केशवपुर मांझा,Kurha Keshavpur Manjha,kurha-keshavpur-manjha,
sadar-s88,sadar,कुढ़ाकेशवपुर उपर.,Kurhakeshavpur Upar.,kurhakeshavpur-upar,
sadar-s89,sadar,कुतुबपुर,Kutubpur,kutubpur,
sadar-s90,sadar,कुम्हार टोला (लाल बाग),Kumhar Tola (Lal Bag),kumhar-tola-lal-bag,
sadar-s91,sadar,कुम्हार टोला (सहादतगंज),Kumhar Tola (Sahadatganj),kumhar-tola-sahadatganj,
sadar-s92,sadar,कुम्हिया,Kumhiya,kumhiya,
sadar-s93,sadar,कुर्मीटोला,Kurmitola,kurmitola,
sadar-s94,sadar,कुशमाहा,Kushmaha,kushmaha,
sadar-s95,sadar,केवटहिया,Kewathiya,kewathiya,
sadar-s96,sadar,केवटहिया आ0योजना(वि0प्रा0),Kewathiya A0yojna(Vi0pra0),kewathiya-a0yojna-vi0pra0,
sadar-s97,sadar,केशवपुर,Keshavpur,keshavpur,
sadar-s98,sadar,कैथाना,Kaithana,kaithana,
sadar-s99,sadar,कोट रामचन्दर,Kot Ramchandar,kot-ramchandar,
sadar-s100,sadar,कोटिया,Kotiya,kotiya,
sadar-s101,sadar,कोठा पार्चा (मोतीबाग),Kotha Parcha (Motibag),kotha-parcha-motibag,
sadar-s102,sadar,कोठापार्चा (चौक),Kothaparcha (Chauk),kothaparcha-chauk,
sadar-s103,sadar,कोठीघाट,Kothighat,kothighat,
sadar-s104,sadar,कोरखाना BNP,Korkhana BNP,korkhana-bnp,
sadar-s105,sadar,कोरखाना अं.न.पा.,Korkhana An.na.pa.,korkhana-an-na-pa,
sadar-s106,sadar,कोरी टोला (सहादतगंज),Kori Tola (Sahadatganj),kori-tola-sahadatganj,
sadar-s107,sadar,कोरीटोला (जनौरा),Koritola (Janaura),koritola-janaura,
sadar-s108,sadar,कौड़िल्ला,Kaurilla,kaurilla,
sadar-s109,sadar,कौशलपुरी कालोनी आ0योजना (वि0प्रा0),Kaushalpuri Kaloni A0yojna (Vi0pra0),kaushalpuri-kaloni-a0yojna-vi0pra0,
sadar-s110,sadar,कौशलेश कुन्ज(वि0प्रा0),Kaushlesh Kunj(Vi0pra0),kaushlesh-kunj-vi0pra0,
sadar-s111,sadar,कौशिल्या घाट,Kaushilya Ghat,kaushilya-ghat,
sadar-s112,sadar,क्षीरसागर,Kshirsagar,kshirsagar,
sadar-s113,sadar,खजुरावर,Khajurawar,khajurawar,
sadar-s114,sadar,खानपुर,Khanpur,khanpur,
sadar-s115,sadar,खिड़की अली बेग,Khirki Ali Beg,khirki-ali-beg,
sadar-s116,sadar,खिरौनिया,Khirauniya,khirauniya,
sadar-s117,sadar,खिरौनी,Khirauni,khirauni,
sadar-s118,sadar,खीरवाली गली,Khirwali Gali,khirwali-gali,
sadar-s119,sadar,खुदागंज,Khudaganj,khudaganj,
sadar-s120,sadar,खुर्द महल,Khurd Mahal,khurd-mahal,
sadar-s121,sadar,खुर्दाबाद,Khurdabad,khurdabad,
sadar-s122,sadar,खुशहाल गंज,Khushhal Ganj,khushhal-ganj,
sadar-s123,sadar,खोजनपुर ANP,Khojanpur ANP,khojanpur-anp,
sadar-s124,sadar,खोजनपुर BNP,Khojanpur BNP,khojanpur-bnp,
sadar-s125,sadar,ख्वासपुरा,Khwaspura,khwaspura,
sadar-s126,sadar,गंगौली,Gangauli,gangauli,
sadar-s127,sadar,गंजा,Ganja,ganja,
sadar-s128,sadar,गणेशगंज मकबरा,Ganeshganj Makabra,ganeshganj-makabra,
sadar-s129,sadar,गणेशपुर बिसौरा,Ganeshpur Bisaura,ganeshpur-bisaura,
sadar-s130,sadar,गद्दोपुर,Gaddopur,gaddopur,
sadar-s131,sadar,गद्दोपुर हरदासपुर,Gaddopur Hardaspur,gaddopur-hardaspur,
sadar-s132,sadar,गनेश गंज,Ganesh Ganj,ganesh-ganj,
sadar-s133,sadar,गाड़ीवान टोला,Gariwan Tola,gariwan-tola,
sadar-s134,sadar,गांधी नगर,Gandhi Nagar,gandhi-nagar,
sadar-s135,sadar,गुदडी बाजार,Guddi Bajar,guddi-bajar,
sadar-s136,sadar,गुलाबबाड़ी,Gulabbari,gulabbari,
sadar-s137,sadar,गोकुलपुर,Gokulpur,gokulpur,
sadar-s138,sadar,गोपालपुर,Gopalpur,gopalpur,
sadar-s139,sadar,गोलाघाट,Golaghat,golaghat,
sadar-s140,sadar,गोलाबाजार,Golabajar,golabajar,
sadar-s141,sadar,गोशईगंज पश्चिमी,Goshaiganj Pashchimi,goshaiganj-pashchimi,
sadar-s142,sadar,गोशाईगंज उत्तरी,Goshaiganj Uttari,goshaiganj-uttari,
sadar-s143,sadar,गोशाईगंज दक्षिणी,Goshaiganj Dakshini,goshaiganj-dakshini,
sadar-s144,sadar,गौरापट्टी,Gaurapatti,gaurapatti,
sadar-s145,sadar,गौहनिया,Gauhniya,gauhniya,
sadar-s146,sadar,घसियारी मण्डी,Ghasiyari Mandi,ghasiyari-mandi,
sadar-s147,sadar,घोसियाना,Ghosiyana,ghosiyana,
sadar-s148,sadar,घोसी टोला,Ghosi Tola,ghosi-tola,
sadar-s149,sadar,चक गौरापट्टी,Chak Gaurapatti,chak-gaurapatti,
sadar-s150,sadar,चक्रतीर्थ,Chakratirth,chakratirth,
sadar-s151,sadar,चक्रतीर्थ आ0योजना(वि0प्रा0),Chakratirth A0yojna(Vi0pra0),chakratirth-a0yojna-vi0pra0,
sadar-s152,sadar,चमारटोला,Chamartola,chamartola,
sadar-s153,sadar,चरेरा,Charera,charera,
sadar-s154,sadar,चाचिकपुर,Chachikpur,chachikpur,
sadar-s155,sadar,चाणक्यपुरी कालोनी,Chanakyapuri Kaloni,chanakyapuri-kaloni,
sadar-s156,sadar,चांदपुर हरिवंश,Chandpur Hariwansh,chandpur-hariwansh,
sadar-s157,sadar,चिरकिटहा,Chirkitha,chirkitha,
sadar-s158,sadar,चेला छावनी,Chela Chhavni,chela-chhavni,
sadar-s159,sadar,चौक,Chowk,chowk,
sadar-s160,sadar,छतरा,Chhatra,chhatra,
sadar-s161,sadar,छावनी गौरावारिक,Chhavni Gaurawarik,chhavni-gaurawarik,
sadar-s162,sadar,छावनी बन्दे अली,Chhavni Bande Ali,chhavni-bande-ali,
sadar-s163,sadar,छोटारमना,Chhotaramna,chhotaramna,
sadar-s164,sadar,छोटी छावनी,Chhoti Chhavni,chhoti-chhavni,
sadar-s165,sadar,छोटी देवकाली,Chhoti Devkali,chhoti-devkali,
sadar-s166,sadar,जगदीशपुर अरवत,Jagdishpur Arwat,jagdishpur-arwat,
sadar-s167,sadar,जगदीशपुरटण्डौली,Jagdishpurtandauli,jagdishpurtandauli,
sadar-s168,sadar,जजवट,Jajwat,jajwat,
sadar-s169,sadar,जनकपुरी आ0योजना(वि0प्रा0),Janakpuri A0yojna(Vi0pra0),janakpuri-a0yojna-vi0pra0,
sadar-s170,sadar,जनौरा ANP,Janaura ANP,janaura-anp,
sadar-s171,sadar,जनौरा BNP,Janaura BNP,janaura-bnp,
sadar-s172,sadar,जमुनियाबाग,Jamuniyabagh,jamuniyabagh,
sadar-s173,sadar,जमुनीपुर,Jamunipur,jamunipur,
sadar-s174,sadar,जयसिंपुर,Jaysinpur,jaysinpur,
sadar-s175,sadar,जरही,Jarhi,jarhi,
sadar-s176,sadar,जलवानपुर,Jalwanpur,jalwanpur,
sadar-s177,sadar,जलालुद्दीन नगर उपर,Jalaluddin Nagar Upar,jalaluddin-nagar-upar,
sadar-s178,sadar,जलालुद्दीननगरमांझा,Jalaluddinangarmanjha,jalaluddinangarmanjha,
sadar-s179,sadar,जानकी घाट,Janki Ghat,janki-ghat,
sadar-s180,sadar,जालपानाला,Jalpanala,jalpanala,
sadar-s181,sadar,जियनपुर,Jiyanpur,jiyanpur,
sadar-s182,sadar,जे बी पुरम कालोनी,Je Bi Puram Kaloni,je-bi-puram-kaloni,
sadar-s183,sadar,जे0टी0सी0,Je0ti0si0,je0ti0si0,
sadar-s184,sadar,जैता,Jaita,jaita,
sadar-s185,sadar,झारखण्डी,Jharkhandi,jharkhandi,
sadar-s186,sadar,झुनकीघाट,Jhunkighat,jhunkighat,
sadar-s187,sadar,टकसाल,Taksal,taksal,
sadar-s188,sadar,टण्डौली,Tandauli,tandauli,
sadar-s189,sadar,टेढ़ी बाजार,Terhi Bajar,terhi-bajar,
sadar-s190,sadar,टेढी बाजार (चौक),Tedhi Bajar (Chauk),tedhi-bajar-chauk,
sadar-s191,sadar,टोनिया बिहारीपुर,Toniya Biharipur,toniya-biharipur,
sadar-s192,sadar,ट्रान्सपोर्टनगर वि0प्रा0,Transaportnagar Vi0pra0,transaportnagar-vi0pra0,
sadar-s193,sadar,ठठरहिया,Thatharhiya,thatharhiya,
sadar-s194,sadar,डाभासेमर,Dabhasemar,dabhasemar,
sadar-s195,sadar,तकपुरा,Takpura,takpura,
sadar-s196,sadar,तार गौहन,Tar Gauhan,tar-gauhan,
sadar-s197,sadar,तारापुर रजौली,Tarapur Rajauli,tarapur-rajauli,
sadar-s198,sadar,ताहिरपुर बरौली,Tahirpur Barauli,tahirpur-barauli,
sadar-s199,sadar,तिहुरा उपरहार,Tihura Uparhar,tihura-uparhar,
sadar-s200,sadar,तिहुरा मांझा,Tihura Manjha,tihura-manjha,
sadar-s201,sadar,तुलसी बाड़ी,Tulsi Bari,tulsi-bari,
sadar-s202,sadar,तुलसीनगर,Tulsinagar,tulsinagar,
sadar-s203,sadar,तेलियागढ़ उत्तरी,Teliyagarh Uttari,teliyagarh-uttari,
sadar-s204,sadar,तेलियागढ़ दक्षिणी,Teliyagarh Dakshini,teliyagarh-dakshini,
sadar-s205,sadar,तेलियागढ़ पूर्वी,Teliyagarh Purvi,teliyagarh-purvi,
sadar-s206,sadar,तेलीटोला,Telitola,telitola,
sadar-s207,sadar,तोगपुर,Togpur,togpur,
sadar-s208,sadar,त्रिलोकपुर,Trilokpur,trilokpur,
sadar-s209,sadar,दतौली,Datauli,datauli,
sadar-s210,sadar,ददेरा,Dadera,dadera,
sadar-s211,sadar,दन्तधावन कुण्ड,Dantadhawan Kund,dantadhawan-kund,
sadar-s212,sadar,दमोदरपुर,Damodarpur,damodarpur,
sadar-s213,sadar,दर्शन नगर,Darshan Nagar,darshan-nagar,
sadar-s214,sadar,दलपतपुर उपरहार,Dalpatpur Uparhar,dalpatpur-uparhar,
sadar-s215,sadar,दलपतपुर माझा,Dalpatpur Majha,dalpatpur-majha,
sadar-s216,sadar,दलीपपुर उर्फ़ देवगढ़,Dalippur Urf Devgarh,dalippur-urf-devgarh,
sadar-s217,sadar,दालमण्डी,Dalmandi,dalmandi,
sadar-s218,sadar,दिलकुशा,Dilkusha,dilkusha,
sadar-s219,sadar,दिल्ली दरवाजा,Dilli Darwaja,dilli-darwaja,
sadar-s220,sadar,दिवानी मिसिल,Diwani Misil,diwani-misil,
sadar-s221,sadar,दीनापुर,Dinapur,dinapur,
sadar-s222,sadar,दुर्गापुर,Durgapur,durgapur,
sadar-s223,sadar,दुर्गापुर रमपुरवा,Durgapur Rampurwa,durgapur-rampurwa,
sadar-s224,sadar,दुल्लापुर,Dullapur,dullapur,
sadar-s225,sadar,देवकाली अं.न.पा.,Devkali An.na.pa.,devkali-an-na-pa,
sadar-s226,sadar,देवकालीBNP,DevkaliBNP,devkalibnp,
sadar-s227,sadar,देवगिरिया,Devgiriya,devgiriya,
sadar-s228,sadar,देवरा दाउदपुर,Devra Daudpur,devra-daudpur,
sadar-s229,sadar,देवापुर,Dewapur,dewapur,
sadar-s230,sadar,देवासूर्यभानपुर,Dewasuryabhanpur,dewasuryabhanpur,
sadar-s231,sadar,दोराही कुंआ,Dorahi Kuna,dorahi-kuna,
sadar-s232,sadar,द्वारिका पुर,Dwarika Pur,dwarika-pur,
sadar-s233,sadar,धनीराम का पुरवा (जनौरा),Dhaniram Ka Purwa (Janaura),dhaniram-ka-purwa-janaura,
sadar-s234,sadar,धनीराम का पुरवा (झारखण्डी),Dhaniram Ka Purwa (Jharkhandi),dhaniram-ka-purwa-jharkhandi,
sadar-s235,sadar,धनैजा,Dhanaija,dhanaija,
sadar-s236,sadar,धरमपुर सहादत,Dharampur Sahadat,dharampur-sahadat,
sadar-s237,sadar,धारूपुर,Dharupur,dharupur,
sadar-s238,sadar,नई कालोनी,Nai Kaloni,nai-kaloni,
sadar-s239,sadar,नकटवारा,Nakatwara,nakatwara,
sadar-s240,sadar,नक्खास,Nakkhas,nakkhas,
sadar-s241,sadar,नजरबाग,Najarbag,najarbag,
sadar-s242,sadar,नन्दापुर,Nandapur,nandapur,
sadar-s243,sadar,नययर कालोनी,Nayyar Kaloni,nayyar-kaloni,
sadar-s244,sadar,नया पुरवा आ0 योजना(वि0प्रा0),Naya Purwa A0 Yojna(Vi0pra0),naya-purwa-a0-yojna-vi0pra0,
sadar-s245,sadar,नयाघाट,Nayaghat,nayaghat,
sadar-s246,sadar,नयापुरवा (नियांवा),Nayapurwa (Niyanwa),nayapurwa-niyanwa,
sadar-s247,sadar,नयापुरवा (रानोपाली),Nayapurwa (Ranopali),nayapurwa-ranopali,
sadar-s248,sadar,नयी दुनिया मोहल्ला,Nayi Duniya Mohalla,nayi-duniya-mohalla,
sadar-s249,sadar,नरायनपुर,Narayanpur,narayanpur,
sadar-s250,sadar,नरियावां,Nariyawan,nariyawan,
sadar-s251,sadar,नवीन नगर,Navin Nagar,navin-nagar,
sadar-s252,sadar,नहरबाग,Naharbagh,naharbagh,
sadar-s253,sadar,नाका,Naka,naka,
sadar-s254,sadar,नाका मुजफरा,Naka Mujafra,naka-mujafra,
sadar-s255,sadar,नारा,Nara,nara,
sadar-s256,sadar,नियांवा,Niyanwa,niyanwa,
sadar-s257,sadar,निर्मली कुण्ड,Nirmali Kund,nirmali-kund,
sadar-s258,sadar,निर्मोचन घाट,Nirmochan Ghat,nirmochan-ghat,
sadar-s259,sadar,नील बिहार कालोनी(वि0प्रा0),Nil Bihar Kaloni(Vi0pra0),nil-bihar-kaloni-vi0pra0,
sadar-s260,sadar,नेव कबीरपुर,Nev Kabirpur,nev-kabirpur,
sadar-s261,sadar,नेवातीपुरा,Newatipura,newatipura,
sadar-s262,sadar,नोनहटिया,Nonahtiya,nonahtiya,
sadar-s263,sadar,नौगजी,Naugji,naugji,
sadar-s264,sadar,नौघड़ा,Naughra,naughra,
sadar-s265,sadar,पकरेला,Pakrela,pakrela,
sadar-s266,sadar,पटेल नगर,Patel Nagar,patel-nagar,
sadar-s267,sadar,पठान टोलिया,Pathan Toliya,pathan-toliya,
sadar-s268,sadar,पदुमपुरी कालोनी,Padumpuri Kaloni,padumpuri-kaloni,
sadar-s269,sadar,पम्पारपुर,Pamparpur,pamparpur,
sadar-s270,sadar,परमानपुर,Parmanpur,parmanpur,
sadar-s271,sadar,पलिया टेकधर,Paliya Tekdhar,paliya-tekdhar,
sadar-s272,sadar,पलिया शाहबदी,Paliya Shahabdi,paliya-shahabdi,
sadar-s273,sadar,पहाड़गंज ANP,Paharganj ANP,paharganj-anp,
sadar-s274,sadar,पहाड़गंज BNP,Paharganj BNP,paharganj-bnp,
sadar-s275,sadar,पांजी टोला,Panji Tola,panji-tola,
sadar-s276,sadar,पाण्डेय बाजार,Pandey Bajar,pandey-bajar,
sadar-s277,sadar,पानगली,Panagli,panagli,
sadar-s278,sadar,पाराख़ान,Parakhan,parakhan,
sadar-s279,sadar,पालकीखाना,Palkikhana,palkikhana,
sadar-s280,sadar,पिलखावां,Pilkhawan,pilkhawan,
sadar-s281,sadar,पी0डब्लू0डी0कालोनी,Pi0dablu0di0kaloni,pi0dablu0di0kaloni,
sadar-s282,sadar,पुरखेपुर,Purkhepur,purkhepur,
sadar-s283,sadar,पुरानी सब्जी मण्डी,Purani Sabji Mandi,purani-sabji-mandi,
sadar-s284,sadar,पूरा हुसैन खां,Pura Husain Khan,pura-husain-khan,
sadar-s285,sadar,पौसरा उपरहार,Pausra Uparhar,pausra-uparhar,
sadar-s286,sadar,पौसरा मांझा,Pausra Manjha,pausra-manjha,
sadar-s287,sadar,प्रमोद वन,Pramod Wan,pramod-wan,
sadar-s288,sadar,प्रहलाद घाट,Prahlad Ghat,prahlad-ghat,
sadar-s289,sadar,प्रियदर्शनी आ0योजना(वि0प्रा0),Priydarshani A0yojna(Vi0pra0),priydarshani-a0yojna-vi0pra0,
sadar-s290,sadar,फतेहगंज,Fatehganj,fatehganj,
sadar-s291,sadar,फतेहपुरमुमताजाबाद,Fatehpurmumtajabad,fatehpurmumtajabad,
sadar-s292,sadar,फिरोजपुर,Firojpur,firojpur,
sadar-s293,sadar,फैजाबाद ग्रामीण,Faijabad Gramin,faijabad-gramin,
sadar-s294,sadar,बक्सरिया टोला,Baksariya Tola,baksariya-tola,
sadar-s295,sadar,बजाजा,Bajaja,bajaja,
sadar-s296,sadar,बढई का पुरवा,Badhai Ka Purwa,badhai-ka-purwa,
sadar-s297,sadar,बनगवां,Banagwan,banagwan,
sadar-s298,sadar,बनवारी का पुरवा,Banwari Ka Purwa,banwari-ka-purwa,
sadar-s299,sadar,बन्दन पुर,Bandan Pur,bandan-pur,
sadar-s300,sadar,बन्धा तिराहा व्या0योजना(वि0प्रा),Bandha Tiraha Vya0yojna(Vi0pra),bandha-tiraha-vya0yojna-vi0pra,
sadar-s301,sadar,बबुवापुर,Babuwapur,babuwapur,
sadar-s302,sadar,बरईपारा,Baraipara,baraipara,
sadar-s303,sadar,बरगदहिया,Bargadhiya,bargadhiya,
sadar-s304,sadar,बरवारी टोला,Barwari Tola,barwari-tola,
sadar-s305,sadar,बरहटा उपरहार,Barahta Uparhar,barahta-uparhar,
sadar-s306,sadar,बरहटा मांझा,Barahta Manjha,barahta-manjha,
sadar-s307,sadar,बल्ला हाता,Balla Hata,balla-hata,
sadar-s308,sadar,बसंत अली का हाता,Basant Ali Ka Hata,basant-ali-ka-hata,
sadar-s309,sadar,बहादुरगंज,Bahadurganj,bahadurganj,
sadar-s310,sadar,बहारगंज,Baharganj,baharganj,
sadar-s311,sadar,बहू बाजार,Bahu Bajar,bahu-bajar,
sadar-s312,sadar,बहेलिया टोला (अवधखास),Baheliya Tola (Awadhkhas),baheliya-tola-awadhkhas,
sadar-s313,sadar,बहेलिया टोला (हैदरगंज),Baheliya Tola (Haidarganj),baheliya-tola-haidarganj,
sadar-s314,sadar,बहोरनपुर,Bahoranpur,bahoranpur,
sadar-s315,sadar,बाग फरहदबक्श,Bag Farhadbaksh,bag-farhadbaksh,
sadar-s316,sadar,बाग बिजैसी,Bag Bijaisi,bag-bijaisi,
sadar-s317,sadar,बाजार मिर्जा अली बेग,Bajar Mirja Ali Beg,bajar-mirja-ali-beg,
sadar-s318,sadar,बाबू बाजार,Babu Bajar,babu-bajar,
sadar-s319,sadar,बारा पत्थर,Bara Patthar,bara-patthar,
sadar-s320,sadar,बालकराम कालोनी,Balakram Kaloni,balakram-kaloni,
sadar-s321,sadar,बाल्दा,Balda,balda,
sadar-s322,sadar,बासूपुरसिरसा जयसिंह,Basupursirsa Jaysinh,basupursirsa-jaysinh,
sadar-s323,sadar,बिरौली,Birauli,birauli,
sadar-s324,sadar,बीकापुर,Bikapur,bikapur,
sadar-s325,sadar,बीरशाह पुर,Birshah Pur,birshah-pur,
sadar-s326,sadar,बुचनीगंज,Buchniganj,buchniganj,
sadar-s327,sadar,बेगमगंज गढ़ैया,Begamganj Garhaiya,begamganj-garhaiya,
sadar-s328,sadar,बेगमगंज मकबरा,Begamganj Makabra,begamganj-makabra,
sadar-s329,sadar,बेगमपुरा,Begampura,begampura,
sadar-s330,sadar,बेगमागंज मांझा,Begmaganj Manjha,begmaganj-manjha,
sadar-s331,sadar,बेनवा,Benwa,benwa,
sadar-s332,sadar,बेनीगंज,Beniganj,beniganj,
sadar-s333,sadar,बेनीपुर,Benipur,benipur,
sadar-s334,sadar,बेरा,Bera,bera,
sadar-s335,sadar,बेलवारी खान,Belwari Khan,belwari-khan,
sadar-s336,sadar,बैराक पुरा,Bairak Pura,bairak-pura,
sadar-s337,sadar,बैसिंह,Baisinh,baisinh,
sadar-s338,sadar,बैहारी,Baihari,baihari,
sadar-s339,sadar,बोधीपुर,Bodhipur,bodhipur,
sadar-s340,sadar,ब्रहम कुण्ड,Braham Kund,braham-kund,
sadar-s341,sadar,ब्राहमण टोला,Brahman Tola,brahman-tola,
sadar-s342,sadar,भगवाभीट,Bhagwabhit,bhagwabhit,
sadar-s343,sadar,भदोखर,Bhadokhar,bhadokhar,
sadar-s344,sadar,भदौली खुर्द,Bhadauli Khurd,bhadauli-khurd,
sadar-s345,sadar,भदौली बुजुर्ग,Bhadauli Bujurg,bhadauli-bujurg,
sadar-s346,sadar,भरतपुरी कालोनी,Bharatpuri Kaloni,bharatpuri-kaloni,
sadar-s347,sadar,भिटौरा,Bhitaura,bhitaura,
sadar-s348,sadar,भीखापुर,Bhikhapur,bhikhapur,
sadar-s349,sadar,भैरीपुर उपरहार,Bhairipur Uparhar,bhairipur-uparhar,
sadar-s350,sadar,भैरीपुर मांझा,Bhairipur Manjha,bhairipur-manjha,
sadar-s351,sadar,भोया,Bhoya,bhoya,
sadar-s352,sadar,मक्खापुर,Makkhapur,makkhapur,
sadar-s353,sadar,मछरहटा(मछली बाजार),Machhrahta(Machhli Bajar),machhrahta-machhli-bajar,
sadar-s354,sadar,मछुवाना,Machhuwana,machhuwana,
sadar-s355,sadar,मड़ना उपरहार,Marna Uparhar,marna-uparhar,
sadar-s356,sadar,मड़ना मांझा,Marna Manjha,marna-manjha,
sadar-s357,sadar,मदरहिया,Madarhiya,madarhiya,
sadar-s358,sadar,मयाभीखी,Mayabhikhi,mayabhikhi,
sadar-s359,sadar,मलखानपुर,Malkhanpur,malkhanpur,
sadar-s360,sadar,मलिक पट्टी,Malik Patti,malik-patti,
sadar-s361,sadar,मलिकपुर,Malikpur,malikpur,
sadar-s362,sadar,मस्तान का पुरवा,Mastan Ka Purwa,mastan-ka-purwa,
sadar-s363,sadar,महाजनी टोला,Mahajni Tola,mahajni-tola,
sadar-s364,sadar,महिमापुर,Mahimapur,mahimapur,
sadar-s365,sadar,महेशपुर,Maheshpur,maheshpur,
sadar-s366,sadar,माझा आलापुर,Majha Alapur,majha-alapur,
sadar-s367,sadar,माझा जमथरा,Majha Jamathra,majha-jamathra,
sadar-s368,sadar,माझा पिपरी संग्राम,Majha Pipri Sangram,majha-pipri-sangram,
sadar-s369,sadar,माझा पूरे चेतन,Majha Pure Chetan,majha-pure-chetan,
sadar-s370,sadar,माझा रसूलपुर दोयम,Majha Rasulpur Doyam,majha-rasulpur-doyam,
sadar-s371,sadar,माझा सलेमपुर,Majha Salempur,majha-salempur,
sadar-s372,sadar,माझामूडाडीहबस्ती,Majhamudadihbasti,majhamudadihbasti,
sadar-s373,sadar,मांझामूडाडीहाफैजाबाद,Manjhamudadihafaijabad,manjhamudadihafaijabad,
sadar-s374,sadar,मांझारामपुरक़ानूनगो,Manjharampurqanungo,manjharampurqanungo,
sadar-s375,sadar,मातगैड़,Matgair,matgair,
sadar-s376,sadar,मानापारा,Manapara,manapara,
sadar-s377,sadar,माहताबबाग,Mahtabbag,mahtabbag,
sadar-s378,sadar,मित्रसेनपुर,Mitrasenpur,mitrasenpur,
sadar-s379,sadar,मियांगंज,Miyanganj,miyanganj,
sadar-s380,sadar,मिर्जापुर माफी,Mirjapur Mafi,mirjapur-mafi,
sadar-s381,sadar,मिर्जापुर शमसुद्दीनपुर,Mirjapur Shamsuddinpur,mirjapur-shamsuddinpur,
sadar-s382,sadar,मिश्राना,Mishrana,mishrana,
sadar-s383,sadar,मीरापुर डेराबीबी,Mirapur Derabibi,mirapur-derabibi,
sadar-s384,sadar,मीरापुर द्वाबा उपरहार,Mirapur Dwaba Uparhar,mirapur-dwaba-uparhar,
sadar-s385,sadar,मीरापुर द्वाबा मांझा,Mirapur Dwaba Manjha,mirapur-dwaba-manjha,
sadar-s386,sadar,मीरापुर बुलन्दी,Mirapur Bulandi,mirapur-bulandi,
sadar-s387,sadar,मुकेरी टोला,Mukeri Tola,mukeri-tola,
sadar-s388,sadar,मुखर्जी हाट,Mukharji Hat,mukharji-hat,
sadar-s389,sadar,मुगलपुरा,Mugalpura,mugalpura-awadh-khas,
sadar-s390,sadar,मुगलपुरा,Mugalpura,mugalpura-haidarganj,
sadar-s391,sadar,मुराई टोला (कोटरामचन्दर),Murai Tola (Kotramchandar),murai-tola-kotramchandar,
sadar-s392,sadar,मुराई टोला (हैदरगंज),Murai Tola (Haidarganj),murai-tola-haidarganj,
sadar-s393,sadar,मुरावन टोला,Murawan Tola,murawan-tola,
sadar-s394,sadar,मेदनीपुर,Mednipur,mednipur,
sadar-s395,sadar,मैनपुर,Mainpur,mainpur,
sadar-s396,sadar,मोची टोला,Mochi Tola,mochi-tola,
sadar-s397,sadar,मोती मस्जिद,Moti Masjid,moti-masjid,
sadar-s398,sadar,मोतीबाग,Motibag,motibag,
sadar-s399,sadar,मोदरा,Modra,modra,
sadar-s400,sadar,मोदहा सरपतिया,Modha Saraptiya,modha-saraptiya,
sadar-s401,sadar,मोहतरिम नगर उपरहार,Mohatrim Nagar Uparhar,mohatrim-nagar-uparhar,
sadar-s402,sadar,मोहतरिम नगर मांझा,Mohatrim Nagar Manjha,mohatrim-nagar-manjha,
sadar-s403,sadar,मोहत्सिम पुर,Mohatsim Pur,mohatsim-pur,
sadar-s404,sadar,मोहम्मदपुर कस्बा,Mohammadpur Kasba,mohammadpur-kasba,
sadar-s405,sadar,मोहम्मद पनाह का हाता,Mohammad Panah Ka Hata,mohammad-panah-ka-hata,
sadar-s406,sadar,मोहर्रमपुर आरती,Moharrampur Arti,moharrampur-arti,
sadar-s407,sadar,रकौरा,Rakaura,rakaura,
sadar-s408,sadar,रघुनाथपुर,Raghunathpur,raghunathpur,
sadar-s409,sadar,रजपलिया,Rajapliya,rajapliya,
sadar-s410,sadar,रतनपुर,Ratanpur,ratanpur,
sadar-s411,sadar,रमना,Ramna,ramna,
sadar-s412,sadar,रमना आ0योजना(वि0प्रा),Ramna A0yojna(Vi0pra),ramna-a0yojna-vi0pra,
sadar-s413,sadar,रसड़ा,Rasra,rasra,
sadar-s414,sadar,रसूलपुर प्रथम,Rasulpur Pratham,rasulpur-pratham,
sadar-s415,sadar,रसूलाबाद,Rasulabad,rasulabad,
sadar-s416,sadar,रहीमपुर दुगवा,Rahimpur Dugwa,rahimpur-dugwa,
sadar-s417,sadar,राजघाट,Rajghat,rajghat,
sadar-s418,sadar,राजघाट वि0 प्राधि0 आवासीय योजना,Rajghat Vi0 Pradhi0 Awasiy Yojna,rajghat-vi0-pradhi0-awasiy-yojna,
sadar-s419,sadar,राजागली,Rajagli,rajagli,
sadar-s420,sadar,राजापुर,Rajapur,rajapur,
sadar-s421,sadar,राजेपुर उपरहार,Rajepur Uparhar,rajepur-uparhar,
sadar-s422,sadar,राजेपुर माझा,Rajepur Majha,rajepur-majha,
sadar-s423,sadar,राठ हवेली,Rath Haveli,rath-haveli,
sadar-s424,sadar,रानी बाजार,Rani Bajar,rani-bajar,
sadar-s425,sadar,रानोपाली ANP,Ranopali ANP,ranopali-anp,
sadar-s426,sadar,रानोपाली BNP,Ranopali BNP,ranopali-bnp,
sadar-s427,sadar,राम नगर,Ram Nagar,ram-nagar,
sadar-s428,sadar,राम नगर छावनी,Ram Nagar Chhavni,ram-nagar-chhavni,
sadar-s429,sadar,रामकोट,Ramkot,ramkot,
sadar-s430,sadar,रामघाट,Ramghat,ramghat,
sadar-s431,sadar,रामदत्तपुर अटरांवा,Ramdattpur Atranwa,ramdattpur-atranwa,
sadar-s432,sadar,रामनगरमिश्रौली बाहर,Ramangarmishrauli Bahar,ramangarmishrauli-bahar,
sadar-s433,sadar,रामनगरमिश्रौलीANP,RamangarmishrauliANP,ramangarmishraulianp,
sadar-s434,sadar,रामपुर पुवारी उपरहार,Rampur Puwari Uparhar,rampur-puwari-uparhar,
sadar-s435,sadar,रामपुर पुवारी मांझा,Rampur Puwari Manjha,rampur-puwari-manjha,
sadar-s436,sadar,रामपुर बुजुर्ग,Rampur Bujurg,rampur-bujurg,
sadar-s437,sadar,रामपुर बैहारी,Rampur Baihari,rampur-baihari,
sadar-s438,sadar,रामपुर मया,Rampur Maya,rampur-maya,
sadar-s439,sadar,रामपुर सरधा,Rampur Sardha,rampur-sardha,
sadar-s440,sadar,रामपुर हलवारा उपरहा,Rampur Halwara Uparha,rampur-halwara-uparha,
sadar-s441,sadar,रामपुर हलवारा मांझा,Rampur Halwara Manjha,rampur-halwara-manjha,
sadar-s442,sadar,रामपैडी,Rampaidi,rampaidi,
sadar-s443,sadar,रामापुर,Ramapur,ramapur,
sadar-s444,sadar,रायगंज,Rayganj,rayganj,
sadar-s445,sadar,रिकाबगंज,Rikabganj,rikabganj,
sadar-s446,sadar,रिफ्यूजी मार्केट,Rifyuji Market,rifyuji-market,
sadar-s447,sadar,रीडगंज,Reedganj,reedganj,
sadar-s448,sadar,रुदौलिया,Rudauliya,rudauliya,
sadar-s449,sadar,रुहियावां,Ruhiyawan,ruhiyawan,
sadar-s450,sadar,रेतिया मुहल्ला,Retiya Muhalla,retiya-muhalla,
sadar-s451,sadar,रेवरी,Revri,revri,
sadar-s452,sadar,रेहड़ी,Rehri,rehri,
sadar-s453,sadar,रोशननगर,Roshannagar,roshannagar,
sadar-s454,sadar,रोहिणी आ0योजना(वि0प्रा0),Rohini A0yojna(Vi0pra0),rohini-a0yojna-vi0pra0,
sadar-s455,sadar,रौवा लोहंगपुर,Rauwa Lohangpur,rauwa-lohangpur,
sadar-s456,sadar,लक्ष्मणघाट,Lakshmanghat,lakshmanghat,
sadar-s457,sadar,लक्ष्मणपुरी कालोनी,Lakshmanpuri Kaloni,lakshmanpuri-kaloni,
sadar-s458,sadar,लक्ष्मीदास पुर,Lakshmidas Pur,lakshmidas-pur,
sadar-s459,sadar,लवकुश नगर,Lavkush Nagar,lavkush-nagar,
sadar-s460,sadar,लालकुर्ती बाजार,Lalkurti Bajar,lalkurti-bajar,
sadar-s461,sadar,लालपुर उपरहार,Lalpur Uparhar,lalpur-uparhar,
sadar-s462,sadar,लालपुर मांझा,Lalpur Manjha,lalpur-manjha,
sadar-s463,sadar,लालबाग,Lalbag,lalbag,
sadar-s464,sadar,लालबाग नई कालानी,Lalbag Nai Kalani,lalbag-nai-kalani,
sadar-s465,sadar,लोनिया टोला,Loniya Tola,loniya-tola,
sadar-s466,sadar,लोहिया बाजार,Lohiya Bajar,lohiya-bajar,
sadar-s467,sadar,वजीरगंज,Wajirganj,wajirganj,
sadar-s468,sadar,वजीरगंज जप्ती,Wajirganj Japti,wajirganj-japti,
sadar-s469,sadar,वर्मा कालोनी,Warma Kaloni,warma-kaloni,
sadar-s470,sadar,वशिष्ठकुण्ड,Washishthakund,washishthakund,
sadar-s471,sadar,वाजपेयी पुरम्,Wajpeyi Puram,wajpeyi-puram,
sadar-s472,sadar,वासुदेव घाट,Wasudev Ghat,wasudev-ghat,
sadar-s473,sadar,वाहन पार्किंग व्या0योजना(वि0प्रा),Wahan Parking Vya0yojna(Vi0pra),wahan-parking-vya0yojna-vi0pra,
sadar-s474,sadar,विद्याकुण्ड,Vidyakund,vidyakund,
sadar-s475,sadar,विभीषण कुण्ड,Vibhishan Kund,vibhishan-kund,
sadar-s476,sadar,वेरासपुर,Veraspur,veraspur,
sadar-s477,sadar,वैदेही नगर कालोनी,Vaidehi Nagar Kaloni,vaidehi-nagar-kaloni,
sadar-s478,sadar,वैभव काप्प्लेक्स व्या0योजना(वि0प्रा),Vaibhav Kappleks Vya0yojna(Vi0pra),vaibhav-kappleks-vya0yojna-vi0pra,
sadar-s479,sadar,शंकरगढ,Shankargadh,shankargadh,
sadar-s480,sadar,शक्ति नगर कालोनी,Shakti Nagar Kaloni,shakti-nagar-kaloni,
sadar-s481,sadar,शक्ति बिहार कालोनी,Shakti Bihar Kaloni,shakti-bihar-kaloni,
sadar-s482,sadar,शान्तीपुर,Shantipur,shantipur,
sadar-s483,sadar,शास्त्री नगर,Shastri Nagar,shastri-nagar,
sadar-s484,sadar,शाहजंहापुर,Shahjanhapur,shahjanhapur,
sadar-s485,sadar,शाहनेवाजपुरउपरहार,Shahnewajpurauparhar,shahnewajpurauparhar,
sadar-s486,sadar,शाहनेवाजपुरमांझा,Shahnewajpurmanjha,shahnewajpurmanjha,
sadar-s487,sadar,शिवदासपुर,Shivdaspur,shivdaspur,
sadar-s488,sadar,शेरजंग बाजार,Sherjang Bajar,sherjang-bajar,
sadar-s489,sadar,शेरवा उपरहार,Sherwa Uparhar,sherwa-uparhar,
sadar-s490,sadar,शेरवा मांझा,Sherwa Manjha,sherwa-manjha,
sadar-s491,sadar,शोलापुरी,Sholapuri,sholapuri,
sadar-s492,sadar,श्यामा सदन,Shyama Sadan,shyama-sadan,
sadar-s493,sadar,श्रृंगार हाट,Shrringar Hat,shrringar-hat,
sadar-s494,sadar,सआदत अली की छावनी,Saadat Ali Ki Chhavni,saadat-ali-ki-chhavni,
sadar-s495,sadar,सदर बाजार,Sadar Bajar,sadar-bajar,
sadar-s496,sadar,सनेथू,Sanethu,sanethu,
sadar-s497,sadar,सप्त सागर,Sapt Sagar,sapt-sagar,
sadar-s498,sadar,सब्जी मण्डी चौक,Sabji Mandi Chauk,sabji-mandi-chauk,
sadar-s499,sadar,समदा,Samda,samda,
sadar-s500,sadar,समन्था,Samantha,samantha,
sadar-s501,sadar,समाहा खुर्द,Samaha Khurd,samaha-khurd,
sadar-s502,sadar,समाहाकला,Samahakala,samahakala,
sadar-s503,sadar,समैसा,Samaisa,samaisa,
sadar-s504,sadar,सरयू बिहार आ0योजना(वि0प्रा0),Saryu Bihar A0yojna(Vi0pra0),saryu-bihar-a0yojna-vi0pra0,
sadar-s505,sadar,सरस्वतीपुरम कालोनी,Saraswatipuram Kaloni,saraswatipuram-kaloni,
sadar-s506,sadar,सराय चैमल,Saray Chaimal,saray-chaimal,
sadar-s507,sadar,सराय बैरीसाल,Saray Bairisal,saray-bairisal,
sadar-s508,sadar,सराय यूनुस,Saray Yunus,saray-yunus,
sadar-s509,sadar,सराय सागर,Saray Sagar,saray-sagar,
sadar-s510,sadar,सरायरासी उपरहार,Sarayrasi Uparhar,sarayrasi-uparhar,
sadar-s511,sadar,सरायरासी मांझा,Sarayrasi Manjha,sarayrasi-manjha,
sadar-s512,sadar,सरेठी,Sarethi,sarethi,
sadar-s513,sadar,सरैया,Saraiya,saraiya,
sadar-s514,sadar,सरैया रेवरी,Saraiya Revri,saraiya-revri,
sadar-s515,sadar,सलारपुर,Salarpur,salarpur,
sadar-s516,sadar,सहनवां,Sahanwan,sahanwan,
sadar-s517,sadar,सहादतगंज,Sahadatganj,sahadatganj,
sadar-s518,sadar,साकेतपुरी व्यावसायिक योजना वि0प्रा0,Saketpuri Vyavsayik Yojna Vi0pra0,saketpuri-vyavsayik-yojna-vi0pra0,
sadar-s519,sadar,साकेतपुरी आवासीय योजना वि0प्रा0,Saketpuri Awasiy Yojna Vi0pra0,saketpuri-awasiy-yojna-vi0pra0,
sadar-s520,sadar,सारंगपुर,Sarangpur,sarangpur,
sadar-s521,sadar,साहबगंज,Sahabganj,sahabganj,
sadar-s522,sadar,सिरसिण्डा,Sirsinda,sirsinda,
sadar-s523,sadar,सिलौनी,Silauni,silauni,
sadar-s524,sadar,सिविल लाइन्स,Civil Lines,civil-lines,
sadar-s525,sadar,सीता कुण्ड,Sita Kund,sita-kund,
sadar-s526,sadar,सुक्खापुर इटौरा,Sukkhapur Itaura,sukkhapur-itaura,
sadar-s527,sadar,सुतहटी,Sutahti,sutahti,
sadar-s528,sadar,सुबटहा,Subatha,subatha,
sadar-s529,sadar,सुबहटी,Subahti,subahti,
sadar-s530,sadar,सुभाष नगर,Subhash Nagar,subhash-nagar,
sadar-s531,sadar,सुरसरि कालोनी,Surasri Kaloni,surasri-kaloni,
sadar-s532,sadar,सुल्तानपुरबछड़ा ANP,Sultanpurbachhra ANP,sultanpurbachhra-anp,
sadar-s533,sadar,सुल्तानपुरबछड़ा BNP.,Sultanpurbachhra BNP.,sultanpurbachhra-bnp,
sadar-s534,sadar,सैयदबाडा,Saiyadbada,saiyadbada,
sadar-s535,sadar,सोनखरकुण्ड,Sonkharkund,sonkharkund,
sadar-s536,sadar,सोनौरा,Sonaura,sonaura,
sadar-s537,sadar,स्टेट बैंक कालोनी,Stet Baink Kaloni,stet-baink-kaloni,
sadar-s538,sadar,स्फटिक शिला,Sfatik Shila,sfatik-shila,
sadar-s539,sadar,स्वर्ग द्वार,Swarg Dwar,swarg-dwar,
sadar-s540,sadar,हनुमान कुण्ड,Hanuman Kund,hanuman-kund,
sadar-s541,sadar,हनुमानगढी,Hanumanagdhi,hanumanagdhi,
sadar-s542,sadar,हमदानी कोठी,Hamdani Kothi,hamdani-kothi,
sadar-s543,sadar,हरदी,Hardi,hardi,
sadar-s544,sadar,हरद्वारी बाजार,Haradwari Bajar,haradwari-bajar,
sadar-s545,sadar,हसनू कटरा,Hasnu Katra,hasnu-katra,
sadar-s546,sadar,हाता खुशरू बेग,Hata Khushru Beg,hata-khushru-beg,
sadar-s547,sadar,हाता बसंतअली,Hata Basantaali,hata-basantaali,
sadar-s548,sadar,हांसापुर,Hansapur,hansapur,
sadar-s549,sadar,हैदरगंज,Haidarganj,haidarganj,
sadar-s550,sadar,हैदरपुर,Haidarpur,haidarpur,
sadar-s551,sadar,हैबतपुर,Haibatpur,haibatpur,
sadar-s552,sadar,हैंसा,Hainsa,hainsa,
sadar-s553,sadar,हौसिला नगर कालोनी,Hausila Nagar Kaloni,hausila-nagar-kaloni,
sadar-s554,sadar,ज्ञानापुर,Jnanapur,jnanapur,
sohawal-1001,sohawal,अबनपुर सरोहा,Abanpur Saroha,abanpur-saroha,
sohawal-1002,sohawal,अरथर,Arthar,arthar,
sohawal-1003,sohawal,अगेथुवा,Agethuwa,agethuwa,
sohawal-1004,sohawal,अरूवांवा,Aruwanwa,aruwanwa,
sohawal-1005,sohawal,अमौना,Amauna,amauna,
sohawal-1006,sohawal,अन्तपुर,Antpur,antpur,
sohawal-1007,sohawal,इब्राहिमपुर दिवली उपरहर,Ibrahimpur Divli Uparhar,ibrahimpur-divli-uparhar,
sohawal-1008,sohawal,इब्राहिमपुर दिवली मांझा,Ibrahimpur Divli Manjha,ibrahimpur-divli-manjha,
sohawal-1009,sohawal,इस्माइन नगर सिहोरा उपरहर,Ismain Nagar Sihora Uparhar,ismain-nagar-sihora-uparhar,
sohawal-1010,sohawal,इस्माइन नगर सिहोरा मांझा,Ismain Nagar Sihora Manjha,ismain-nagar-sihora-manjha,
sohawal-1011,sohawal,इब्राहिमपुर कन्दई,Ibrahimpur Kandai,ibrahimpur-kandai,
sohawal-1012,sohawal,उसरू अमौना,Usru Amauna,usru-amauna,
sohawal-1013,sohawal,उचित पुर,Uchit Pur,uchit-pur,
sohawal-1014,sohawal,कन्दैला,Kandaila,kandaila,
sohawal-1015,sohawal,कुरांवा,Kuranwa,kuranwa,
sohawal-1016,sohawal,कादीपुर,Kadipur,kadipur,
sohawal-1017,sohawal,कोटसराय,Kotasray,kotasray,
sohawal-1018,sohawal,कोटडीह सरैया,Kotdih Saraiya,kotdih-saraiya,
sohawal-1019,sohawal,कपासी,Kapasi,kapasi,
sohawal-1020,sohawal,कलाफरपुर उपरहर,Kalafarpur Uparhar,kalafarpur-uparhar,
sohawal-1021,sohawal,कलाफरपुर माझा,Kalafarpur Majha,kalafarpur-majha,
sohawal-1022,sohawal,कटरौली,Katrauli,katrauli,
sohawal-1023,sohawal,कैल,Kail,kail,
sohawal-1024,sohawal,कोला,Kola,kola,
sohawal-1025,sohawal,कल्याण भदरसा,Kalyan Bhadarsa,kalyan-bhadarsa,
sohawal-1026,sohawal,करेरू,Kareru,kareru,
sohawal-1027,sohawal,कुन्दुर्खाखुर्द,Kundurkhakhurd,kundurkhakhurd,
sohawal-1028,sohawal,खिरौनी,Khirauni,khirauni,
sohawal-1029,sohawal,खानपुर मसौधा,Khanpur Masaudha,khanpur-masaudha,
sohawal-1030,sohawal,खरगपुर,Kharagpur,kharagpur,
sohawal-1031,sohawal,गौहनियां सलोनी,Gauhniyan Saloni,gauhniyan-saloni,
sohawal-1032,sohawal,गोपालपुर,Gopalpur,gopalpur,
sohawal-1033,sohawal,गौरा ब्रहमनान,Gaura Brahamnan,gaura-brahamnan,
sohawal-1034,sohawal,गौरा कुर्मियान,Gaura Kurmiyan,gaura-kurmiyan,
sohawal-1035,sohawal,गोपीनाथपुर,Gopinathpur,gopinathpur,
sohawal-1036,sohawal,गोडवा,Godwa,godwa,
sohawal-1037,sohawal,घाटमपुर,Ghatampur,ghatampur,
sohawal-1038,sohawal,चांदपुर कैल,Chandpur Kail,chandpur-kail,
sohawal-1039,sohawal,चिर्रा मोहम्मद पुर,Chirra Mohammad Pur,chirra-mohammad-pur,
sohawal-1040,sohawal,छतिरवा,Chhatirwa,chhatirwa,
sohawal-1041,sohawal,जगदीश पुर,Jagdish Pur,jagdish-pur,
sohawal-1042,sohawal,जगनपुर,Jaganpur,jaganpur,
sohawal-1043,sohawal,टण्डवा,Tandawa,tandawa,
sohawal-1044,sohawal,ठेवंगा,Thewanga,thewanga,
sohawal-1045,sohawal,डेरामूसी,Deramusi,deramusi,
sohawal-1046,sohawal,तहसीनपुर,Tahsinpur,tahsinpur,
sohawal-1047,sohawal,ताजपुर कोडरा,Tajpur Kodra,tajpur-kodra,
sohawal-1048,sohawal,थरेरू उपरहर,Thareru Uparhar,thareru-uparhar,
sohawal-1049,sohawal,थरेरू मांझा,Thareru Manjha,thareru-manjha,
sohawal-1050,sohawal,दक्षिण पारा,Dakshin Para,dakshin-para,
sohawal-1051,sohawal,देवई,Dewai,dewai,
sohawal-1052,sohawal,दिनकरपुर,Dinkarpur,dinkarpur,
sohawal-1053,sohawal,दोस्तपुर रग्घू उपरहर,Dostpur Ragghu Uparhar,dostpur-ragghu-uparhar,
sohawal-1054,sohawal,दोस्तपुर रग्घू मांझा,Dostpur Ragghu Manjha,dostpur-ragghu-manjha,
sohawal-1055,sohawal,देवराकोट,Devrakot,devrakot,
sohawal-1056,sohawal,दोस्तपुर,Dostpur,dostpur,
sohawal-1057,sohawal,दसौली,Dasauli,dasauli,
sohawal-1058,sohawal,दौलतपुर,Daulatpur,daulatpur,
sohawal-1059,sohawal,धर्मदासपुर,Dharmadaspur,dharmadaspur,
sohawal-1060,sohawal,धन्नीपुर,Dhannipur,dhannipur,
sohawal-1061,sohawal,धारमलपुर,Dharmalpur,dharmalpur,
sohawal-1062,sohawal,नजीबपुर,Najibpur,najibpur,
sohawal-1063,sohawal,नैपुरा,Naipura,naipura,
sohawal-1064,sohawal,नन्दीग्राम,Nandigram,nandigram,
sohawal-1065,sohawal,निन्दूरा माझा,Nindura Majha,nindura-majha,
sohawal-1066,sohawal,पिरखौली,Pirkhauli,pirkhauli,
sohawal-1067,sohawal,परानापुर,Paranapur,paranapur,
sohawal-1068,sohawal,पिलखावां,Pilkhawan,pilkhawan,
sohawal-1069,sohawal,पलिया रिसाली,Paliya Risali,paliya-risali,
sohawal-1070,sohawal,पिपरी,Pipri,pipri,
sohawal-1071,sohawal,पारा कैल,Para Kail,para-kail,
sohawal-1072,sohawal,पण्डित पुर,Pandit Pur,pandit-pur,
sohawal-1073,sohawal,पिण्डावा,Pindawa,pindawa,
sohawal-1074,sohawal,पोरा,Pora,pora,
sohawal-1075,sohawal,पलिया गोवा,Paliya Gowa,paliya-gowa,
sohawal-1076,sohawal,फतेहपुर सरैया उपरहर,Fatehpur Saraiya Uparhar,fatehpur-saraiya-uparhar,
sohawal-1077,sohawal,फतेहपुर सरैया माझा,Fatehpur Saraiya Majha,fatehpur-saraiya-majha,
sohawal-1078,sohawal,फिरोज पुर उपरहर,Firoj Pur Uparhar,firoj-pur-uparhar,
sohawal-1079,sohawal,फिरोज पुर माझा,Firoj Pur Majha,firoj-pur-majha,
sohawal-1080,sohawal,बरवा,Barwa,barwa,
sohawal-1081,sohawal,बभनगवा,Babhnagwa,babhnagwa,
sohawal-1082,sohawal,विछिया,Vichhiya,vichhiya,
sohawal-1083,sohawal,बनबीरपुर,Banbirpur,banbirpur,
sohawal-1084,sohawal,बन्दीदासपुर,Bandidaspur,bandidaspur,
sohawal-1085,sohawal,बल्लीपुर,Ballipur,ballipur,
sohawal-1086,sohawal,बरई कला,Barai Kala,barai-kala,
sohawal-1087,sohawal,बैदरापुर,Baidrapur,baidrapur,
sohawal-1088,sohawal,बीबीपुर,Bibipur,bibipur,
sohawal-1089,sohawal,विनायकपुर,Vinayakpur,vinayakpur,
sohawal-1090,sohawal,बभनियावां,Babhniyawan,babhniyawan,
sohawal-1091,sohawal,विशुनपुर सारा,Vishunpur Sara,vishunpur-sara,
sohawal-1092,sohawal,बुधौली,Budhauli,budhauli,
sohawal-1093,sohawal,भदरसा टाउन अन्दर व समस्त मोहल्ले,Bhadarsa Taun Andar Wa Samast Mohalle,bhadarsa-taun-andar-wa-samast-mohalle,
sohawal-1094,sohawal,भदरसा टाउन बाहर,Bhadarsa Taun Bahar,bhadarsa-taun-bahar,
sohawal-1095,sohawal,भवनियापुर,Bhavniyapur,bhavniyapur,
sohawal-1096,sohawal,भिटौरा,Bhitaura,bhitaura,
sohawal-1097,sohawal,भिखारीपुर,Bhikharipur,bhikharipur,
sohawal-1098,sohawal,भाईपुर,Bhaipur,bhaipur,
sohawal-1099,sohawal,भीखनपुर,Bhikhanpur,bhikhanpur,
sohawal-1100,sohawal,मउयदुवंशपुर,Mauyduwanshpur,mauyduwanshpur,
sohawal-1101,sohawal,मैनुददीनपुर,Mainuddinpur,mainuddinpur,
sohawal-1102,sohawal,माधवपुर,Madhavpur,madhavpur,
sohawal-1103,sohawal,महावा,Mahawa,mahawa,
sohawal-1104,sohawal,मिर्जापुर निमौली,Mirjapur Nimauli,mirjapur-nimauli,
sohawal-1105,sohawal,मोहीउददीनपुर,Mohiuddinpur,mohiuddinpur,
sohawal-1106,sohawal,मोकलपुर,Mokalpur,mokalpur,
sohawal-1107,sohawal,मानापुर,Manapur,manapur,
sohawal-1108,sohawal,माझाकला,Majhakala,majhakala,
sohawal-1109,sohawal,मुमताजनगर,Mumtaznagar,mumtaznagar,
sohawal-1110,sohawal,मुस्ताफाबाद,Mustafabad,mustafabad,
sohawal-1111,sohawal,महोली उपरहर,Maholi Uparhar,maholi-uparhar,
sohawal-1112,sohawal,महोली माझा,Maholi Majha,maholi-majha,
sohawal-1113,sohawal,मिश्रौली,Mishrauli,mishrauli,
sohawal-1114,sohawal,मधुपुर,Madhupur,madhupur,
sohawal-1115,sohawal,मीरपुर काटा,Mirpur Kata,mirpur-kata,
sohawal-1116,sohawal,मोईयाकपूरपुर,Moiyakpurpur,moiyakpurpur,
sohawal-1117,sohawal,मगलसी उपरहर,Magalsi Uparhar,magalsi-uparhar,
sohawal-1118,sohawal,मगलसी माझा,Magalsi Majha,magalsi-majha,
sohawal-1119,sohawal,मजनावा,Majnawa,majnawa,
sohawal-1120,sohawal,रग्घुपुर,Ragghupur,ragghupur,
sohawal-1121,sohawal,रायपुर,Raypur,raypur,
sohawal-1122,sohawal,रामपुर कछार,Rampur Kachhar,rampur-kachhar,
sohawal-1123,sohawal,रहीमपुर बैदौली,Rahimpur Baidauli,rahimpur-baidauli,
sohawal-1124,sohawal,रामनगर धौरहरा,Ramnagar Dhaurahra,ramnagar-dhaurahra,
sohawal-1125,sohawal,रामपुर ग्रन्ट,Rampur Grant,rampur-grant,
sohawal-1126,sohawal,रैथुवा,Raithuwa,raithuwa,
sohawal-1127,sohawal,राजापुर माफी,Rajapur Mafi,rajapur-mafi,
sohawal-1128,sohawal,रसूलपुर सकरावल,Rasulpur Sakrawal,rasulpur-sakrawal,
sohawal-1129,sohawal,रौनाही उपरहर,Raunahi Uparhar,raunahi-uparhar,
sohawal-1130,sohawal,रौनाही माझा,Raunahi Majha,raunahi-majha,
sohawal-1131,sohawal,लहरापुर,Lahrapur,lahrapur,
sohawal-1132,sohawal,लखौरी,Lakhauri,lakhauri,
sohawal-1133,sohawal,सोफियापारा,Sofiyapara,sofiyapara,
sohawal-1134,sohawal,सरैया,Saraiya,saraiya,
sohawal-1135,sohawal,सथरी,Sathri,sathri,
sohawal-1136,sohawal,साखूपारा,Sakhupara,sakhupara,
sohawal-1137,sohawal,सिडहिर नरसिंहपुर,Sidhir Narsinhpur,sidhir-narsinhpur,
sohawal-1138,sohawal,सरियावा,Sariyawa,sariyawa,
sohawal-1139,sohawal,सलारपुर,Salarpur,salarpur,
sohawal-1140,sohawal,सरायनामू,Saraynamu,saraynamu,
sohawal-1141,sohawal,सनाहा उपरहर,Sanaha Uparhar,sanaha-uparhar,
sohawal-1142,sohawal,सनाहा मांझा,Sanaha Manjha,sanaha-manjha,
sohawal-1143,sohawal,सीबार,Sibar,sibar,
sohawal-1144,sohawal,सरजूपुर उपरहर,Sarjupur Uparhar,sarjupur-uparhar,
sohawal-1145,sohawal,सरजूपुर मांझा,Sarjupur Manjha,sarjupur-manjha,
sohawal-1146,sohawal,सिहैता लोहानी,Sihaita Lohani,sihaita-lohani,
sohawal-1147,sohawal,सांरगापुर,Sanrgapur,sanrgapur,
sohawal-1148,sohawal,साल्हेपुर निमैचा,Salhepur Nimaicha,salhepur-nimaicha,
sohawal-1149,sohawal,सफीपुर माझा,Safipur Majha,safipur-majha,
sohawal-1150,sohawal,सोहावल,Sohawal,sohawal,
sohawal-1151,sohawal,शेखपुर जाफर,Shekhpur Jafar,shekhpur-jafar,
sohawal-1152,sohawal,सुरवारी,Surwari,surwari,
sohawal-1153,sohawal,सोखावां,Sokhawan,sokhawan,
sohawal-1154,sohawal,हाजीपर सिंहपुर,Hajipar Sinhpur,hajipar-sinhpur,
sohawal-1155,sohawal,हरीपुर जलालाबाद,Haripur Jalalabad,haripur-jalalabad,
sohawal-1156,sohawal,हुसेपुर,Husepur,husepur,
sohawal-1157,sohawal,हाजीपुर बरसेण्डी उपरहरर,Hajipur Barsendi Uprahrar,hajipur-barsendi-uprahrar,
sohawal-1158,sohawal,हाजीपुर बरसेण्डी माझा,Hajipur Barsendi Majha,hajipur-barsendi-majha,
sohawal-1159,sohawal,हरबन्धनपुर,Harbandhanpur,harbandhanpur,
