locality,tehsil,residential,commercial,agricultural,vcode,serial,category,ward_hi
अरसठ,Bikapur,5000,35000,3400000,1001,1,ग्रामीण,
अवनपुर,Bikapur,5000,35000,3400000,1002,2,ग्रामीण,
अमॉवा,Bikapur,5500,41000,3600000,1003,3,ग्रामीण(वि0),
अमौनी,Bikapur,5000,35000,3400000,1004,4,ग्रामीण,
असरेवा,Bikapur,5500,41000,3600000,1005,5,ग्रामीण(वि0),
अरूवावां,Bikapur,5000,35000,3400000,1006,6,ग्रामीण,
असकरनपुर,Bikapur,6300,42000,4000000,1007,7,ग्रामीण(वि0),
अहिरौली,Bikapur,5000,35000,3400000,1008,8,ग्रामीण,
अहिरानीगोपालपुर,Bikapur,5500,41000,3600000,1009,9,ग्रामीण(वि0),
अरियासी,Bikapur,5000,35000,3400000,1010,10,ग्रामीण,
औहरपुर,Bikapur,11000,50000,5000000,1011,11,अर्द्धनगरीय,
ओदीरतनाथपुर,Bikapur,5000,35000,3400000,1012,12,ग्रामीण,
अंकारी,Bikapur,5000,35000,3400000,1013,13,ग्रामीण,
इमिलिया,Bikapur,6500,45000,4500000,1014,14,ग्रामीण(वि0),
इछौरी,Bikapur,5000,35000,3400000,1015,15,ग्रामीण,
इस्लामपुर,Bikapur,5000,35000,3400000,1016,16,ग्रामीण,
इस्माइलपुर,Bikapur,5500,41000,3600000,1017,17,ग्रामीण(वि0),
उदईपुर,Bikapur,5000,35000,3400000,1018,18,ग्रामीण,
उँचगांव,Bikapur,8000,45000,4500000,1019,19,ग्रामीण(वि0),
उमरपुर,Bikapur,6500,45000,4500000,1020,20,ग्रामीण(वि0),
उमरनी आ0 सुल्तानपुर,Bikapur,5000,35000,3400000,1021,21,ग्रामीण,
उसरी,Bikapur,5000,35000,3400000,1022,22,ग्रामीण,
उमरनीपिपरी,Bikapur,6300,42000,4000000,1023,23,ग्रामीण(वि0),
उमापुरकैथोलिया,Bikapur,5000,35000,3400000,1024,24,ग्रामीण,
उमापुरबादफरोशा,Bikapur,5000,35000,3400000,1025,25,ग्रामीण,
करौंदी मु0 धरेठादशरथपुर,Bikapur,5000,35000,3400000,1026,26,ग्रामीण,
करौंदी मु0 हैदरगंज,Bikapur,5000,35000,3400000,1027,27,ग्रामीण,
ककराही,Bikapur,5000,35000,3400000,1028,28,ग्रामीण,
ककोली,Bikapur,6300,42000,4000000,1029,29,ग्रामीण(वि0),
कनावां,Bikapur,6300,42000,4000000,1030,30,ग्रामीण(वि0),
कटारी,Bikapur,7800,44000,4500000,1031,31,ग्रामीण(वि0),
करनपुर,Bikapur,5500,41000,3600000,1032,32,ग्रामीण(वि0),
कटौना,Bikapur,5000,35000,3400000,1033,33,ग्रामीण,
कटकामकदूमपुर,Bikapur,5000,35000,3400000,1034,34,ग्रामीण,
करौंदीमाफी,Bikapur,5000,35000,3400000,1035,35,ग्रामीण,
कनकपुरझगरौली,Bikapur,6300,42000,4000000,1036,36,ग्रामीण(वि0),
कल्यानपुरछितौना,Bikapur,8000,45000,4500000,1037,37,ग्रामीण(वि0),
कल्यानपुरचकडुहिया,Bikapur,5000,35000,3400000,1038,38,ग्रामीण,
करनाईपुरमु0पारागरीबशाह,Bikapur,5000,35000,3400000,1039,39,ग्रामीण,
करनाईपुर मु0 भीटी,Bikapur,5000,35000,3400000,1040,40,ग्रामीण,
कादीपुर,Bikapur,5000,35000,3400000,1041,41,ग्रामीण,
कादीपुर मु0 सरायखरगी,Bikapur,5000,35000,3400000,1042,42,ग्रामीण,
किलहना,Bikapur,5000,35000,3400000,1043,43,ग्रामीण,
किछूटीकिशुनदासपुर,Bikapur,7800,44000,4500000,1044,44,ग्रामीण(वि0),
कुढ़ा,Bikapur,5000,35000,3400000,1045,45,ग्रामीण,
कुआंडाड़,Bikapur,5000,35000,3400000,1046,46,ग्रामीण,
कूरेभारी,Bikapur,5000,35000,3400000,1047,47,ग्रामीण,
केलालालखॉ,Bikapur,6300,42000,4000000,1048,48,ग्रामीण(वि0),
केवलापुरउर्फतकमीनगंज,Bikapur,7800,44000,4500000,1049,49,ग्रामीण(वि0),
केसरूआबुजुर्ग,Bikapur,5000,35000,3400000,1050,50,ग्रामीण,
कोदैला,Bikapur,6300,42000,4000000,1051,51,ग्रामीण(वि0),
कोंछा,Bikapur,8000,45000,4500000,1052,52,ग्रामीण(वि0),
कोड़रामुसलमीन,Bikapur,5000,35000,3400000,1053,53,ग्रामीण,
कोड़राब्रम्हनान,Bikapur,7800,44000,4500000,1054,54,ग्रामीण(वि0),
कोरोराघवपुर,Bikapur,5500,41000,3600000,1055,55,ग्रामीण(वि0),
कांधरपुर,Bikapur,5000,35000,3400000,1056,56,ग्रामीण,
खपराडीह,Bikapur,6300,42000,4000000,1057,57,ग्रामीण(वि0),
खजुरहट,Bikapur,8000,45000,4500000,1058,58,ग्रामीण(वि0),
खजुरीरामपुर,Bikapur,5000,35000,3400000,1059,59,ग्रामीण,
खिदिदरपुर,Bikapur,5500,41000,3600000,1060,60,ग्रामीण(वि0),
खुटेहना,Bikapur,5000,35000,3400000,1061,61,ग्रामीण,
खेवली,Bikapur,5000,35000,3400000,1062,62,ग्रामीण,
खेतपलिया,Bikapur,5000,35000,3400000,1063,63,ग्रामीण,
खेमासराय,Bikapur,6500,45000,4500000,1064,64,ग्रामीण(वि0),
खेमीपुरनिधियावां,Bikapur,6300,42000,4000000,1065,65,ग्रामीण(वि0),
खेमपुरचंदई,Bikapur,5000,35000,3400000,1066,66,ग्रामीण,
खोंधूपुर,Bikapur,5000,35000,3400000,1067,67,ग्रामीण,
खौपुर,Bikapur,5000,35000,3400000,1068,68,ग्रामीण,
गरौली,Bikapur,5000,35000,3400000,1069,69,ग्रामीण,
गयासपुर,Bikapur,6300,42000,4000000,1070,70,ग्रामीण(वि0),
गण्डई,Bikapur,5000,35000,3400000,1071,71,ग्रामीण,
गींजा,Bikapur,5000,35000,3400000,1072,72,ग्रामीण,
गुन्धौर,Bikapur,6300,42000,4000000,1073,73,ग्रामीण(वि0),
गुरौली,Bikapur,5000,35000,3400000,1074,74,ग्रामीण,
गोपालापुर,Bikapur,5000,35000,3400000,1075,75,ग्रामीण,
गोबिन्दपुर,Bikapur,5000,35000,3400000,1076,76,ग्रामीण,
गोठौरा,Bikapur,5000,35000,3400000,1077,77,ग्रामीण,
गौरा,Bikapur,5000,35000,3400000,1078,78,ग्रामीण,
गौहनियां,Bikapur,5000,35000,3400000,1079,79,ग्रामीण,
गौहानीखुर्द,Bikapur,7800,44000,4500000,1080,80,ग्रामीण(वि0),
गौहानीकलां,Bikapur,5000,35000,3400000,1081,81,ग्रामीण,
गंगापुर मु0 रमऊपुर,Bikapur,5000,35000,3400000,1082,82,ग्रामीण,
गंगापुर मु0 टिकरी,Bikapur,5000,35000,3400000,1083,83,ग्रामीण,
गंगापुर मु0 ढ़ेमाबैश्य,Bikapur,5000,35000,3400000,1084,84,ग्रामीण,
घूरीटीकर,Bikapur,6300,42000,4000000,1085,85,ग्रामीण(वि0),
चकसलेम,Bikapur,5000,35000,3400000,1086,86,ग्रामीण,
चकमोदमिदपुर,Bikapur,5000,35000,3400000,1087,87,ग्रामीण,
चक्सेनपुर,Bikapur,5000,35000,3400000,1088,88,ग्रामीण,
चम्पारपुर,Bikapur,5000,35000,3400000,1089,89,ग्रामीण,
चरावां,Bikapur,7800,44000,4500000,1090,90,ग्रामीण(वि0),
चर्तुभुजपुर,Bikapur,5000,35000,3400000,1091,91,ग्रामीण,
चन्दीपुरनगहरा,Bikapur,5500,41000,3600000,1092,92,ग्रामीण(वि0),
चितांवा,Bikapur,8000,45000,4500000,1093,93,ग्रामीण(वि0),
चेतरा,Bikapur,5000,35000,3400000,1094,94,ग्रामीण,
चौबेपुर,Bikapur,5000,35000,3400000,1095,95,ग्रामीण,
चौरेचन्दौली,Bikapur,8000,45000,4500000,1096,96,ग्रामीण(वि0),
चॉदपुर,Bikapur,8000,45000,4500000,1097,97,ग्रामीण(वि0),
चॉदपुर मु0 घूरीटीकर,Bikapur,5500,41000,3600000,1098,98,ग्रामीण(वि0),
चंवरढ़ार,Bikapur,6300,42000,4000000,1099,99,ग्रामीण(वि0),
जजवारा,Bikapur,5000,35000,3400000,1100,100,ग्रामीण,
जयसिंहमऊ,Bikapur,6300,42000,4000000,1101,101,ग्रामीण(वि0),
जगदीशपुर उर्फ पाठकपुर,Bikapur,5000,35000,3400000,1102,102,ग्रामीण,
जमोलीखुर्द,Bikapur,5500,41000,3600000,1103,103,ग्रामीण(वि0),
जलालपुरमाफी,Bikapur,8000,45000,4500000,1104,104,ग्रामीण(वि0),
जलालपुरभग्गू,Bikapur,6300,42000,4000000,1105,105,ग्रामीण(वि0),
जाना,Bikapur,8000,45000,4500000,1106,106,ग्रामीण(वि0),
जासरपुर,Bikapur,8000,45000,4500000,1107,107,ग्रामीण(वि0),
जेरूवा,Bikapur,5000,35000,3400000,1108,108,ग्रामीण,
जैनपुर,Bikapur,5000,35000,3400000,1109,109,ग्रामीण,
जोहन,Bikapur,6300,42000,4000000,1110,110,ग्रामीण(वि0),
टिकरी,Bikapur,5500,41000,3600000,1111,111,ग्रामीण(वि0),
डगराभारी,Bikapur,5000,35000,3400000,1112,112,ग्रामीण,
डेहरियावां,Bikapur,6300,42000,4000000,1113,113,ग्रामीण(वि0),
ढ़ेमाबैश्य,Bikapur,5000,35000,3400000,1114,114,ग्रामीण,
ढ़ेमाशिवबक्शराय,Bikapur,5000,35000,3400000,1115,115,ग्रामीण,
तरहरा,Bikapur,5000,35000,3400000,1116,116,ग्रामीण,
तारून,Bikapur,8000,45000,4500000,1117,117,ग्रामीण(वि0),
ताजपुर,Bikapur,8000,45000,4500000,1118,118,ग्रामीण(वि0),
तारडीह,Bikapur,5000,35000,3400000,1119,119,ग्रामीण,
तारापुर,Bikapur,5500,41000,3600000,1120,120,ग्रामीण(वि0),
तिवारीपुर,Bikapur,5000,35000,3400000,1121,121,ग्रामीण,
तेन्दुआमाफी,Bikapur,12000,65000,6000000,1122,122,अर्द्धनगरीय,
तोरोमाफी,Bikapur,8000,45000,4500000,1123,123,ग्रामीण(वि0),
थरियाकलां,Bikapur,5000,35000,3400000,1124,124,ग्रामीण,
दिलीपपुर,Bikapur,5000,35000,3400000,1125,125,ग्रामीण,
दरियापुर,Bikapur,5000,35000,3400000,1126,126,ग्रामीण,
दशरथपुर,Bikapur,6300,42000,4000000,1127,127,ग्रामीण(वि0),
दसलावन,Bikapur,5000,35000,3400000,1128,128,ग्रामीण,
दयालजोत,Bikapur,5000,35000,3400000,1129,129,ग्रामीण,
दॉदूपुर,Bikapur,5000,35000,3400000,1130,130,ग्रामीण,
दुबॉवा,Bikapur,5000,35000,3400000,1131,131,ग्रामीण,
देवापुर,Bikapur,5000,35000,3400000,1132,132,ग्रामीण,
देवकलीमाफी,Bikapur,5000,35000,3400000,1133,133,ग्रामीण,
देवरीमु0ढ़ेमाबैश्य,Bikapur,5000,35000,3400000,1134,134,ग्रामीण,
देवापट्टी,Bikapur,5000,35000,3400000,1135,135,ग्रामीण,
देवरीरंजीतसिंह,Bikapur,5000,35000,3400000,1136,136,ग्रामीण,
दोस्तग्रामपुर,Bikapur,5000,35000,3400000,1137,137,ग्रामीण,
दौदहा,Bikapur,5000,35000,3400000,1138,138,ग्रामीण,
धमहर,Bikapur,5000,35000,3400000,1139,139,ग्रामीण,
धरेठादशरथपुर,Bikapur,5000,35000,3400000,1140,140,ग्रामीण,
धेनुवॉवा,Bikapur,5000,35000,3400000,1141,141,ग्रामीण,
धर्मपुरमु0पारागरीबशाह,Bikapur,5000,35000,3400000,1142,142,ग्रामीण,
धर्मपुरमु0घूरीटीकर,Bikapur,5500,41000,3600000,1143,143,ग्रामीण(वि0),
धौरहराकुटी,Bikapur,6500,45000,4500000,1144,144,ग्रामीण(वि0),
न्यूना पूरब,Bikapur,5000,35000,3400000,1145,145,ग्रामीण,
न्यूनापश्चिम,Bikapur,5000,35000,3400000,1146,146,ग्रामीण,
नरायनपुर,Bikapur,7800,44000,4500000,1147,147,ग्रामीण(वि0),
नसरतपुर,Bikapur,5000,35000,3400000,1148,148,ग्रामीण,
नथनपुर,Bikapur,7800,44000,4500000,1149,149,ग्रामीण(वि0),
नदौना,Bikapur,5000,35000,3400000,1150,150,ग्रामीण,
नरोत्तमपुर,Bikapur,11000,50000,5000000,1151,151,अर्द्धनगरीय,
नन्दरौली,Bikapur,11000,50000,5000000,1152,152,अर्द्धनगरीय,
नन्दूपुर,Bikapur,5000,35000,3400000,1153,153,ग्रामीण,
नगईपुर,Bikapur,5000,35000,3400000,1154,154,ग्रामीण,
नागपाली,Bikapur,5000,35000,3400000,1155,155,ग्रामीण,
नाभापुर,Bikapur,5000,35000,3400000,1156,156,ग्रामीण,
नाहरपुर,Bikapur,5000,35000,3400000,1157,157,ग्रामीण,
नासिरपुरमूसी,Bikapur,12000,65000,6000000,1158,158,अर्द्धनगरीय,
नियाजपुर,Bikapur,5000,35000,3400000,1159,159,ग्रामीण,
नुवांवाबैदरा,Bikapur,5000,35000,3400000,1160,160,ग्रामीण,
नेतवारीचतुरपुर,Bikapur,7800,44000,4500000,1161,161,ग्रामीण(वि0),
पचगवां,Bikapur,6300,42000,4000000,1162,162,ग्रामीण(वि0),
पछियाना,Bikapur,7800,44000,4500000,1163,163,ग्रामीण(वि0),
परोमा,Bikapur,8000,45000,4500000,1164,164,ग्रामीण(वि0),
पण्डरी,Bikapur,5000,35000,3400000,1165,165,ग्रामीण,
परूआ,Bikapur,6300,42000,4000000,1166,166,ग्रामीण(वि0),
परवरपारा,Bikapur,5000,35000,3400000,1167,167,ग्रामीण,
पश्चिमपारा,Bikapur,5000,35000,3400000,1168,168,ग्रामीण,
परमानन्दपुर,Bikapur,5000,35000,3400000,1169,169,ग्रामीण,
परमानन्दपुर,Bikapur,5000,35000,3400000,1170,170,ग्रामीण,
पदारथपुर,Bikapur,7800,44000,4500000,1171,171,ग्रामीण(वि0),
परसीपुर,Bikapur,5000,35000,3400000,1172,172,ग्रामीण,
परसौलीमु0मुकीमपुर,Bikapur,6300,42000,4000000,1173,173,ग्रामीण(वि0),
परसावांमहोला,Bikapur,5500,41000,3600000,1174,174,ग्रामीण(वि0),
परसुही,Bikapur,5000,35000,3400000,1175,175,ग्रामीण,
पकड़ीदुर्गादासपुर,Bikapur,5000,35000,3400000,1176,176,ग्रामीण,
पारागरीबशाह,Bikapur,8000,45000,4500000,1177,177,ग्रामीण(वि0),
पाराहथिगो,Bikapur,8000,45000,4500000,1178,178,ग्रामीण(वि0),
पातूपुर,Bikapur,8000,45000,4500000,1179,179,ग्रामीण(वि0),
पालीपूरब,Bikapur,6300,42000,4000000,1180,180,ग्रामीण(वि0),
पाराराम,Bikapur,5500,41000,3600000,1181,181,ग्रामीण(वि0),
पालीअचलपुर,Bikapur,5500,41000,3600000,1182,182,ग्रामीण(वि0),
पिछौरा,Bikapur,5000,35000,3400000,1183,183,ग्रामीण,
पीथापुर,Bikapur,5000,35000,3400000,1184,184,ग्रामीण,
प्रतापपुरबरहूपुर,Bikapur,5000,35000,3400000,1185,185,ग्रामीण,
प्रानपुर,Bikapur,5000,35000,3400000,1186,186,ग्रामीण,
पुंहपी,Bikapur,6300,42000,4000000,1187,187,ग्रामीण(वि0),
पुरूषोत्तमपुर,Bikapur,5000,35000,3400000,1188,188,ग्रामीण,
पूरबपट्टी,Bikapur,8000,45000,4500000,1189,189,ग्रामीण(वि0),
पूरेबजाज,Bikapur,6300,42000,4000000,1190,190,ग्रामीण(वि0),
पूरेलाला,Bikapur,5000,35000,3400000,1191,191,ग्रामीण,
पूरेबंशवन,Bikapur,5000,35000,3400000,1192,192,ग्रामीण,
पूरेमनोहर,Bikapur,5000,35000,3400000,1193,193,ग्रामीण,
पेड़रा,Bikapur,5000,35000,3400000,1194,194,ग्रामीण,
पौहान,Bikapur,5000,35000,3400000,1195,195,ग्रामीण,
फखरपुर,Bikapur,5000,35000,3400000,1196,196,ग्रामीण,
फतेहपुरकमासिन,Bikapur,8000,45000,4500000,1197,197,ग्रामीण(वि0),
बरांव,Bikapur,6300,42000,4000000,1198,198,ग्रामीण(वि0),
बरेहटा,Bikapur,5000,35000,3400000,1199,199,ग्रामीण,
बरौली,Bikapur,5000,35000,3400000,1200,200,ग्रामीण,
बनकट,Bikapur,6300,42000,4000000,1201,201,ग्रामीण(वि0),
बसन्तपुर,Bikapur,5000,35000,3400000,1202,202,ग्रामीण,
बल्लीपुर,Bikapur,7800,44000,4500000,1203,203,ग्रामीण(वि0),
बल्लीकृपालपुर,Bikapur,5000,35000,3400000,1204,204,ग्रामीण,
बलरामपुर,Bikapur,7800,44000,4500000,1205,205,ग्रामीण(वि0),
बछरामपुर,Bikapur,7800,44000,4500000,1206,206,ग्रामीण(वि0),
बबुरा,Bikapur,5000,35000,3400000,1207,207,ग्रामीण,
बबुरिहाकौंधा,Bikapur,5000,35000,3400000,1208,208,ग्रामीण,
बड़नपुर,Bikapur,5000,35000,3400000,1209,209,ग्रामीण,
बड़गोड़ा,Bikapur,5000,35000,3400000,1210,210,ग्रामीण,
बछौलीमु0ढ़ेमा,Bikapur,5000,35000,3400000,1211,211,ग्रामीण,
वहीउद्दीनपुर,Bikapur,5000,35000,3400000,1212,212,ग्रामीण,
बारा,Bikapur,5000,35000,3400000,1213,213,ग्रामीण,
बालापुर,Bikapur,5000,35000,3400000,1214,214,ग्रामीण,
बाहरपुर,Bikapur,5000,35000,3400000,1215,215,ग्रामीण,
बासूपुर,Bikapur,5000,35000,3400000,1216,216,ग्रामीण,
बासुदेवपुर,Bikapur,5000,35000,3400000,1217,217,ग्रामीण,
बिलारीमाफी,Bikapur,12000,65000,6000000,1218,218,अर्द्धनगरीय,
विश्नोहरपुर,Bikapur,5000,35000,3400000,1219,219,ग्रामीण,
विजयनपुरसजहरा,Bikapur,6300,42000,4000000,1220,220,ग्रामीण(वि0),
बीकापुर,Bikapur,12000,65000,6000000,1221,221,अर्द्धनगरीय,
बीबीपुर,Bikapur,5000,35000,3400000,1222,222,ग्रामीण,
बेला,Bikapur,6300,42000,4000000,1223,223,ग्रामीण(वि0),
बेलाचकसीराम,Bikapur,5000,35000,3400000,1224,224,ग्रामीण,
बेनीगद्दोपुर,Bikapur,7800,44000,4500000,1225,225,ग्रामीण(वि0),
बेलगरा,Bikapur,6300,42000,4000000,1226,226,ग्रामीण(वि0),
बेदापुर,Bikapur,5000,35000,3400000,1227,227,ग्रामीण,
बेनीपुर,Bikapur,6300,42000,4000000,1228,228,ग्रामीण(वि0),
बैसूपाली,Bikapur,5000,35000,3400000,1229,229,ग्रामीण,
बैदौली,Bikapur,6500,45000,4500000,1230,230,ग्रामीण(वि0),
बैंतीकला,Bikapur,8000,45000,4500000,1231,231,ग्रामीण(वि0),
बोदहरी,Bikapur,6500,45000,4500000,1232,232,ग्रामीण(वि0),
भदारखुर्दबुजुर्ग,Bikapur,5000,35000,3400000,1233,233,ग्रामीण,
भगवानपुर,Bikapur,5000,35000,3400000,1234,234,ग्रामीण,
भदेसर,Bikapur,5000,35000,3400000,1235,235,ग्रामीण,
भवनाथपुर,Bikapur,5000,35000,3400000,1236,236,ग्रामीण,
भरहूखाता,Bikapur,8000,45000,4500000,1237,237,ग्रामीण(वि0),
भावापुर,Bikapur,6300,42000,4000000,1238,238,ग्रामीण(वि0),
भिटौरा,Bikapur,5000,35000,3400000,1239,239,ग्रामीण,
भिटौरा,Bikapur,5000,35000,3400000,1240,240,ग्रामीण,
भीखीपुरझलिहा,Bikapur,8000,45000,4500000,1241,241,ग्रामीण(वि0),
भीखीसराय,Bikapur,5000,35000,3400000,1242,242,ग्रामीण,
भुलईपुरनिधियावां,Bikapur,8000,45000,4500000,1243,243,ग्रामीण(वि0),
भैसौली,Bikapur,5000,35000,3400000,1244,244,ग्रामीण,
भैरवपुरटिकरा,Bikapur,6500,45000,4500000,1245,245,ग्रामीण(वि0),
भोपाडुहिया,Bikapur,6300,42000,4000000,1246,246,ग्रामीण(वि0),
मऊ,Bikapur,5000,35000,3400000,1247,247,ग्रामीण,
मटौना,Bikapur,5000,35000,3400000,1248,248,ग्रामीण,
मनऊपुर,Bikapur,6500,45000,4500000,1249,249,ग्रामीण(वि0),
मलावन,Bikapur,5500,41000,3600000,1250,250,ग्रामीण(वि0),
महादेवा,Bikapur,5000,35000,3400000,1251,251,ग्रामीण,
महोलिया,Bikapur,5000,35000,3400000,1252,252,ग्रामीण,
महावॉ,Bikapur,5000,35000,3400000,1253,253,ग्रामीण,
मलेथूकनक,Bikapur,7800,44000,4500000,1254,254,ग्रामीण(वि0),
मजरूद्दीनपुर,Bikapur,8000,45000,4500000,1255,255,ग्रामीण(वि0),
मदसूदनपुर,Bikapur,5000,35000,3400000,1256,256,ग्रामीण,
महरईमोहम्मदपुर,Bikapur,5000,35000,3400000,1257,257,ग्रामीण,
मरूईसहायसिंह,Bikapur,5000,35000,3400000,1258,258,ग्रामीण,
मलिकपुर,Bikapur,5000,35000,3400000,1259,259,ग्रामीण,
माझासोनौरा,Bikapur,5000,35000,3400000,1260,260,ग्रामीण,
मानापुर,Bikapur,5000,35000,3400000,1261,261,ग्रामीण,
माहनमऊ,Bikapur,5500,41000,3600000,1262,262,ग्रामीण(वि0),
मिझौलीकिसुनदासपुर,Bikapur,5000,35000,3400000,1263,263,ग्रामीण,
मीतनपुर,Bikapur,8000,45000,4500000,1264,264,ग्रामीण(वि0),
मुगीसपुर,Bikapur,8000,45000,4500000,1265,265,ग्रामीण(वि0),
मुकीमपुरउर्फपहाड़पुर,Bikapur,8000,45000,4500000,1266,266,ग्रामीण(वि0),
मुमारिजनगर,Bikapur,6300,42000,4000000,1267,267,ग्रामीण(वि0),
मैहरकबीरपुर,Bikapur,5000,35000,3400000,1268,268,ग्रामीण,
मोहीउद्दीनपुर,Bikapur,5000,35000,3400000,1269,269,ग्रामीण,
मोहम्मदपुर,Bikapur,5000,35000,3400000,1270,270,ग्रामीण,
मौरावां,Bikapur,5000,35000,3400000,1271,271,ग्रामीण,
मंगारी,Bikapur,8000,45000,4500000,1272,272,ग्रामीण(वि0),
यादवपुर,Bikapur,5000,35000,3400000,1273,273,ग्रामीण,
रसवादा,Bikapur,5000,35000,3400000,1274,274,ग्रामीण,
रण्डौलीपालीपश्चिम,Bikapur,5000,35000,3400000,1275,275,ग्रामीण,
रतनपुरतेन्दुआ,Bikapur,5000,35000,3400000,1276,276,ग्रामीण,
रजौरा,Bikapur,5000,35000,3400000,1277,277,ग्रामीण,
रजौरामु0टिकरी,Bikapur,5000,35000,3400000,1278,278,ग्रामीण,
रसूलपुरमीरा,Bikapur,11000,50000,5000000,1279,279,अर्द्धनगरीय,
रसूलपुरआ0सुल्तानपुर,Bikapur,5000,35000,3400000,1280,280,ग्रामीण,
रमईपुर,Bikapur,6300,42000,4000000,1281,281,ग्रामीण(वि0),
रखौना,Bikapur,6300,42000,4000000,1282,282,ग्रामीण(वि0),
रहेठ,Bikapur,8000,45000,4500000,1283,283,ग्रामीण(वि0),
रसुलहा,Bikapur,8000,45000,4500000,1284,284,ग्रामीण(वि0),
रमवाकला,Bikapur,5500,41000,3600000,1285,285,ग्रामीण(वि0),
रामनगर,Bikapur,8000,45000,4500000,1286,286,ग्रामीण(वि0),
रामदासपुर,Bikapur,5000,35000,3400000,1287,287,ग्रामीण,
राजेपुरचकिया,Bikapur,5000,35000,3400000,1288,288,ग्रामीण,
रामदासपुरमझौली,Bikapur,6300,42000,4000000,1289,289,ग्रामीण(वि0),
रामपुरभगन,Bikapur,8000,45000,4500000,1290,290,ग्रामीण(वि0),
रामपुरपरेई,Bikapur,12000,65000,5000000,1291,291,अर्द्धनगरीय,
रामपुरप्रताप,Bikapur,5000,35000,3400000,1292,292,ग्रामीण,
रामपुरअहिरौली,Bikapur,6300,42000,4000000,1293,293,ग्रामीण(वि0),
रूरूखास,Bikapur,6300,42000,4000000,1294,294,ग्रामीण(वि0),
रूसियामाफी,Bikapur,5000,35000,3400000,1295,295,ग्रामीण,
रूपीपुरबझना,Bikapur,5000,35000,3400000,1296,296,ग्रामीण,
रूरूपट्टीविशेषर,Bikapur,5500,41000,3600000,1297,297,ग्रामीण(वि0),
रेवरी,Bikapur,5000,35000,3400000,1298,298,ग्रामीण,
रौहारी,Bikapur,6300,42000,4000000,1299,299,ग्रामीण(वि0),
लक्ष्मनपुरग्रण्ट,Bikapur,5000,35000,3400000,1300,300,ग्रामीण,
लुत्फाबादबछौली,Bikapur,5500,41000,3600000,1301,301,ग्रामीण(वि0),
समदा,Bikapur,5000,35000,3400000,1302,302,ग्रामीण,
सहसीपुर,Bikapur,5000,35000,3400000,1303,303,ग्रामीण,
सरायसागर,Bikapur,5000,35000,3400000,1304,304,ग्रामीण,
सरायगौतम,Bikapur,5000,35000,3400000,1305,305,ग्रामीण,
सरायमनोधर,Bikapur,7800,44000,4500000,1306,306,ग्रामीण(वि0),
सरसवां,Bikapur,5000,35000,3400000,1307,307,ग्रामीण,
सतना,Bikapur,5500,41000,3600000,1308,308,ग्रामीण(वि0),
सहावॉ,Bikapur,6300,42000,4000000,1309,309,ग्रामीण(वि0),
सरेसर,Bikapur,5000,35000,3400000,1310,310,ग्रामीण,
सहजपुर,Bikapur,5500,41000,3600000,1311,311,ग्रामीण(वि0),
सरवनपुर,Bikapur,5000,35000,3400000,1312,312,ग्रामीण,
सरायसूरा,Bikapur,5000,35000,3400000,1313,313,ग्रामीण,
सरायखरगी,Bikapur,5500,41000,3600000,1314,314,ग्रामीण(वि0),
सरायशेखमहमूद,Bikapur,8000,45000,4500000,1315,315,ग्रामीण(वि0),
सरायभनौली,Bikapur,8000,45000,4500000,1316,316,ग्रामीण(वि0),
सरायरघुनाथ,Bikapur,5000,35000,3400000,1317,317,ग्रामीण,
सागरपुर,Bikapur,7800,44000,4500000,1318,318,ग्रामीण(वि0),
साल्हीपुर,Bikapur,5500,41000,3600000,1319,319,ग्रामीण(वि0),
सिरसा,Bikapur,5000,35000,3400000,1320,320,ग्रामीण,
सिहोरिया,Bikapur,7800,44000,4500000,1321,321,ग्रामीण(वि0),
सींका,Bikapur,11000,50000,5000000,1322,322,अर्द्धनगरीय,
सीहीपुर,Bikapur,6300,42000,4000000,1323,323,ग्रामीण(वि0),
सुखनावां,Bikapur,5000,35000,3400000,1324,324,ग्रामीण,
सूल्हेपुर,Bikapur,5000,35000,3400000,1325,325,ग्रामीण,
सेमरा,Bikapur,11000,50000,5000000,1326,326,अर्द्धनगरीय,
सेमरीबल्लीपुर,Bikapur,5000,35000,3400000,1327,327,ग्रामीण,
सैनपुर,Bikapur,5000,35000,3400000,1328,328,ग्रामीण,
सोहवलसलोनी,Bikapur,6300,42000,4000000,1329,329,ग्रामीण(वि0),
सोनवरसामाफी,Bikapur,5000,35000,3400000,1330,330,ग्रामीण,
सोनवरसामुसलमीन,Bikapur,8000,45000,4500000,1331,331,ग्रामीण(वि0),
सोनखरी,Bikapur,6300,42000,4000000,1332,332,ग्रामीण(वि0),
सोनौरागाऊपुर,Bikapur,5000,35000,3400000,1333,333,ग्रामीण,
संवरधीर,Bikapur,5000,35000,3400000,1334,334,ग्रामीण,
शहाबुद्दीनपुर,Bikapur,5000,35000,3400000,1335,335,ग्रामीण,
शफीपुर,Bikapur,5000,35000,3400000,1336,336,ग्रामीण,
शाहापारा,Bikapur,5000,35000,3400000,1337,337,ग्रामीण,
शिवतर,Bikapur,5500,41000,3600000,1338,338,ग्रामीण(वि0),
शिवरामपुर,Bikapur,5000,35000,3400000,1339,339,ग्रामीण,
शेरपुर,Bikapur,5000,35000,3400000,1340,340,ग्रामीण,
शेरपुरपारा,Bikapur,8000,45000,4500000,1341,341,ग्रामीण(वि0),
शंकरपुर,Bikapur,5500,41000,3600000,1342,342,ग्रामीण(वि0),
हथिगो,Bikapur,6300,42000,4000000,1343,343,ग्रामीण(वि0),
हल्लेद्वारिकापुर,Bikapur,6300,42000,4000000,1344,344,ग्रामीण(वि0),
हरिबंशपुर,Bikapur,5000,35000,3400000,1345,345,ग्रामीण,
हरिहरपुर,Bikapur,5000,35000,3400000,1346,346,ग्रामीण,
हरिनाथपुर,Bikapur,5000,35000,3400000,1347,347,ग्रामीण,
हरिदासपुर,Bikapur,5000,35000,3400000,1348,348,ग्रामीण,
हुसेनपुर,Bikapur,8000,45000,4500000,1349,349,ग्रामीण(वि0),
हैदरगंज,Bikapur,8000,45000,4500000,1350,350,ग्रामीण(वि0),
हृदयीपुर,Bikapur,8000,45000,4500000,1351,351,ग्रामीण(वि0),
अंजरौली,Milkipur,12000,41000,4500000,1001,1,ग्रामीण,
अखयपुर,Milkipur,7000,35000,3500000,1002,2,ग्रामीण,
अस्थना,Milkipur,12000,41000,4400000,1003,3,ग्रामीण,
अगरवा,Milkipur,9000,36000,3600000,1004,4,ग्रामीण,
अलीपुर खजुरी,Milkipur,12000,41000,4400000,1005,5,ग्रामीण,
अधियौना,Milkipur,9000,36000,3600000,1006,6,ग्रामीण,
अधियारी,Milkipur,9000,36000,3600000,1007,7,ग्रामीण,
अहरनसुवंश,Milkipur,12000,41000,4500000,1008,8,ग्रामीण,
आदिलपुर,Milkipur,12000,41000,4500000,1009,9,ग्रामीण,
अछोरा,Milkipur,12000,41000,4500000,1010,10,ग्रामीण,
अमावाछीटन,Milkipur,14000,46000,5000000,1011,11,अर्द्धनगरीय,
अकमा,Milkipur,14000,46000,4500000,1012,12,अर्द्धनगरीय,
अमरहर,Milkipur,7000,33000,3600000,1013,13,ग्रामीण,
ओरवा,Milkipur,12000,41000,4400000,1014,14,ग्रामीण,
अमावांसूफी,Milkipur,12100,42000,4600000,1015,15,ग्रामीण,
अल्लापुर,Milkipur,7000,33000,3500000,1016,16,ग्रामीण,
अटेसर,Milkipur,7000,33000,3600000,1017,17,ग्रामीण,
अरमारूपीपुर,Milkipur,7000,33000,3600000,1018,18,ग्रामीण,
अहिरौली सलोनी,Milkipur,11000,39000,4000000,1019,19,ग्रामीण,
अड़बड़ सरैया,Milkipur,10000,37000,3600000,1020,20,ग्रामीण,
ईटगांव,Milkipur,12000,41000,4500000,1021,21,ग्रामीण,
इनायतनगर,Milkipur,14000,46000,4800000,1022,22,ग्रामीण,
इसौली भारी,Milkipur,9000,36000,3500000,1023,23,ग्रामीण,
इमामगंज,Milkipur,12000,39000,3800000,1024,24,ग्रामीण,
इदिलपुर,Milkipur,12000,39000,3800000,1025,25,ग्रामीण,
इछोई,Milkipur,7000,33000,4000000,1026,26,ग्रामीण,
इब्राहिमपुर,Milkipur,7000,33000,3800000,1027,27,ग्रामीण,
इटौजा,Milkipur,8000,35000,3900000,1028,28,ग्रामीण,
उधुई,Milkipur,11000,42000,4400000,1029,29,ग्रामीण,
उरूवा वैश्य,Milkipur,10000,39000,4000000,1030,30,ग्रामीण,
उघरनपुर,Milkipur,7000,33000,3600000,1031,31,ग्रामीण,
उछाहपाली,Milkipur,10000,37000,4000000,1032,32,ग्रामीण,
उपाध्यायपुर,Milkipur,12000,42000,4000000,1033,33,ग्रामीण,
कुन्धनाखुर्द,Milkipur,10000,37000,3500000,1034,34,ग्रामीण,
कलन्दरपुर,Milkipur,10000,37000,3500000,1035,35,ग्रामीण,
किनौली,Milkipur,11000,39000,4000000,1036,36,ग्रामीण,
कुम्भी,Milkipur,10000,37000,3900000,1037,37,ग्रामीण,
कीन्हुपुर,Milkipur,7000,33000,3500000,1038,38,ग्रामीण,
कहुवा,Milkipur,7000,33000,3500000,1039,39,ग्रामीण,
कुरावन,Milkipur,11000,39000,4000000,1040,40,ग्रामीण,
कदनपुर,Milkipur,11000,39000,4000000,1041,41,ग्रामीण,
केशवपुर चिलबिली,Milkipur,11000,39000,4000000,1042,42,ग्रामीण,
कल्याणपुर केवटानी,Milkipur,11000,39000,4000000,1043,43,ग्रामीण,
कौराह,Milkipur,8000,35000,3800000,1044,44,ग्रामीण,
कटघरा,Milkipur,7000,33000,3600000,1045,45,ग्रामीण,
कटैया बालम,Milkipur,7000,33000,3400000,1046,46,ग्रामीण,
कंजी,Milkipur,8000,35000,3600000,1047,47,ग्रामीण,
कुन्दुर्खाकला,Milkipur,9000,36000,3600000,1048,48,ग्रामीण,
कोटिया,Milkipur,11000,39000,4000000,1049,49,ग्रामीण,
कोटडीह,Milkipur,7000,33000,3500000,1050,50,ग्रामीण,
कुचेरा,Milkipur,14000,46000,4500000,1051,51,ग्रामीण,
करमडांडा(चमनगंज),Milkipur,14000,46000,4300000,1052,52,ग्रामीण,
कन्दई कला,Milkipur,8000,35000,4000000,1053,53,ग्रामीण,
कटैया भादी,Milkipur,7000,33000,3200000,1054,54,ग्रामीण,
किठावा,Milkipur,7000,33000,3200000,1055,55,ग्रामीण,
खजुरी मिर्जापुर,Milkipur,7000,33000,3200000,1056,56,ग्रामीण,
खरियौना,Milkipur,7000,33000,3200000,1057,57,ग्रामीण,
खजुरी आ0 सुल्तानपुर,Milkipur,7000,33000,3200000,1058,58,ग्रामीण,
खड़भड़िया,Milkipur,10000,37000,4000000,1059,59,ग्रामीण,
खण्डासा,Milkipur,12000,39000,4300000,1060,60,ग्रामीण,
खिहारन,Milkipur,14000,46000,4500000,1061,61,ग्रामीण,
खड़सेपुर,Milkipur,7000,33000,3200000,1062,62,ग्रामीण,
खानपुर,Milkipur,7000,33000,3200000,1063,63,ग्रामीण,
गोकुला,Milkipur,10000,37000,3600000,1064,64,ग्रामीण,
गढ़ा,Milkipur,6500,33000,3000000,1065,65,ग्रामीण,
गोरवा,Milkipur,7000,33000,3000000,1066,66,ग्रामीण,
गयासुद्दीनपुर,Milkipur,9000,36000,3500000,1067,67,ग्रामीण,
गनेशपुर,Milkipur,8000,35000,3200000,1068,68,ग्रामीण,
गोइड़ी,Milkipur,7000,33000,3200000,1069,69,ग्रामीण,
गड़ौली,Milkipur,7000,33000,3100000,1070,70,ग्रामीण,
गौहनिया,Milkipur,7000,33000,3100000,1071,71,ग्रामीण,
गहनाग,Milkipur,8000,35000,3500000,1072,72,ग्रामीण,
गंगासराय,Milkipur,7000,33000,3100000,1073,73,ग्रामीण,
गोठवारा,Milkipur,7000,33000,3100000,1074,74,ग्रामीण,
गुरौली फत्तेसिंह,Milkipur,8000,35000,3400000,1075,75,ग्रामीण,
गद्दौपुर,Milkipur,10000,38000,3800000,1076,76,ग्रामीण,
गुजरामऊ,Milkipur,7000,33000,3100000,1077,77,ग्रामीण,
गिरधरामऊ,Milkipur,8000,35000,3400000,1078,78,ग्रामीण,
गौहन्ना कानूनगो,Milkipur,8000,35000,3400000,1079,79,ग्रामीण,
घाटमपुर,Milkipur,7000,33000,3000000,1080,80,ग्रामीण,
घोड़वल,Milkipur,13000,41000,3500000,1081,81,ग्रामीण,
घुरेहटा,Milkipur,11000,39000,3300000,1082,82,ग्रामीण,
घटौली,Milkipur,11000,39000,3300000,1083,83,ग्रामीण,
चिरौली,Milkipur,6500,33000,3000000,1084,84,ग्रामीण,
चकवारा,Milkipur,6500,33000,3000000,1085,85,ग्रामीण,
चकनथा,Milkipur,6500,33000,3000000,1086,86,ग्रामीण,
चन्दौरा,Milkipur,6500,33000,3000000,1087,87,ग्रामीण,
चमरूपुर,Milkipur,6200,32000,2800000,1088,88,ग्रामीण,
चितौरा,Milkipur,7000,33000,3500000,1089,89,ग्रामीण,
चिखड़ी,Milkipur,11000,40000,3600000,1090,90,ग्रामीण,
चमैला,Milkipur,11000,39000,3500000,1091,91,ग्रामीण,
चौधरीपुर,Milkipur,6500,33000,3000000,1092,92,ग्रामीण,
छिवली,Milkipur,6500,33000,3100000,1093,93,ग्रामीण,
जोरियम,Milkipur,10000,37000,3500000,1094,94,ग्रामीण,
जिगनाही,Milkipur,7000,33000,2900000,1095,95,ग्रामीण,
जगदीशपुर,Milkipur,6500,32000,2800000,1096,96,ग्रामीण,
जाफरनगर,Milkipur,6500,32000,2800000,1097,97,ग्रामीण,
जयराजपुर,Milkipur,7000,32000,2900000,1098,98,ग्रामीण,
जगन्नाथपुर,Milkipur,7000,33000,2900000,1099,99,ग्रामीण,
जमुवा,Milkipur,7000,34000,3200000,1100,100,ग्रामीण,
जाखा,Milkipur,9000,36000,3400000,1101,101,ग्रामीण,
झबरा,Milkipur,9000,36000,3400000,1102,102,ग्रामीण,
टिकरा,Milkipur,6500,33000,2900000,1103,103,ग्रामीण,
टण्डवा,Milkipur,11000,42000,3600000,1104,104,ग्रामीण,
टकसरा,Milkipur,11000,39000,3700000,1105,105,ग्रामीण,
टोडरपुर,Milkipur,7000,33000,2900000,1106,106,ग्रामीण,
टिकटी,Milkipur,7000,34000,2900000,1107,107,ग्रामीण,
डीलीगिरधर,Milkipur,12000,39000,3900000,1108,108,ग्रामीण,
डीहभरथी,Milkipur,6500,33000,3000000,1109,109,ग्रामीण,
डफलपुर,Milkipur,6500,33000,3000000,1110,110,ग्रामीण,
डूड़ी,Milkipur,12000,42000,3300000,1111,111,ग्रामीण,
डीलीसरैया,Milkipur,11000,39000,3500000,1112,112,ग्रामीण,
डोभियारा,Milkipur,11000,39000,3500000,1113,113,ग्रामीण,
डीहपुरे बीरबल,Milkipur,12000,41000,3800000,1114,114,ग्रामीण,
ढोली आसकरन,Milkipur,7000,33000,3400000,1115,115,ग्रामीण,
तारडीह उर्फ तरौली,Milkipur,11000,39000,3500000,1116,116,ग्रामीण,
ताजपुर,Milkipur,6500,32000,2800000,1117,117,ग्रामीण,
तिन्दौली,Milkipur,9000,36000,3600000,1118,118,ग्रामीण,
तालढोली,Milkipur,7000,33000,3300000,1119,119,ग्रामीण,
तुलापुर,Milkipur,7000,33000,3300000,1120,120,ग्रामीण,
तेन्धा,Milkipur,12000,42000,3800000,1121,121,ग्रामीण,
तरमा,Milkipur,7000,33000,3300000,1122,122,ग्रामीण,
थमोली भंजन,Milkipur,6500,32000,3000000,1123,123,ग्रामीण,
दसौली,Milkipur,6500,32000,2800000,1124,124,ग्रामीण,
देवगीरि,Milkipur,7000,33000,3300000,1125,125,ग्रामीण,
देवगांव,Milkipur,12000,42000,3900000,1126,126,ग्रामीण,
देवनपारा,Milkipur,7000,33000,3500000,1127,127,ग्रामीण,
देवरिया(बारून),Milkipur,14000,46000,4800000,1128,128,ग्रामीण,
देवरा,Milkipur,7000,33000,3000000,1129,129,ग्रामीण,
धनथुवा,Milkipur,8000,35000,3400000,1130,130,ग्रामीण,
धमथुवा,Milkipur,8000,35000,3400000,1131,131,ग्रामीण,
धनैचा,Milkipur,10000,37000,3500000,1132,132,ग्रामीण,
धौरहरा कालीचरन,Milkipur,7000,33000,3100000,1133,133,ग्रामीण,
धौरहरा मुकन्दहा,Milkipur,7000,33000,3100000,1134,134,ग्रामीण,
धरौली,Milkipur,7000,33000,3100000,1135,135,ग्रामीण,
नरेन्द्राभादा,Milkipur,7000,33000,2800000,1136,136,ग्रामीण,
निमड़ी,Milkipur,10000,37000,3500000,1137,137,ग्रामीण,
नेवली,Milkipur,6500,33000,3200000,1138,138,ग्रामीण,
नन्दौली,Milkipur,8000,35000,3400000,1139,139,ग्रामीण,
नवगवॉ,Milkipur,8200,35000,3400000,1140,140,ग्रामीण,
नागीपुर,Milkipur,7000,33000,2900000,1141,141,ग्रामीण,
नरसड़ा,Milkipur,10000,37000,3400000,1142,142,ग्रामीण,
नियामतपुर,Milkipur,8000,35000,3200000,1143,143,ग्रामीण,
परसवाँ,Milkipur,10000,37000,3400000,1144,144,ग्रामीण,
परसपुर सथरा,Milkipur,10000,37000,3400000,1145,145,ग्रामीण,
पाराताजपुर,Milkipur,12000,42000,3500000,1146,146,ग्रामीण,
पलिया लोहानी,Milkipur,12000,42000,3500000,1147,147,ग्रामीण,
पाराखानी,Milkipur,10000,37000,3400000,1148,148,ग्रामीण,
पलिया प्रतापशाह,Milkipur,12000,42000,3500000,1149,149,ग्रामीण,
पाराधनथुवा,Milkipur,10000,37000,3200000,1150,150,ग्रामीण,
पूरावली,Milkipur,6500,31000,2300000,1151,151,ग्रामीण,
पुरा उर्फ सुमेरपुर,Milkipur,7000,33000,3000000,1152,152,ग्रामीण,
पण्डोकिया,Milkipur,6500,33000,2800000,1153,153,ग्रामीण,
परसौली मु0 भिटौरा,Milkipur,8000,35000,3100000,1154,154,ग्रामीण,
पारा ब्रम्हनान,Milkipur,14000,46000,3500000,1155,155,ग्रामीण,
पूरबगांव,Milkipur,7000,33000,2800000,1156,156,ग्रामीण,
पिठला,Milkipur,14000,46000,3500000,1157,157,अर्द्धनगरीय,
पूरे लाल खॉ,Milkipur,11000,39000,3300000,1158,158,ग्रामीण,
पाकड़पुर,Milkipur,6700,34000,3300000,1159,159,ग्रामीण,
पूरा सिधारी,Milkipur,10000,37000,3400000,1160,160,ग्रामीण,
पालपुर(तुरसमपुर),Milkipur,10000,37000,3400000,1161,161,ग्रामीण,
पलियामाफी,Milkipur,11000,39000,3500000,1162,162,ग्रामीण,
पलिया मु0 कुचेरा,Milkipur,8000,35000,3400000,1163,163,ग्रामीण,
बसावा मु0 मेहदौना,Milkipur,9000,36000,3400000,1164,164,ग्रामीण,
बसावा मु0 ईटगांव,Milkipur,7000,33000,3300000,1165,165,ग्रामीण,
बरिया निसारू,Milkipur,7000,33000,3300000,1166,166,ग्रामीण,
बिसाही,Milkipur,8000,35000,3300000,1167,167,ग्रामीण,
बरियारपुर,Milkipur,8000,35000,3000000,1168,168,ग्रामीण,
बसवार खुर्द,Milkipur,8000,35000,3000000,1169,169,ग्रामीण,
बसवार बुजुर्ग,Milkipur,8000,35000,3000000,1170,170,ग्रामीण,
बवॉं,Milkipur,15000,47000,4000000,1171,171,अर्द्धनगरीय,
बलारमऊ,Milkipur,8000,35000,3000000,1172,172,ग्रामीण,
बिजैनपुर,Milkipur,8000,35000,3000000,1173,173,ग्रामीण,
बरईपारा,Milkipur,13000,46000,3500000,1174,174,ग्रामीण,
बरौली,Milkipur,8000,35000,3400000,1175,175,ग्रामीण,
बहबरमऊ,Milkipur,9000,36000,3400000,1176,176,ग्रामीण,
बकचुना,Milkipur,9000,37000,3400000,1177,177,ग्रामीण,
बघौड़ा,Milkipur,8000,35000,3200000,1178,178,ग्रामीण,
बकौली,Milkipur,9000,36000,3400000,1179,179,ग्रामीण,
बोड़ेपुर,Milkipur,7000,33000,3200000,1180,180,ग्रामीण,
बरडाडा,Milkipur,7000,33000,3200000,1181,181,ग्रामीण,
बरियादेई,Milkipur,8000,35000,3400000,1182,182,ग्रामीण,
बीराभारी,Milkipur,7000,33000,3000000,1183,183,ग्रामीण,
विनायकपुर,Milkipur,10000,37000,3800000,1184,184,ग्रामीण,
बिरौली झाम,Milkipur,10000,37000,3800000,1185,185,ग्रामीण,
भागीपुर,Milkipur,11000,39000,3500000,1186,186,ग्रामीण,
भिटारी,Milkipur,11000,39000,3500000,1187,187,ग्रामीण,
भाउपुर,Milkipur,8000,35000,3100000,1188,188,ग्रामीण,
भटौली,Milkipur,8000,35000,3200000,1189,189,ग्रामीण,
भटपुरा गोपाल,Milkipur,12000,42000,3800000,1190,190,ग्रामीण,
भवननगर,Milkipur,9000,36000,3200000,1191,191,ग्रामीण,
भखौली,Milkipur,9000,36000,3400000,1192,192,ग्रामीण,
भीखी का पुरा,Milkipur,9000,36000,3300000,1193,193,ग्रामीण,
भदोखरा,Milkipur,14000,46000,3800000,1194,194,ग्रामीण,
भरतपुर,Milkipur,14000,46000,3800000,1195,195,ग्रामीण,
भटपुरा जगन्नाथ,Milkipur,7000,33000,3300000,1196,196,ग्रामीण,
मरूई गनेशपुर,Milkipur,7000,33000,3300000,1197,197,ग्रामीण,
मिल्कीपुर,Milkipur,13000,48000,3800000,1198,198,ग्रामीण,
मवईकला,Milkipur,9000,36000,3200000,1199,199,ग्रामीण,
मवई खुर्द,Milkipur,10000,37000,3600000,1200,200,ग्रामीण,
मुंगीशपुर,Milkipur,14000,45000,3600000,1201,201,ग्रामीण,
मोहनवां,Milkipur,6500,33000,3000000,1202,202,ग्रामीण,
मलेथू खुर्द,Milkipur,9000,36000,3500000,1203,203,ग्रामीण,
मजनाई,Milkipur,10000,37000,3600000,1204,204,ग्रामीण,
मुबारकपुर,Milkipur,6500,33000,3000000,1205,205,ग्रामीण,
मऊ धनश्यामपुर,Milkipur,6500,33000,3000000,1206,206,ग्रामीण,
मितौरा,Milkipur,7000,33000,3200000,1207,207,ग्रामीण,
मेवापुरमु0रसूलपुरलिलहा,Milkipur,9000,36000,3400000,1208,208,ग्रामीण,
माझगांव,Milkipur,8000,35000,3200000,1209,209,ग्रामीण,
मेवापुर मु0 देवगांव,Milkipur,7000,33000,3000000,1210,210,ग्रामीण,
मोहम्मदपुर(अमानीगंज),Milkipur,12000,44000,3600000,1211,211,ग्रामीण,
महुँवा,Milkipur,8000,35000,3500000,1212,212,ग्रामीण,
मानूडीह,Milkipur,8000,35000,3500000,1213,213,ग्रामीण,
मंझनपुर (अमरगंज),Milkipur,10000,37000,3600000,1214,214,ग्रामीण,
मुबारकपुर उमरनी,Milkipur,9000,36000,3500000,1215,215,ग्रामीण,
मीठेगांव,Milkipur,14000,46000,3800000,1216,216,ग्रामीण,
मदरिया,Milkipur,8000,35000,3500000,1217,217,ग्रामीण,
मरेमा,Milkipur,13000,43000,3700000,1218,218,ग्रामीण,
महुलारा,Milkipur,9000,36000,3500000,1219,219,ग्रामीण,
मसेढ़ा,Milkipur,6500,33000,3000000,1220,220,ग्रामीण,
मिश्रौली,Milkipur,6500,33000,3000000,1221,221,ग्रामीण,
मेहदौना,Milkipur,10000,37000,3500000,1222,222,ग्रामीण,
मोहली,Milkipur,10000,37000,3500000,1223,223,ग्रामीण,
मलेथू बुजुर्ग,Milkipur,10000,37000,3500000,1224,224,ग्रामीण,
रामपुर फकीरे,Milkipur,6500,33000,2800000,1225,225,ग्रामीण,
रनापुर,Milkipur,9000,36000,3500000,1226,226,ग्रामीण,
रेवना,Milkipur,8000,35000,3400000,1227,227,ग्रामीण,
रौना,Milkipur,7000,33000,3200000,1228,228,ग्रामीण,
रामपुर जोहन,Milkipur,10000,37000,3500000,1229,229,ग्रामीण,
रानिकपुर,Milkipur,9000,36000,3400000,1230,230,ग्रामीण,
रसूलपुर लिलहा,Milkipur,9000,36000,3400000,1231,231,ग्रामीण,
रौतावा,Milkipur,7000,33000,3100000,1232,232,ग्रामीण,
रायपट्टी,Milkipur,10000,37000,3400000,1233,233,ग्रामीण,
रजऊपुर,Milkipur,8000,35000,3400000,1234,234,ग्रामीण,
रमपुरवा,Milkipur,9000,36000,3400000,1235,235,ग्रामीण,
रसूलपुरमु0मीठेगांव,Milkipur,12000,41000,3400000,1236,236,ग्रामीण,
रामपुर गौहनियां,Milkipur,8000,35000,3200000,1237,237,ग्रामीण,
रेवली,Milkipur,8000,35000,3000000,1238,238,ग्रामीण,
सतनापुर,Milkipur,10000,37000,3400000,1239,239,ग्रामीण,
सफदर भारी,Milkipur,14000,43000,3700000,1240,240,ग्रामीण,
सोनहर छेदी,Milkipur,7000,33000,3000000,1241,241,ग्रामीण,
सोनहर गनपत,Milkipur,8000,35000,3000000,1242,242,ग्रामीण,
सहजनमऊ,Milkipur,8000,35000,3000000,1243,243,ग्रामीण,
सरौली,Milkipur,10000,38000,3300000,1244,244,ग्रामीण,
सुरवारा,Milkipur,10000,37000,3300000,1245,245,ग्रामीण,
सरायनामू,Milkipur,10000,37000,3400000,1246,246,ग्रामीण,
सारी चुमना,Milkipur,10000,37000,3400000,1247,247,ग्रामीण,
सोधियावा,Milkipur,8000,35000,3000000,1248,248,ग्रामीण,
सिड़सिड़,Milkipur,9000,36000,3400000,1249,249,ग्रामीण,
सोनस,Milkipur,6000,32000,2600000,1250,250,ग्रामीण,
सेवरा,Milkipur,14000,44000,3600000,1251,251,ग्रामीण,
सरियावां,Milkipur,14000,44000,3600000,1252,252,ग्रामीण,
सहुलारा,Milkipur,14000,44000,3600000,1253,253,ग्रामीण,
सैदखानपुर,Milkipur,6500,33000,3000000,1254,254,ग्रामीण,
सराय मजरा,Milkipur,11000,41000,3500000,1255,255,ग्रामीण,
सिधौना,Milkipur,10000,37000,3300000,1256,256,ग्रामीण,
सेमरा मु0 चिखड़ी,Milkipur,13000,44000,4000000,1257,257,ग्रामीण,
सागर पट्टी पंधिला,Milkipur,13000,43000,3600000,1258,258,ग्रामीण,
सोनबरसा,Milkipur,9000,36000,3000000,1259,259,ग्रामीण,
सोनबरसा मु0 चमैला,Milkipur,9000,36000,3000000,1260,260,ग्रामीण,
सेंधूतारा,Milkipur,7000,33000,2800000,1261,261,ग्रामीण,
सहसेपुर,Milkipur,7000,33000,2800000,1262,262,ग्रामीण,
सुल्तानपुर,Milkipur,9000,36000,2600000,1263,263,ग्रामीण,
सराय हेमराज,Milkipur,14000,44000,3300000,1264,264,ग्रामीण,
सरूरपुर,Milkipur,8000,35000,3300000,1265,265,ग्रामीण,
सराय धनेठी,Milkipur,10000,37000,3500000,1266,266,ग्रामीण,
सिंधौरा,Milkipur,11000,39000,3600000,1267,267,ग्रामीण,
श्रवनपुर,Milkipur,7000,33000,2700000,1268,268,ग्रामीण,
शिवदासपुर ग्रन्ट,Milkipur,8000,35000,2800000,1269,269,ग्रामीण,
शेखनपुर,Milkipur,10000,37000,3300000,1270,270,ग्रामीण,
शुकुलपुर,Milkipur,7000,33000,2800000,1271,271,ग्रामीण,
शाहवाबाद ग्रन्ट,Milkipur,7000,33000,2800000,1272,272,ग्रामीण,
शिवनाथपुर,Milkipur,14000,46000,4500000,1273,273,अर्द्धनगरीय,
हरदोइया,Milkipur,9000,36000,3500000,1274,274,ग्रामीण,
हूसेपुर,Milkipur,9000,36000,3000000,1275,275,ग्रामीण,
हरीरामपुर,Milkipur,7000,33000,2800000,1276,276,ग्रामीण,
हैबतपुर,Milkipur,7000,33000,2800000,1277,277,ग्रामीण,
हरखपुर,Milkipur,6500,33000,2700000,1278,278,ग्रामीण,
हरिनाथपुर,Milkipur,7000,33000,2800000,1279,279,ग्रामीण,
हिसामुद्दीनपुर,Milkipur,7000,33000,2800000,1280,280,ग्रामीण,
अकबरगंज,Rudauli,13000,50000,10000000,0001,1,नगरीय,
अब्बासी,Rudauli,13000,50000,10000000,0002,2,नगरीय,
अजरका,Rudauli,5700,33000,3900000,1001,3,ग्रामीण,
अख्तियारपुर,Rudauli,10800,42000,7700000,1002,4,अर्धनगरीय,
अल्हवाना,Rudauli,10800,42000,7700000,1003,5,अर्धनगरीय,
आदिलपुर,Rudauli,7300,40000,3900000,1004,6,ग्रामीण,
अहमदाबाद,Rudauli,5700,33000,3900000,1005,7,ग्रामीण,
अमरौती,Rudauli,5700,33000,3900000,1006,8,ग्रामीण,
आंसूमऊ,Rudauli,5700,33000,3900000,1007,9,ग्रामीण,
अमराईगॉव,Rudauli,5700,33000,3900000,1008,10,ग्रामीण,
अमहटा,Rudauli,5700,33000,3900000,1009,11,ग्रामीण,
अहरौली,Rudauli,2500,28000,2500000,1010,12,ग्रामीण,
अशरफपुरगंगरेला,Rudauli,6200,35000,3900000,1011,13,विकासशील,
अमीरपुर,Rudauli,5700,33000,3900000,1012,14,ग्रामीण,
अमौनी,Rudauli,5700,33000,3900000,1013,15,ग्रामीण,
अशरफनगर,Rudauli,5700,33000,3900000,1014,16,ग्रामीण,
ओहरामऊ सहजना,Rudauli,5700,33000,3900000,1015,17,ग्रामीण,
ईदगाह,Rudauli,13000,50000,10000000,0003,18,नगरीय,
इचौलिया,Rudauli,5700,33000,3900000,1016,19,ग्रामीण,
उधरौरा,Rudauli,2500,28000,2500000,1017,20,ग्रामीण,
उमापुर,Rudauli,7300,40000,3900000,1018,21,विकासशील,
ऐहार,Rudauli,7300,40000,5000000,1019,22,विकासशील,
ऐथर,Rudauli,5700,33000,3900000,1020,23,ग्रामीण,
काशीपुर,Rudauli,13000,50000,10000000,0004,24,नगरीय,
कायस्थाना,Rudauli,13000,50000,10000000,0005,25,नगरीय,
कटरा,Rudauli,13000,50000,10000000,0006,26,नगरीय,
कजियाना,Rudauli,13000,50000,10000000,0007,27,नगरीय,
करीमपुर,Rudauli,10800,42000,7700000,1021,28,नगरीय,
कोपाकाप,Rudauli,5700,33000,3900000,1022,29,अर्धनगरीय,
कूढ़ासादात,Rudauli,7300,40000,3900000,1023,30,अर्धनगरीय,
कोलवा,Rudauli,5700,33000,3900000,1024,31,ग्रामीण,
कादिरपुर,Rudauli,5700,33000,3900000,1025,32,नगरीय,
कोटरा,Rudauli,5700,33000,3900000,1026,33,ग्रामीण,
कोपेपुर,Rudauli,5700,33000,3900000,1027,34,ग्रामीण,
कैथी सैलाब,Rudauli,2500,28000,2500000,1028,35,ग्रामीण,
कैथी महफूज,Rudauli,2500,28000,2500000,1029,36,ग्रामीण,
करौंदी,Rudauli,5700,33000,3900000,1030,37,ग्रामीण,
कोन्डरा,Rudauli,5700,33000,3900000,1031,38,ग्रामीण,
कुशहरी,Rudauli,9500,40000,3900000,1032,39,ग्रामीण,
कसारी,Rudauli,5700,33000,3900000,1033,40,ग्रामीण,
कछौली,Rudauli,5700,33000,3900000,1034,41,ग्रामीण,
करनाईचक,Rudauli,5700,33000,3900000,1035,42,ग्रामीण,
कस्बा रूदौली,Rudauli,13000,50000,10000000,1036,43,नगरीय,
काशीपुर,Rudauli,13000,50000,10000000,1037,44,नगरीय,
कछिया,Rudauli,5700,33000,3900000,1038,45,ग्रामीण,
कामापुर,Rudauli,5700,33000,3900000,1039,46,ग्रामीण,
ख्वाजाहाल,Rudauli,13000,50000,10000000,0008,47,नगरीय,
खैरनपुर,Rudauli,10800,42000,7700000,1040,48,नगरीय,
खतीरपुर,Rudauli,7300,40000,3900000,1041,49,नगरीय,
खुशका,Rudauli,5700,33000,3900000,1042,50,नगरीय,
खैरी,Rudauli,2200,28000,2000000,1043,51,ग्रामीण,
खुर्दहा,Rudauli,5700,33000,3900000,1044,52,ग्रामीण,
खण्डपिपरा,Rudauli,5700,33000,3900000,1045,53,ग्रामीण,
खेदीपुर,Rudauli,5700,33000,3900000,1046,54,ग्रामीण,
गौरियामऊ,Rudauli,5700,33000,3900000,1047,55,ग्रामीण,
गौहन्ना,Rudauli,5700,33000,3900000,1048,56,ग्रामीण,
गुलचप्पा खुर्द,Rudauli,7300,40000,3900000,1049,57,नगरीय,
गनौली,Rudauli,10800,42000,7700000,1050,58,विकासशील,
गोगावां,Rudauli,5700,33000,3900000,1051,59,नगरीय,
गेरौण्डा,Rudauli,5700,33000,3900000,1052,60,ग्रामीण,
गजकरी,Rudauli,5700,33000,3900000,1053,61,ग्रामीण,
गनेशपुर,Rudauli,5700,33000,3900000,1054,62,ग्रामीण,
घोसियाना,Rudauli,13000,50000,10000000,0009,63,नगरीय,
घोसवल,Rudauli,5700,33000,3900000,1055,64,ग्रामीण,
चका का पूरा,Rudauli,7300,40000,3900000,1056,65,अर्धनगरीय,
चकइतवारी,Rudauli,10800,42000,7700000,1057,66,विकासशील,
चितईपुर,Rudauli,7300,40000,3900000,1058,67,नगरीय,
चन्द्रामऊमंगा,Rudauli,5700,33000,3900000,1059,68,ग्रामीण,
चन्द्रामऊबैरम,Rudauli,5700,33000,3900000,1060,69,ग्रामीण,
चककोटवा,Rudauli,5700,33000,3900000,1061,70,ग्रामीण,
जसमड़,Rudauli,13000,50000,10000000,1062,71,नगरीय,
जलालपुर,Rudauli,10800,42000,7700000,1063,72,नगरीय,
जहानपुर,Rudauli,10800,42000,7700000,1064,73,नगरीय,
जैथरी,Rudauli,2500,28000,2500000,1065,74,ग्रामीण,
जमदरा,Rudauli,2500,28000,2500000,1066,75,ग्रामीण,
जहॉगीराबाद,Rudauli,5700,33000,3900000,1067,76,ग्रामीण,
जलीलपुर,Rudauli,5700,33000,3900000,1068,77,ग्रामीण,
जरायलखुर्द,Rudauli,5700,33000,3900000,1069,78,विकासशील,
जमुनियामऊ,Rudauli,5700,33000,3900000,1070,79,अर्धनगरीय,
जरायलकला,Rudauli,5700,33000,3900000,1071,80,विकासशील,
जखौली,Rudauli,5700,33000,3900000,1072,81,विकासशील,
जुनेदपुर,Rudauli,5700,33000,3900000,1073,82,ग्रामीण,
जैसुखपुर,Rudauli,9500,40000,3900000,1074,83,ग्रामीण,
जैनाबाद,Rudauli,5700,33000,3900000,1075,84,ग्रामीण,
टेढ़ीबाजार,Rudauli,13000,50000,10000000,0010,85,नगरीय,
टाण्डाखुलासा,Rudauli,10800,42000,7700000,1076,86,विकासशील,
टाण्डासूफी,Rudauli,5700,33000,3900000,1077,87,ग्रामीण,
टीकर,Rudauli,5700,33000,3900000,1078,88,नगरीय,
डिलवल,Rudauli,5700,33000,3900000,1079,89,ग्रामीण,
तालगॉव,Rudauli,5700,33000,3900000,1080,90,ग्रामीण,
तेर,Rudauli,5700,33000,3900000,1081,91,ग्रामीण,
दशरथमऊ,Rudauli,5700,33000,3900000,1082,92,ग्रामीण,
दनियालपुर,Rudauli,5700,33000,3900000,1083,93,ग्रामीण,
दलसरांय,Rudauli,10800,42000,7700000,1084,94,विकासशील,
दिवाली,Rudauli,5700,33000,3900000,1085,95,ग्रामीण,
दफियापुर,Rudauli,5700,33000,3900000,1086,96,ग्रामीण,
दुपहरिया,Rudauli,5700,33000,3900000,1087,97,ग्रामीण,
दुल्लापुर,Rudauli,10800,42000,7700000,1088,98,विकासशील,
देवइत,Rudauli,5700,33000,3900000,1089,99,ग्रामीण,
द्वारिकापुर,Rudauli,5700,33000,3900000,1090,100,ग्रामीण,
धौरहरा,Rudauli,5700,33000,3900000,1091,101,ग्रामीण,
धनौली,Rudauli,5700,33000,3900000,1092,102,ग्रामीण,
नरियापार,Rudauli,13000,50000,10000000,0011,103,नगरीय,
नयागंज,Rudauli,13000,50000,10000000,0012,104,नगरीय,
नरौली,Rudauli,5700,33000,3900000,1093,105,विकासशील,
नेवाजपुर,Rudauli,5700,33000,3900000,1094,106,नगरीय,
न्योती,Rudauli,5700,33000,3900000,1095,107,ग्रामीण,
नैपुरा,Rudauli,2500,28000,2500000,1096,108,ग्रामीण,
नेवाजपुर,Rudauli,5700,33000,3900000,1097,109,ग्रामीण,
नेवरा,Rudauli,10800,42000,7700000,1098,110,विकासशील,
नगरा,Rudauli,5700,33000,3900000,1099,111,ग्रामीण,
नूरपुर,Rudauli,5700,33000,3900000,1100,112,ग्रामीण,
नौगवां,Rudauli,5700,33000,3900000,1101,113,ग्रामीण,
नौरोजपुर बघेड़ी,Rudauli,5700,33000,3900000,1102,114,ग्रामीण,
पूरेरसूलबक्श,Rudauli,13000,50000,10000000,0013,115,नगरीय,
पूरे गुलाम मख्दूम,Rudauli,13000,50000,10000000,0014,116,नगरीय,
पूरे मलिक,Rudauli,13000,50000,10000000,0015,117,नगरीय,
पूरेबेलदारान,Rudauli,13000,50000,10000000,0016,118,नगरीय,
पूरे हुसैन खां,Rudauli,13000,50000,10000000,0017,119,नगरीय,
पूरेबहादुर बेग,Rudauli,13000,50000,10000000,0018,120,नगरीय,
पूरेशाह हुसैन,Rudauli,13000,50000,10000000,0019,121,नगरीय,
पूरेगुलाम मोहम्मद,Rudauli,13000,50000,10000000,0020,122,नगरीय,
पूरे काजी,Rudauli,13000,50000,10000000,0021,123,नगरीय,
पूरे मियां,Rudauli,13000,50000,10000000,0022,124,नगरीय,
पुरानाकोट,Rudauli,13000,50000,10000000,0023,125,नगरीय,
पूरेबसावन,Rudauli,13000,50000,10000000,0024,126,नगरीय,
पूरे जामी,Rudauli,13000,50000,10000000,0025,127,नगरीय,
पुरानाबाजार,Rudauli,13000,50000,10000000,0026,128,नगरीय,
पूरेखान,Rudauli,13000,50000,10000000,0027,129,नगरीय,
परसौली,Rudauli,10800,42000,7700000,1103,130,नगरीय,
पस्तामाफी,Rudauli,2500,28000,2500000,1104,131,ग्रामीण,
पुरांय,Rudauli,5700,33000,3900000,1105,132,ग्रामीण,
पकरियागॉव,Rudauli,5700,33000,3900000,1106,133,ग्रामीण,
पारापहाडपुर,Rudauli,5700,33000,3900000,1107,134,ग्रामीण,
पूरेकलहंस,Rudauli,5700,33000,3900000,1108,135,ग्रामीण,
पटरंगा,Rudauli,2500,28000,2500000,1109,136,ग्रामीण,
परसऊ,Rudauli,5700,33000,3900000,1110,137,ग्रामीण,
पसैय्या,Rudauli,2500,28000,2500000,1111,138,ग्रामीण,
पालपुर,Rudauli,5700,33000,3900000,1112,139,ग्रामीण,
पचलो,Rudauli,5700,33000,3900000,1113,140,ग्रामीण,
पटरंगा,Rudauli,10800,42000,7700000,1114,141,विकासशील,
परौली,Rudauli,5700,33000,3900000,1115,142,ग्रामीण,
फेलसन्डा,Rudauli,10800,42000,7700000,1116,143,विकासशील,
फगौली कुर्मियान,Rudauli,10800,42000,7700000,1117,144,विकासशील,
फिरोजपुर पवारान,Rudauli,10800,42000,7700000,1118,145,अर्धनगरीय,
फत्तापुर खुर्द,Rudauli,5700,33000,3900000,1119,146,ग्रामीण,
फरीदपुर,Rudauli,5700,33000,3900000,1120,147,ग्रामीण,
फिरोजपुर मख्दूमी,Rudauli,5700,33000,3900000,1121,148,ग्रामीण,
वजीरगंज,Rudauli,13000,50000,10000000,0028,149,नगरीय,
बिराहिमपुर,Rudauli,13000,50000,10000000,1122,150,नगरीय,
बनमऊ,Rudauli,5700,33000,3900000,1123,151,ग्रामीण,
बड़नपुर खुर्द,Rudauli,10800,42000,7700000,1124,152,विकासशील,
बिचाला,Rudauli,5700,33000,3900000,1125,153,ग्रामीण,
बनगॉवा,Rudauli,5700,33000,3900000,1126,154,अर्धनगरीय,
बुलबुलपुर,Rudauli,5700,33000,3900000,1127,155,ग्रामीण,
बहरास,Rudauli,5700,33000,3900000,1128,156,ग्रामीण,
बिकावल,Rudauli,5700,33000,3900000,1129,157,ग्रामीण,
बड़ेला,Rudauli,5700,33000,3900000,1130,158,ग्रामीण,
बरावॉ,Rudauli,5700,33000,3900000,1131,159,ग्रामीण,
बारी,Rudauli,5700,33000,3900000,1132,160,ग्रामीण,
बिड़हार,Rudauli,5700,33000,3900000,1133,161,ग्रामीण,
बिजड़ी,Rudauli,5700,33000,3900000,1134,162,ग्रामीण,
बेतौली,Rudauli,5700,33000,3900000,1135,163,ग्रामीण,
बरई,Rudauli,1600,24000,1300000,1136,164,ग्रामीण,
वाजिदपुर,Rudauli,5700,33000,3900000,1137,165,ग्रामीण,
बबुरीचक,Rudauli,5700,33000,3900000,1138,166,ग्रामीण,
बहोरिकपुर,Rudauli,5700,33000,3900000,1139,167,ग्रामीण,
बटैया,Rudauli,5700,33000,3900000,1140,168,ग्रामीण,
बाबूपुर,Rudauli,10800,42000,7700000,1141,169,विकासशील,
बरौली,Rudauli,5700,33000,3900000,1142,170,ग्रामीण,
बीबीपुर,Rudauli,5700,33000,3900000,1143,171,ग्रामीण,
बसौढ़ी,Rudauli,10800,42000,7700000,1144,172,विकासशील,
बिहारा,Rudauli,7300,40000,3900000,1145,173,नगरपंचायत,
बनी,Rudauli,5700,33000,3900000,1146,174,ग्रामीण,
बरतरा,Rudauli,5700,33000,3900000,1147,175,ग्रामीण,
भेलसर,Rudauli,10800,42000,7700000,1148,176,नगरीय,
भिटौरा,Rudauli,5700,33000,3900000,1149,177,विकासशील,
भदावल,Rudauli,5700,33000,3900000,1150,178,ग्रामीण,
भैसौली,Rudauli,5700,33000,3900000,1151,179,ग्रामीण,
भौली,Rudauli,10800,42000,7700000,1152,180,नगरीय,
भवानीपुर,Rudauli,10800,42000,7700000,1153,181,विकासशील,
भटमऊनरायनपुर,Rudauli,5700,33000,3900000,1154,182,ग्रामीण,
भिखारीसरॉय,Rudauli,5700,33000,3900000,1155,183,ग्रामीण,
भानीपुर,Rudauli,5700,33000,3900000,1156,184,ग्रामीण,
मीरापुर,Rudauli,13000,50000,10000000,0029,185,नगरीय,
मलिकजादा,Rudauli,13000,50000,10000000,0030,186,नगरीय,
मख्दूमजादा,Rudauli,13000,50000,10000000,0031,187,नगरीय,
मुहामिदपुर,Rudauli,10800,42000,7700000,1157,188,नगरीय,
मानापुर,Rudauli,10800,42000,7700000,1158,189,नगरीय,
मुजफ्फरपुर,Rudauli,5700,33000,3900000,1159,190,ग्रामीण,
मानपुर,Rudauli,5700,33000,3900000,1160,191,ग्रामीण,
ममरेजनगर,Rudauli,5700,33000,3900000,1161,192,ग्रामीण,
मीनापुर फगौली,Rudauli,8000,45000,4000000,1162,193,विकासशील,
मुहम्मदपुर लाल,Rudauli,5700,33000,3900000,1163,194,ग्रामीण,
मुइनुद्दीनपुर,Rudauli,5700,33000,3900000,1164,195,ग्रामीण,
मटौली,Rudauli,7300,40000,3900000,1165,196,विकासशील,
मदारपुर,Rudauli,5700,33000,3900000,1166,197,ग्रामीण,
मीरमऊ,Rudauli,7300,40000,3900000,1167,198,विकासशील,
महमूदमऊ,Rudauli,5700,33000,3900000,1168,199,ग्रामीण,
मिर्जापुर,Rudauli,10800,42000,7700000,1169,200,नगरीय,
मल्लापुरा,Rudauli,5700,33000,3900000,1170,201,अर्धनगरीय,
मीसा,Rudauli,5700,33000,3900000,1171,202,ग्रामीण,
मेहनौरा,Rudauli,5700,33000,3900000,1172,203,ग्रामीण,
मॉगी,Rudauli,5700,33000,3900000,1173,204,ग्रामीण,
मोहम्मदपुर तराई,Rudauli,2200,28000,2000000,1174,205,ग्रामीण,
मरौचा,Rudauli,2200,28000,2000000,1175,206,ग्रामीण,
मुरादाबाद,Rudauli,5700,33000,3900000,1176,207,ग्रामीण,
मोहम्मदपुर दाऊदपु,Rudauli,5700,33000,3900000,1177,208,विकासशील,
मोहम्मदपुर खजुही,Rudauli,5700,33000,3900000,1178,209,ग्रामीण,
मांजनपुर,Rudauli,5700,33000,3900000,1179,210,ग्रामीण,
मख्दूमपुर,Rudauli,8000,45000,4000000,1180,211,विकासशील,
मैरामऊ,Rudauli,5700,33000,3900000,1181,212,ग्रामीण,
मत्थानेवादा,Rudauli,5700,33000,3900000,1182,213,ग्रामीण,
महमूदपुर,Rudauli,5700,33000,3900000,1183,214,ग्रामीण,
मवई,Rudauli,10800,42000,7700000,1184,215,विकासशील,
मानापुर,Rudauli,10800,42000,7700000,1185,216,विकासशील,
याकूबपुर,Rudauli,5700,33000,3900000,1186,217,ग्रामीण,
रसूलाबाद,Rudauli,13000,50000,10000000,0032,218,नगरीय,
राममऊ,Rudauli,5700,33000,3900000,1187,219,ग्रामीण,
रौजागॉव,Rudauli,10800,42000,7700000,1188,220,विकासशील,
रजानगर,Rudauli,5700,33000,3900000,1189,221,ग्रामीण,
रसूलपुर नेवादा,Rudauli,5700,33000,3900000,1190,222,ग्रामीण,
रामसरनदासपुर,Rudauli,5700,33000,3900000,1191,223,ग्रामीण,
रसूलपुर खुर्द,Rudauli,5700,33000,3900000,1192,224,ग्रामीण,
रायपुर,Rudauli,5700,33000,3900000,1193,225,ग्रामीण,
रजनपुर,Rudauli,5700,33000,3900000,1194,226,ग्रामीण,
रानीमऊ,Rudauli,10800,42000,7700000,1195,227,विकासशील,
रसीदपट्टी,Rudauli,5700,33000,3900000,1196,228,ग्रामीण,
रतनपुर,Rudauli,5700,33000,3900000,1197,229,ग्रामीण,
रामपुरजनक,Rudauli,5700,33000,3900000,1198,230,ग्रामीण,
रमडीहा,Rudauli,5700,33000,3900000,1199,231,ग्रामीण,
रेछ,Rudauli,5700,33000,3900000,1200,232,ग्रामीण,
रहीमगंज,Rudauli,5700,33000,3900000,1201,233,ग्रामीण,
ललुवापुर,Rudauli,10800,42000,7700000,1202,234,अर्धनगरीय,
लखमीपुर,Rudauli,10800,42000,7700000,1203,235,नगरीय,
लोधौरा,Rudauli,5700,33000,3900000,1204,236,ग्रामीण,
लोहटीसरैंया,Rudauli,5700,33000,3900000,1205,237,विकासशील,
लखनीपुर,Rudauli,5700,33000,3900000,1206,238,ग्रामीण,
सोफियाना आंशिक,Rudauli,13000,50000,10000000,0033,239,नगरीय,
सोफियाना आंशिक,Rudauli,13000,50000,10000000,0034,240,नगरीय,
सालार,Rudauli,13000,50000,10000000,0035,241,नगरीय,
सोफियाना आंशिक,Rudauli,13000,50000,10000000,0036,242,नगरीय,
शेखाना आंशिक,Rudauli,13000,50000,10000000,0037,243,नगरीय,
शेखाना आंशिक,Rudauli,13000,50000,10000000,0038,244,नगरीय,
संजरी,Rudauli,13000,50000,10000000,0039,245,नगरीय,
सुलेमपुर,Rudauli,10800,42000,7700000,1207,246,नगरीय,
शाहपुर,Rudauli,10800,42000,7700000,1208,247,नगरीय,
शहबाजपुर,Rudauli,5700,33000,3900000,1209,248,ग्रामीण,
सरॉयदौलत,Rudauli,5700,33000,3900000,1210,249,ग्रामीण,
सरॉयअहमद,Rudauli,5700,33000,3900000,1211,250,ग्रामीण,
सरॉयपीर,Rudauli,10800,42000,7700000,1212,251,नगरीय,
सिधौना,Rudauli,5700,33000,3900000,1213,252,ग्रामीण,
सहनी,Rudauli,5700,33000,3900000,1214,253,ग्रामीण,
सरैठा,Rudauli,5700,33000,3900000,1215,254,ग्रामीण,
सेल्हूमऊ,Rudauli,5700,33000,3900000,1216,255,नगरीय,
शुक्लापुर,Rudauli,5700,33000,3900000,1217,256,अर्धनगरीय,
सरॉयहामिद,Rudauli,7300,40000,4000000,1218,257,नगरीय,
सरांयमंझन,Rudauli,5700,33000,3900000,1219,258,ग्रामीण,
सरॉयमुगल,Rudauli,5700,33000,3900000,1220,259,ग्रामीण,
सोंहसा,Rudauli,5700,33000,3900000,1221,260,ग्रामीण,
सिपाहभट्ट,Rudauli,5700,33000,3900000,1222,261,अर्धनगरीय,
सरकटिया,Rudauli,5700,33000,3900000,1223,262,ग्रामीण,
सरांयनासिर,Rudauli,2500,28000,2500000,1224,263,ग्रामीण,
सण्डरी,Rudauli,2500,28000,2500000,1225,264,ग्रामीण,
संगौली,Rudauli,2500,28000,2500000,1226,265,ग्रामीण,
शाहापुर,Rudauli,5700,33000,3900000,1227,266,ग्रामीण,
सिठौली,Rudauli,5700,33000,3900000,1228,267,ग्रामीण,
सीवन,Rudauli,5700,33000,3900000,1229,268,विकासशील,
सण्डवा,Rudauli,5700,33000,3900000,1230,269,ग्रामीण,
सुल्तानपुर,Rudauli,5700,33000,3900000,1231,270,ग्रामीण,
शहबाजचक,Rudauli,5700,33000,3900000,1232,271,ग्रामीण,
सुनवा,Rudauli,7300,40000,3900000,1233,272,नगरपंचायत,
सैमसी,Rudauli,7300,40000,3900000,1234,273,नगरपंचायत,
सैदपुर,Rudauli,7300,40000,3900000,1235,274,नगरपंचायत,
सिपहियाकोटवा,Rudauli,5700,33000,3900000,1236,275,ग्रामीण,
शेरपुर,Rudauli,5700,33000,3900000,1237,276,ग्रामीण,
सलारपुर,Rudauli,5700,33000,3900000,1238,277,ग्रामीण,
सेवड़हरा,Rudauli,5700,33000,3900000,1239,278,ग्रामीण,
हलीमनगर,Rudauli,10800,42000,7700000,1240,279,विकासशील,
हयातनगर,Rudauli,10800,42000,7700000,1241,280,विकासशील,
हरिहरपुर कायस्थान,Rudauli,5700,33000,3900000,1242,281,ग्रामीण,
हरिहरपुर बलैया,Rudauli,5700,33000,3900000,1243,282,ग्रामीण,
हसनामऊ,Rudauli,5700,33000,3900000,1244,283,ग्रामीण,
होलूपुर,Rudauli,5700,33000,3900000,1245,284,ग्रामीण,
हुनहुना,Rudauli,7300,40000,3900000,1246,285,ग्रामीण,
हंसराजपुर,Rudauli,5700,33000,3900000,1247,286,ग्रामीण,
अकब बजाजा,Sadar,27900,83700,,,1,नगरीय,चौक
अकब रिकाबगंज,Sadar,17400,83700,,,2,नगरीय,रिकाबगंज
अंकवारा,Sadar,3300,36300,3900000,,3,अधिसूचित,हवेली अवध
अंकारीपुरटा.ए.अन्दर,Sadar,7700,48200,10700000,,4,अर्द्धनगरीय,अमसिन
अंकारीपुरटा.ए.बाहर,Sadar,3800,35700,4600000,,5,ग्रामीण,अमसिन
अंगूरीबाग,Sadar,12900,54300,,,6,नगरीय,अंगूरीबाग
अचलपुर,Sadar,1900,32900,2400000,,7,ग्रामीण,अमसिन
अंजना,Sadar,2300,35500,3000000,,8,अधिसूचित,हवेली अवध
अंजनी पुरम आ0योजना(वि0प्रा0),Sadar,26200,80500,,,9,नगरीय,देवकाली
अडगडा,Sadar,8700,43300,,,10,नगरीय,अवध खास
अड़गड़ा,Sadar,14900,58900,,,11,नगरीय,पुलिस लाइन
अब्बूसराय ANP,Sadar,10800,48200,16900000,,12,नगरीय,हवेली अवध
अब्बूसराय BNP,Sadar,8100,45700,14900000,,13,अर्द्धनगरीय,मगलसी
अमसिन,Sadar,3400,35300,4400000,,14,ग्रामीण,अमसिन
अमानीगंज,Sadar,9000,51500,,,15,नगरीय,अमानीगंज
अमारी,Sadar,2100,32900,2800000,,16,ग्रामीण,अमसिन
अमौनी,Sadar,2100,32900,2800000,,17,ग्रामीण,अमसिन
अरवत,Sadar,2100,32900,2800000,,18,ग्रामीण,अमसिन
अलनाभारी,Sadar,2100,32900,2800000,,19,ग्रामीण,अमसिन
अलावलपुर,Sadar,2600,35500,3100000,,20,अधिसूचित,हवेली अवध
अलीगढ़,Sadar,9000,47500,,,21,नगरीय,राठ हवेली
अवधखास,Sadar,8600,43100,11200000,,22,नगरीय,हवेली अवध
अवधपुरी कालोनी,Sadar,14000,52600,,,23,नगरीय,अमानीगंज
अवधविहार आ0योजना(वि0प्रा0),Sadar,26600,75700,,,24,नगरीय,सिविल लाइन
अशफाक उल्लाह कालोनी,Sadar,15800,56400,,,25,नगरीय,फतेहगंज
अश्वनी पुरम आ0योजना(वि0प्रा0),Sadar,11600,52800,,,26,नगरीय,जनौरा
आनापुर सरैया,Sadar,2100,32900,2800000,,27,ग्रामीण,अमसिन
आलमगंज,Sadar,8500,43300,,,28,नगरीय,कोट राम चन्दर
आलमगंज कटरा,Sadar,8700,43300,,,29,नगरीय,अवध खास
आलापुर उपरहार,Sadar,2100,32900,2800000,,30,ग्रामीण,अमसिन
आवास विकास कालोनी,Sadar,12600,54900,,,31,नगरीय,अंगूरीबाग
आशापुर,Sadar,5900,42500,11800000,,32,अर्द्धनगरीय,हवेली अवध
आशापुर चन्दई,Sadar,2100,32900,2800000,,33,ग्रामीण,अमसिन
आसिफबाग उप.,Sadar,5800,41000,8800000,,34,अर्द्धनगरीय,हवेली अवध
आसिफबाग मांझा,Sadar,5800,41000,8800000,,35,अर्द्धनगरीय,हवेली अवध
इमली कतार,Sadar,14900,58900,,,36,नगरीय,पुलिस लाइन
इस्माइलगंज,Sadar,12300,52200,,,37,नगरीय,अमानीगंज
ईशापुर,Sadar,2100,32900,2800000,,38,ग्रामीण,अमसिन
ईशासराय उपरहार,Sadar,2100,32900,2800000,,39,ग्रामीण,अमसिन
ईसासराय मांझा,Sadar,2000,32300,1400000,,40,ग्रामीण,अमसिन
उघरपुर,Sadar,4300,37700,3500000,,41,अर्द्धनगरीय,हवेली अवध
उनियार उपरहार,Sadar,2100,32900,2800000,,42,ग्रामीण,अमसिन
उनियार मांझा,Sadar,1800,32300,1300000,,43,ग्रामीण,अमसिन
उर्दू बाजार,Sadar,8600,43300,,,44,नगरीय,अवध खास
उर्मिला नगर आ0योजना(वि0प्रा0),Sadar,8700,43100,,,45,नगरीय,अवध खास
उसरू,Sadar,8100,44800,15400000,,46,अर्द्धनगरीय,हवेली अवध
ऋणमोचनघाट,Sadar,8700,43300,,,47,नगरीय,अवध खास
ऋषि टोला,Sadar,11400,52200,,,48,नगरीय,दालमण्डी
एल0डी0जी0 आ0योजना(वि0प्रा0),Sadar,28300,80500,,,49,नगरीय,चौक
एल0डी0जी0 व्या0योजना(वि0प्रा0),Sadar,53900,118300,,,50,नगरीय,चौक
ऐमी आलापुर,Sadar,2400,32900,2900000,,51,ग्रामीण,अमसिन
ककरही बाजार,Sadar,8800,46300,,,52,नगरीय,दिल्ली दरवाजा
कंघी गली (टेढी गली),Sadar,28400,83700,,,53,नगरीय,चौक
कच्चाघाट नयाघाट(वि0प्रा0),Sadar,8600,41900,,,54,नगरीय,मीरापुर द्वाबा मांझा
कछौली,Sadar,2300,35500,3000000,,55,अधिसूचित,हवेली अवध
कजियाना,Sadar,8700,43300,11400000,,56,नगरीय,अवध खास
कटरा,Sadar,8600,43300,,,57,नगरीय,अवध खास
कटरा उत्तरी,Sadar,7700,48200,10700000,,58,अर्द्धनगरीय,टाउन एरिया गोशाईगंज
कटरा गोशाईगंज,Sadar,7700,48200,10700000,,59,अर्द्धनगरीय,टाउन एरिया गोशाईगंज
कटरा दक्षिणी,Sadar,7700,48200,10700000,,60,अर्द्धनगरीय,टाउन एरिया गोशाईगंज
कटरा पश्चिमी,Sadar,7700,48200,10700000,,61,अर्द्धनगरीय,टाउन एरिया गोशाईगंज
कटरा पूर्वी दक्षिणी,Sadar,7700,48200,10700000,,62,अर्द्धनगरीय,टाउन एरिया गोशाईगंज
कटरा मध्य,Sadar,7700,48200,10700000,,63,अर्द्धनगरीय,टाउन एरिया गोशाईगंज
कनकपुर,Sadar,3800,36100,4800000,,64,ग्रामीण,अमसिन
कनीगंज,Sadar,8600,43300,,,65,नगरीय,वासूपुर सिरसा उर्फ जयसिंहपुर
कन्धरपुर गौड़ियाना,Sadar,8600,43300,,,66,नगरीय,अवध खास
कन्धारी बाजार मोहल्ला,Sadar,11400,54300,,,67,नगरीय,कन्धारी बाजार
करम अली का पुरवा,Sadar,8900,48200,,,68,नगरीय,सिविल लाइन
करमा कोड़री,Sadar,2300,35500,3000000,,69,अधिसूचित,हवेली अवध
करौंदी,Sadar,1900,32900,2400000,,70,ग्रामीण,अमसिन
कल्यानपुर बरौली,Sadar,1900,32900,2400000,,71,ग्रामीण,अमसिन
कश्मीरी मोहल्ला,Sadar,10200,48400,,,72,नगरीय,साहबगंज
कसाब बाड़ा,Sadar,14000,58900,,,73,नगरीय,दालमण्डी
कस्तूरीपुर,Sadar,3000,36300,3600000,,74,अधिसूचित,हवेली अवध
कस्बा,Sadar,3400,35300,4400000,,75,ग्रामीण,अमसिन
काजीपुर गाडर,Sadar,3400,35300,4400000,,76,ग्रामीण,अमसिन
काजीपुर चितावां (मणि पर्वत ),Sadar,8400,42500,11200000,,77,नगरीय,हवेली अवध
काजीपुर जमीं मलिकपुर,Sadar,4400,39100,3100000,,78,अर्द्धनगरीय,हवेली अवध
काजीपुर विसवां मांझा,Sadar,2000,32300,1400000,,79,ग्रामीण,अमसिन
काजीपुरविसवां उपरहार,Sadar,2100,32900,2800000,,80,ग्रामीण,अमसिन
कादीपुर,Sadar,2100,32900,2800000,,81,ग्रामीण,अमसिन
कांदीपुर,Sadar,2300,35500,3000000,,82,अधिसूचित,हवेली अवध
कार सेवक पुरम्,Sadar,8600,43300,,,83,नगरीय,बरहटा मांझा
किशुनदास पुर,Sadar,2400,35700,3000000,,84,अधिसूचित,हवेली अवध
कुंजकुटीर,Sadar,14900,58900,,,85,नगरीय,पुलिस लाइन
कुंजमुराई टोला,Sadar,12600,53600,,,86,नगरीय,साहबगंज
कुढ़ा केशवपुर मांझा,Sadar,4200,36800,2500000,,87,अर्द्धनगरीय,हवेली अवध
कुढ़ाकेशवपुर उपर.,Sadar,7000,43800,7200000,,88,अर्द्धनगरीय,हवेली अवध
कुतुबपुर,Sadar,2300,35500,3000000,,89,अधिसूचित,हवेली अवध
कुम्हार टोला (लाल बाग),Sadar,9100,47500,,,90,नगरीय,लालबाग
कुम्हार टोला (सहादतगंज),Sadar,8900,48200,,,91,नगरीय,सहादतगंज
कुम्हिया,Sadar,2400,32900,2900000,,92,ग्रामीण,अमसिन
कुर्मीटोला,Sadar,11400,50700,,,93,नगरीय,रेतिया
कुशमाहा,Sadar,4900,40800,4100000,,94,अर्द्धनगरीय,हवेली अवध
केवटहिया,Sadar,10500,49200,,,95,नगरीय,वजीरगंज
केवटहिया आ0योजना(वि0प्रा0),Sadar,11400,50500,,,96,नगरीय,वजीरगंज
केशवपुर,Sadar,2100,32900,2800000,,97,ग्रामीण,अमसिन
कैथाना,Sadar,8600,43300,,,98,नगरीय,अवध खास
कोट रामचन्दर,Sadar,8400,43300,,,99,नगरीय,हवेली अवध
कोटिया,Sadar,8300,43300,,,100,नगरीय,जलवानपुर
कोठा पार्चा (मोतीबाग),Sadar,27900,83700,,,101,नगरीय,मोती बाग
कोठापार्चा (चौक),Sadar,27900,83700,,,102,नगरीय,चौक
कोठीघाट,Sadar,8500,43300,,,103,नगरीय,कोट राम चन्दर
कोरखाना BNP,Sadar,7700,44800,14900000,,104,अर्द्धनगरीय,हवेली अवध
कोरखाना अं.न.पा.,Sadar,9000,48200,16200000,,105,नगरीय,हवेली अवध
कोरी टोला (सहादतगंज),Sadar,10200,48600,,,106,नगरीय,सहादतगंज
कोरीटोला (जनौरा),Sadar,10800,48000,,,107,नगरीय,जनौरा
कौड़िल्ला,Sadar,2100,32900,2800000,,108,ग्रामीण,अमसिन
कौशलपुरी कालोनी आ0योजना (वि0प्रा0),Sadar,11300,47000,,,109,नगरीय,सिविल लाइन
कौशलेश कुन्ज(वि0प्रा0),Sadar,8800,44000,,,110,नगरीय,जलवानपुर
कौशिल्या घाट,Sadar,8600,43300,,,111,नगरीय,अवध खास
क्षीरसागर,Sadar,8700,43300,,,112,नगरीय,अवध खास
खजुरावर,Sadar,1900,32900,2400000,,113,ग्रामीण,अमसिन
खानपुर,Sadar,2800,33600,3400000,,114,ग्रामीण,अमसिन
खिड़की अली बेग,Sadar,14900,58900,,,115,नगरीय,पुलिस लाइन
खिरौनिया,Sadar,8600,43300,,,116,नगरीय,बरहटा उपरहार
खिरौनी,Sadar,2100,32900,2800000,,117,ग्रामीण,अमसिन
खीरवाली गली,Sadar,12500,53600,,,118,नगरीय,फतेहगंज
खुदागंज,Sadar,11400,52200,,,119,नगरीय,दालमण्डी
खुर्द महल,Sadar,8900,47500,,,120,नगरीय,राठ हवेली
खुर्दाबाद,Sadar,8900,47800,,,121,नगरीय,अमानीगंज
खुशहाल गंज,Sadar,2100,32900,2800000,,122,ग्रामीण,अमसिन
खोजनपुर ANP,Sadar,12900,52600,19800000,,123,नगरीय,हवेली अवध
खोजनपुर BNP,Sadar,8200,47800,14900000,,124,अर्द्धनगरीय,हवेली अवध
ख्वासपुरा,Sadar,19500,79500,,,125,नगरीय,राठ हवेली
गंगौली,Sadar,2300,35500,3000000,,126,अधिसूचित,हवेली अवध
गंजा,Sadar,4400,39600,3500000,,127,अर्द्धनगरीय,हवेली अवध
गणेशगंज मकबरा,Sadar,11400,52800,,,128,नगरीय,दालमण्डी
गणेशपुर बिसौरा,Sadar,1900,32900,2400000,,129,ग्रामीण,अमसिन
गद्दोपुर,Sadar,8200,46700,14900000,,130,अर्द्धनगरीय,हवेली अवध
गद्दोपुर हरदासपुर,Sadar,2100,33600,3400000,,131,ग्रामीण,अमसिन
गनेश गंज,Sadar,11400,52200,,,132,नगरीय,झारखण्डी
गाड़ीवान टोला,Sadar,8600,43300,,,133,नगरीय,अवध खास
गांधी नगर,Sadar,11200,52200,,,134,नगरीय,लालबाग
गुदडी बाजार,Sadar,27900,83700,,,135,नगरीय,चौक
गुलाबबाड़ी,Sadar,12600,53600,,,136,नगरीय,साहबगंज
गोकुलपुर,Sadar,2100,32900,2800000,,137,ग्रामीण,अमसिन
गोपालपुर,Sadar,4400,39600,3100000,,138,अर्द्धनगरीय,हवेली अवध
गोलाघाट,Sadar,8600,43300,,,139,नगरीय,अवध खास
गोलाबाजार,Sadar,8500,43300,,,140,नगरीय,कोट राम चन्दर
गोशईगंज पश्चिमी,Sadar,7700,48200,10700000,,141,अर्द्धनगरीय,टाउन एरिया गोशाईगंज
गोशाईगंज उत्तरी,Sadar,7700,48200,10700000,,142,अर्द्धनगरीय,टाउन एरिया गोशाईगंज
गोशाईगंज दक्षिणी,Sadar,7700,48200,10700000,,143,अर्द्धनगरीय,टाउन एरिया गोशाईगंज
गौरापट्टी,Sadar,4900,40200,3800000,,144,अर्द्धनगरीय,हवेली अवध
गौहनिया,Sadar,2300,32900,2800000,,145,ग्रामीण,अमसिन
घसियारी मण्डी,Sadar,9100,47800,,,146,नगरीय,सहादतगंज
घोसियाना,Sadar,12600,52200,,,147,नगरीय,रामनगर
घोसी टोला,Sadar,8900,46300,,,148,नगरीय,हैदरगंज
चक गौरापट्टी,Sadar,12200,51500,20800000,,149,नगरीय,हवेली अवध
चक्रतीर्थ,Sadar,8700,43300,,,150,नगरीय,अवध खास
चक्रतीर्थ आ0योजना(वि0प्रा0),Sadar,8900,46300,,,151,नगरीय,अवध खास
चमारटोला,Sadar,10800,48000,,,152,नगरीय,जनौरा
चरेरा,Sadar,2400,32900,2900000,,153,ग्रामीण,हवेली अवध
चाचिकपुर,Sadar,2100,32900,2800000,,154,ग्रामीण,अमसिन
चाणक्यपुरी कालोनी,Sadar,11400,51500,,,155,नगरीय,नियावां
चांदपुर हरिवंश,Sadar,8200,44800,15400000,,156,अर्द्धनगरीय,हवेली अवध
चिरकिटहा,Sadar,2100,32900,2800000,,157,ग्रामीण,अमसिन
चेला छावनी,Sadar,10500,49200,,,158,नगरीय,वजीरगंज
चौक,Sadar,27900,83700,,,159,नगरीय,चौक
छतरा,Sadar,2100,32900,2800000,,160,ग्रामीण,अमसिन
छावनी गौरावारिक,Sadar,9100,49600,2500000,,161,नगरीय,हवेली अवध
छावनी बन्दे अली,Sadar,11400,50700,,,162,नगरीय,रेतिया
छोटारमना,Sadar,10500,49200,,,163,नगरीय,वजीरगंज
छोटी छावनी,Sadar,8600,43300,,,164,नगरीय,मीरापुर डेरा बीबी
छोटी देवकाली,Sadar,8700,43300,,,165,नगरीय,अवध खास
जगदीशपुर अरवत,Sadar,2100,32900,2800000,,166,ग्रामीण,अमसिन
जगदीशपुरटण्डौली,Sadar,2100,32900,2800000,,167,ग्रामीण,अमसिन
जजवट,Sadar,2400,32900,2900000,,168,ग्रामीण,अमसिन
जनकपुरी आ0योजना(वि0प्रा0),Sadar,8900,44800,,,169,नगरीय,अवध खास
जनौरा ANP,Sadar,10800,48000,14900000,,170,नगरीय,हवेली अवध
जनौरा BNP,Sadar,8200,46700,12800000,,171,अर्द्धनगरीय,हवेली अवध
जमुनियाबाग,Sadar,27900,81800,,,172,नगरीय,चौक
जमुनीपुर,Sadar,2100,32900,2800000,,173,ग्रामीण,अमसिन
जयसिंपुर,Sadar,8600,43100,11000000,,174,नगरीय,वासूपुर सिरसा उर्फ जयसिंहपुर
जरही,Sadar,2100,32900,2800000,,175,ग्रामीण,अमसिन
जलवानपुर,Sadar,8700,44000,11400000,,176,नगरीय,हवेली अवध
जलालुद्दीन नगर उपर,Sadar,3800,39400,5100000,,177,अधिसूचित,हवेली अवध
जलालुद्दीननगरमांझा,Sadar,3800,34000,2800000,,178,अधिसूचित,हवेली अवध
जानकी घाट,Sadar,8600,43300,,,179,नगरीय,मीरापुर डेरा बीबी
जालपानाला,Sadar,12300,52200,,,180,नगरीय,अमानीगंज
जियनपुर,Sadar,7400,43300,9800000,,181,अर्द्धनगरीय,हवेली अवध
जे बी पुरम कालोनी,Sadar,10900,47000,,,182,नगरीय,सिविल लाइन
जे0टी0सी0,Sadar,14000,57600,,,183,नगरीय,मोती बाग
जैता,Sadar,2100,32900,2800000,,184,ग्रामीण,अमसिन
झारखण्डी,Sadar,11600,52200,,,185,नगरीय,झारखण्डी
झुनकीघाट,Sadar,8600,43300,,,186,नगरीय,अवध खास
टकसाल,Sadar,27900,78400,,,187,नगरीय,चौक
टण्डौली,Sadar,2100,32900,2800000,,188,ग्रामीण,अमसिन
टेढ़ी बाजार,Sadar,8800,44800,,,189,नगरीय,बाग विजैसी
टेढी बाजार (चौक),Sadar,28400,83700,,,190,नगरीय,चौक
टोनिया बिहारीपुर,Sadar,4400,39600,4300000,,191,अर्द्धनगरीय,हवेली अवध
ट्रान्सपोर्टनगर वि0प्रा0,Sadar,12000,47000,,,192,नगरीय,सिविल लाइन
ठठरहिया,Sadar,14900,55300,,,193,नगरीय,अंगूरीबाग
डाभासेमर,Sadar,5800,41900,7000000,,194,अर्द्धनगरीय,हवेली अवध
तकपुरा,Sadar,7000,43100,11600000,,195,अर्द्धनगरीय,हवेली अवध
तार गौहन,Sadar,2100,32900,2800000,,196,ग्रामीण,अमसिन
तारापुर रजौली,Sadar,8900,45700,12700000,,197,नगरीय,हवेली अवध
ताहिरपुर बरौली,Sadar,2100,32900,2800000,,198,ग्रामीण,अमसिन
तिहुरा उपरहार,Sadar,5200,39600,4200000,,199,अर्द्धनगरीय,हवेली अवध
तिहुरा मांझा,Sadar,5100,39000,3300000,,200,अर्द्धनगरीय,हवेली अवध
तुलसी बाड़ी,Sadar,8600,43300,,,201,नगरीय,मीरापुर द्वाबा उपरहार
तुलसीनगर,Sadar,8600,43300,,,202,नगरीय,अवध खास
तेलियागढ़ उत्तरी,Sadar,7700,48200,10700000,,203,अर्द्धनगरीय,टाउन एरिया गोशाईगंज
तेलियागढ़ दक्षिणी,Sadar,7700,48200,10700000,,204,अर्द्धनगरीय,टाउन एरिया गोशाईगंज
तेलियागढ़ पूर्वी,Sadar,7700,48200,10700000,,205,अर्द्धनगरीय,टाउन एरिया गोशाईगंज
तेलीटोला,Sadar,11500,52800,,,206,नगरीय,अंगूरीबाग
तोगपुर,Sadar,10800,48600,12700000,,207,नगरीय,हवेली अवध
त्रिलोकपुर,Sadar,2100,32900,2800000,,208,ग्रामीण,अमसिन
दतौली,Sadar,2100,32900,2800000,,209,ग्रामीण,अमसिन
ददेरा,Sadar,4200,36800,2900000,,210,अर्द्धनगरीय,हवेली अवध
दन्तधावन कुण्ड,Sadar,8600,43300,,,211,नगरीय,बरहटा उपरहार
दमोदरपुर,Sadar,2100,32900,2800000,,212,ग्रामीण,अमसिन
दर्शन नगर,Sadar,7000,43100,7000000,,213,अर्द्धनगरीय,रानोपाली
दलपतपुर उपरहार,Sadar,2100,32900,2800000,,214,ग्रामीण,अमसिन
दलपतपुर माझा,Sadar,2000,32300,1400000,,215,ग्रामीण,अमसिन
दलीपपुर उर्फ़ देवगढ़,Sadar,2100,32900,2800000,,216,ग्रामीण,अमसिन
दालमण्डी,Sadar,14900,58900,,,217,नगरीय,दालमण्डी
दिलकुशा,Sadar,12600,52200,,,218,नगरीय,दिल्ली दरवाजा
दिल्ली दरवाजा,Sadar,12600,52200,,,219,नगरीय,दिल्ली दरवाजा
दिवानी मिसिल,Sadar,12600,52200,,,220,नगरीय,दिल्ली दरवाजा
दीनापुर,Sadar,1900,32900,2400000,,221,ग्रामीण,अमसिन
दुर्गापुर,Sadar,2300,35500,3000000,,222,अधिसूचित,हवेली अवध
दुर्गापुर रमपुरवा,Sadar,2100,32900,2800000,,223,ग्रामीण,अमसिन
दुल्लापुर,Sadar,2100,32900,2800000,,224,ग्रामीण,अमसिन
देवकाली अं.न.पा.,Sadar,12200,50700,20800000,,225,नगरीय,हवेली अवध
देवकालीBNP,Sadar,8200,47800,14900000,,226,अर्द्धनगरीय,हवेली अवध
देवगिरिया,Sadar,2100,32900,2800000,,227,ग्रामीण,अमसिन
देवरा दाउदपुर,Sadar,2100,32900,2800000,,228,ग्रामीण,अमसिन
देवापुर,Sadar,2400,32900,2900000,,229,ग्रामीण,अमसिन
देवासूर्यभानपुर,Sadar,2100,32900,2800000,,230,ग्रामीण,अमसिन
दोराही कुंआ,Sadar,8300,43300,,,231,नगरीय,कोट राम चन्दर
द्वारिका पुर,Sadar,2100,32900,2800000,,232,ग्रामीण,अमसिन
धनीराम का पुरवा (जनौरा),Sadar,10800,46700,,,233,नगरीय,जनौरा
धनीराम का पुरवा (झारखण्डी),Sadar,11400,51500,,,234,नगरीय,झारखण्डी
धनैजा,Sadar,8700,43300,,,235,नगरीय,अवध खास
धरमपुर सहादत,Sadar,4300,37700,2800000,,236,अर्द्धनगरीय,हवेली अवध
धारूपुर,Sadar,2100,32900,2800000,,237,ग्रामीण,अमसिन
नई कालोनी,Sadar,11400,52200,,,238,नगरीय,झारखण्डी
नकटवारा,Sadar,2100,32900,2800000,,239,ग्रामीण,अमसिन
नक्खास,Sadar,17800,81800,,,240,नगरीय,मोती बाग
नजरबाग,Sadar,8500,43300,,,241,नगरीय,कोट राम चन्दर
नन्दापुर,Sadar,4300,37700,3200000,,242,अर्द्धनगरीय,हवेली अवध
नययर कालोनी,Sadar,20600,57600,,,243,नगरीय,सिविल लाइन
नया पुरवा आ0 योजना(वि0प्रा0),Sadar,11200,53600,,,244,नगरीय,रेतिया
नयाघाट,Sadar,8600,43300,,,245,नगरीय,अवध खास
नयापुरवा (नियांवा),Sadar,11400,52200,,,246,नगरीय,नियावां
नयापुरवा (रानोपाली),Sadar,9700,48000,,,247,नगरीय,रानोपाली
नयी दुनिया मोहल्ला,Sadar,11200,51500,,,248,नगरीय,राठ हवेली
नरायनपुर,Sadar,2300,35500,3000000,,249,अधिसूचित,हवेली अवध
नरियावां,Sadar,2300,35500,3000000,,250,अधिसूचित,हवेली अवध
नवीन नगर,Sadar,8300,43300,,,251,नगरीय,कोट राम चन्दर
नहरबाग,Sadar,11400,52200,,,252,नगरीय,नियावां
नाका,Sadar,12600,52200,,,253,नगरीय,रामनगर
नाका मुजफरा,Sadar,15800,58900,,,254,नगरीय,लालबाग
नारा,Sadar,2300,35500,3000000,,255,अधिसूचित,हवेली अवध
नियांवा,Sadar,11400,52200,19500000,,256,नगरीय,हवेली अवध
निर्मली कुण्ड,Sadar,8300,44000,,,257,नगरीय,छावनी परिषद
निर्मोचन घाट,Sadar,8300,43300,,,258,नगरीय,अवध खास
नील बिहार कालोनी(वि0प्रा0),Sadar,11400,52200,,,259,नगरीय,रामनगर
नेव कबीरपुर,Sadar,2100,32900,2800000,,260,ग्रामीण,अमसिन
नेवातीपुरा,Sadar,15800,58900,,,261,नगरीय,लालबाग
नोनहटिया,Sadar,8600,43300,,,262,नगरीय,बरहटा उपरहार
नौगजी,Sadar,8600,43300,,,263,नगरीय,मीरापुर डेरा बीबी
नौघड़ा,Sadar,8900,47500,,,264,नगरीय,राठ हवेली
पकरेला,Sadar,2800,33600,3400000,,265,ग्रामीण,अमसिन
पटेल नगर,Sadar,8900,47800,,,266,नगरीय,लालबाग
पठान टोलिया,Sadar,8900,47300,,,267,नगरीय,अमानीगंज
पदुमपुरी कालोनी,Sadar,11200,51500,,,268,नगरीय,बहादुरगंज
पम्पारपुर,Sadar,2100,32900,2800000,,269,ग्रामीण,अमसिन
परमानपुर,Sadar,2100,32900,2800000,,270,ग्रामीण,अमसिन
पलिया टेकधर,Sadar,2100,32900,2800000,,271,ग्रामीण,अमसिन
पलिया शाहबदी,Sadar,5600,41000,9400000,,272,अर्द्धनगरीय,हवेली अवध
पहाड़गंज ANP,Sadar,11200,49600,19500000,,273,नगरीय,हवेली अवध
पहाड़गंज BNP,Sadar,8200,47800,14900000,,274,अर्द्धनगरीय,हवेली अवध
पांजी टोला,Sadar,8600,43300,,,275,नगरीय,अवध खास
पाण्डेय बाजार,Sadar,8600,43300,,,276,नगरीय,मीरापुर डेरा बीबी
पानगली,Sadar,27900,83700,,,277,नगरीय,चौक
पाराख़ान,Sadar,5800,41900,4200000,,278,अर्द्धनगरीय,हवेली अवध
पालकीखाना,Sadar,14900,58900,,,279,नगरीय,रिकाबगंज
पिलखावां,Sadar,2100,32900,2800000,,280,ग्रामीण,अमसिन
पी0डब्लू0डी0कालोनी,Sadar,14000,58900,,,281,नगरीय,पुलिस लाइन
पुरखेपुर,Sadar,3700,38100,4700000,,282,अधिसूचित,हवेली अवध
पुरानी सब्जी मण्डी,Sadar,14000,79500,,,283,नगरीय,फतेहगंज
पूरा हुसैन खां,Sadar,8200,47800,14900000,,284,अर्द्धनगरीय,हवेली अवध
पौसरा उपरहार,Sadar,2800,33600,3400000,,285,ग्रामीण,अमसिन
पौसरा मांझा,Sadar,1800,32300,1300000,,286,ग्रामीण,अमसिन
प्रमोद वन,Sadar,8600,43300,,,287,नगरीय,मीरापुर डेरा बीबी
प्रहलाद घाट,Sadar,8600,43300,,,288,नगरीय,अवध खास
प्रियदर्शनी आ0योजना(वि0प्रा0),Sadar,11400,52200,,,289,नगरीय,रामनगर
फतेहगंज,Sadar,24800,79500,,,290,नगरीय,फतेहगंज
फतेहपुरमुमताजाबाद,Sadar,2100,32900,2800000,,291,ग्रामीण,अमसिन
फिरोजपुर,Sadar,4400,39600,4200000,,292,अर्द्धनगरीय,हवेली अवध
फैजाबाद ग्रामीण,Sadar,8200,47800,14900000,,293,अर्द्धनगरीय,हवेली अवध
बक्सरिया टोला,Sadar,8600,43300,,,294,नगरीय,अवध खास
बजाजा,Sadar,27900,83700,,,295,नगरीय,चौक
बढई का पुरवा,Sadar,10500,49200,,,296,नगरीय,सहादतगंज
बनगवां,Sadar,2100,32900,2800000,,297,ग्रामीण,अमसिन
बनवारी का पुरवा,Sadar,8800,43100,,,298,नगरीय,वासूपुर सिरसा उर्फ जयसिंहपुर
बन्दन पुर,Sadar,2800,33600,3400000,,299,ग्रामीण,अमसिन
बन्धा तिराहा व्या0योजना(वि0प्रा),Sadar,8700,43100,,,300,नगरीय,मीरापुर द्वाबा मांझा
बबुवापुर,Sadar,2100,32900,2800000,,301,ग्रामीण,अमसिन
बरईपारा,Sadar,2200,32900,2800000,,302,ग्रामीण,अमसिन
बरगदहिया,Sadar,8500,42900,,,303,नगरीय,बरहटा मांझा
बरवारी टोला,Sadar,8600,43300,,,304,नगरीय,अवध खास
बरहटा उपरहार,Sadar,8900,44800,11400000,,305,नगरीय,हवेली अवध
बरहटा मांझा,Sadar,7200,42700,9800000,,306,अर्द्धनगरीय,हवेली अवध
बल्ला हाता,Sadar,11600,52800,,,307,नगरीय,झारखण्डी
बसंत अली का हाता,Sadar,11400,50100,,,308,नगरीय,फतेहगंज
बहादुरगंज,Sadar,11500,51500,,,309,नगरीय,बहादुरगंज
बहारगंज,Sadar,12300,52200,,,310,नगरीय,अमानीगंज
बहू बाजार,Sadar,8600,43300,,,311,नगरीय,मीरापुर डेरा बीबी
बहेलिया टोला (अवधखास),Sadar,8600,43300,,,312,नगरीय,अवध खास
बहेलिया टोला (हैदरगंज),Sadar,8900,46700,,,313,नगरीय,हैदरगंज
बहोरनपुर,Sadar,2100,32900,2800000,,314,ग्रामीण,हवेली अवध
बाग फरहदबक्श,Sadar,8600,43300,,,315,नगरीय,हवेली अवध
बाग बिजैसी,Sadar,8600,43300,11000000,,316,नगरीय,हवेली अवध
बाजार मिर्जा अली बेग,Sadar,8900,52200,,,317,नगरीय,दिल्ली दरवाजा
बाबू बाजार,Sadar,12200,50700,,,318,नगरीय,देवकाली
बारा पत्थर,Sadar,11200,52600,,,319,नगरीय,कन्धारी बाजार
बालकराम कालोनी,Sadar,11600,51500,,,320,नगरीय,नियावां
बाल्दा,Sadar,11200,51500,,,321,नगरीय,साहबगंज
बासूपुरसिरसा जयसिंह,Sadar,8800,43100,11400000,,322,नगरीय,हवेली अवध
बिरौली,Sadar,4200,36800,2900000,,323,अर्द्धनगरीय,हवेली अवध
बीकापुर,Sadar,2100,32900,2800000,,324,ग्रामीण,अमसिन
बीरशाह पुर,Sadar,2100,32900,2800000,,325,ग्रामीण,अमसिन
बुचनीगंज,Sadar,9100,47800,,,326,नगरीय,सहादतगंज
बेगमगंज गढ़ैया,Sadar,8800,46700,,,327,नगरीय,बेगमगंज गढ़ैया
बेगमगंज मकबरा,Sadar,11500,58900,,,328,नगरीय,दालमण्डी
बेगमपुरा,Sadar,8600,43300,,,329,नगरीय,अवध खास
बेगमागंज मांझा,Sadar,1800,32300,1300000,,330,ग्रामीण,अमसिन
बेनवा,Sadar,2100,32900,2800000,,331,ग्रामीण,अमसिन
बेनीगंज,Sadar,11200,51500,,,332,नगरीय,अमानीगंज
बेनीपुर,Sadar,2100,32900,2800000,,333,ग्रामीण,हवेली अवध
बेरा,Sadar,2100,32900,2800000,,334,ग्रामीण,अमसिन
बेलवारी खान,Sadar,3600,35300,4600000,,335,ग्रामीण,अमसिन
बैराक पुरा,Sadar,8600,43300,,,336,नगरीय,बरहटा उपरहार
बैसिंह,Sadar,2300,35500,3000000,,337,अधिसूचित,हवेली अवध
बैहारी,Sadar,2400,32900,2900000,,338,ग्रामीण,अमसिन
बोधीपुर,Sadar,2100,32900,2800000,,339,ग्रामीण,अमसिन
ब्रहम कुण्ड,Sadar,8600,43300,,,340,नगरीय,अवध खास
ब्राहमण टोला,Sadar,10800,48000,,,341,नगरीय,जनौरा
भगवाभीट,Sadar,2600,35500,3100000,,342,अधिसूचित,हवेली अवध
भदोखर,Sadar,4200,36800,2900000,,343,अर्द्धनगरीय,हवेली अवध
भदौली खुर्द,Sadar,2100,32900,2800000,,344,ग्रामीण,अमसिन
भदौली बुजुर्ग,Sadar,2100,32900,2800000,,345,ग्रामीण,अमसिन
भरतपुरी कालोनी,Sadar,10100,52200,,,346,नगरीय,दिल्ली दरवाजा
भिटौरा,Sadar,2100,32900,2800000,,347,ग्रामीण,अमसिन
भीखापुर,Sadar,8200,46700,14900000,,348,अर्द्धनगरीय,हवेली अवध
भैरीपुर उपरहार,Sadar,3800,36100,4800000,,349,ग्रामीण,अमसिन
भैरीपुर मांझा,Sadar,1800,32300,1300000,,350,ग्रामीण,अमसिन
भोया,Sadar,2100,32900,2800000,,351,ग्रामीण,अमसिन
मक्खापुर,Sadar,5500,41500,9200000,,352,अर्द्धनगरीय,हवेली अवध
मछरहटा(मछली बाजार),Sadar,11400,52800,,,353,नगरीय,अंगूरीबाग
मछुवाना,Sadar,8600,43300,,,354,नगरीय,अवध खास
मड़ना उपरहार,Sadar,2800,33600,3400000,,355,ग्रामीण,अमसिन
मड़ना मांझा,Sadar,2000,32300,1400000,,356,ग्रामीण,अमसिन
मदरहिया,Sadar,8800,43100,,,357,नगरीय,वासूपुर सिरसा उर्फ जयसिंहपुर
मयाभीखी,Sadar,3800,36100,4800000,,358,ग्रामीण,अमसिन
मलखानपुर,Sadar,2100,32900,2800000,,359,ग्रामीण,अमसिन
मलिक पट्टी,Sadar,2100,32900,2800000,,360,ग्रामीण,अमसिन
मलिकपुर,Sadar,4400,39600,3000000,,361,अर्द्धनगरीय,हवेली अवध
मस्तान का पुरवा,Sadar,10500,49200,,,362,नगरीय,सहादतगंज
महाजनी टोला,Sadar,11500,51500,,,363,नगरीय,रिकाबगंज
महिमापुर,Sadar,2100,32900,2800000,,364,ग्रामीण,अमसिन
महेशपुर,Sadar,2000,35500,2600000,,365,अधिसूचित,हवेली अवध
माझा आलापुर,Sadar,1800,32300,1300000,,366,ग्रामीण,अमसिन
माझा जमथरा,Sadar,10800,48000,12700000,,367,नगरीय,हवेली अवध
माझा पिपरी संग्राम,Sadar,2200,34900,1500000,,368,अधिसूचित,हवेली अवध
माझा पूरे चेतन,Sadar,2200,34900,1500000,,369,अधिसूचित,हवेली अवध
माझा रसूलपुर दोयम,Sadar,1900,32900,2400000,,370,ग्रामीण,अमसिन
माझा सलेमपुर,Sadar,1900,34900,1400000,,371,अधिसूचित,हवेली अवध
माझामूडाडीहबस्ती,Sadar,1900,34900,1400000,,372,अधिसूचित,हवेली अवध
मांझामूडाडीहाफैजाबाद,Sadar,2200,34900,1500000,,373,अधिसूचित,हवेली अवध
मांझारामपुरक़ानूनगो,Sadar,1800,32300,1300000,,374,ग्रामीण,अमसिन
मातगैड़,Sadar,8600,43300,,,375,नगरीय,अवध खास
मानापारा,Sadar,2400,32900,2900000,,376,ग्रामीण,अमसिन
माहताबबाग,Sadar,12300,52200,,,377,नगरीय,अमानीगंज
मित्रसेनपुर,Sadar,2300,35500,3000000,,378,अधिसूचित,हवेली अवध
मियांगंज,Sadar,8900,48000,,,379,नगरीय,राठ हवेली
मिर्जापुर माफी,Sadar,4600,40200,3800000,,380,अर्द्धनगरीय,हवेली अवध
मिर्जापुर शमसुद्दीनपुर,Sadar,4500,40200,3700000,,381,अर्द्धनगरीय,हवेली अवध
मिश्राना,Sadar,8800,43100,,,382,नगरीय,वासूपुर सिरसा उर्फ जयसिंहपुर
मीरापुर डेराबीबी,Sadar,8600,43300,11200000,,383,नगरीय,हवेली अवध
मीरापुर द्वाबा उपरहार,Sadar,8600,43100,11200000,,384,नगरीय,हवेली अवध
मीरापुर द्वाबा मांझा,Sadar,8600,42900,10900000,,385,नगरीय,हवेली अवध
मीरापुर बुलन्दी,Sadar,8600,43300,11200000,,386,नगरीय,अवध खास
मुकेरी टोला,Sadar,12200,52800,,,387,नगरीय,अंगूरीबाग
मुखर्जी हाट,Sadar,24400,79500,,,388,नगरीय,चौक
मुगलपुरा,Sadar,8700,43300,,,389,नगरीय,अवध खास
मुगलपुरा,Sadar,11200,52200,,,390,नगरीय,हैदरगंज
मुराई टोला (कोटरामचन्दर),Sadar,8500,43300,,,391,नगरीय,कोट राम चन्दर
मुराई टोला (हैदरगंज),Sadar,11200,52200,,,392,नगरीय,हैदरगंज
मुरावन टोला,Sadar,11200,52200,,,393,नगरीय,रामनगर
मेदनीपुर,Sadar,2100,32900,2800000,,394,ग्रामीण,अमसिन
मैनपुर,Sadar,2100,32900,2800000,,395,ग्रामीण,अमसिन
मोची टोला,Sadar,8800,46700,,,396,नगरीय,बेगमगंज गढ़ैया
मोती मस्जिद,Sadar,14000,57600,,,397,नगरीय,मोती बाग
मोतीबाग,Sadar,17800,80500,,,398,नगरीय,मोती बाग
मोदरा,Sadar,2300,35500,3000000,,399,अधिसूचित,हवेली अवध
मोदहा सरपतिया,Sadar,14000,57600,,,400,नगरीय,सिविल लाइन
मोहतरिम नगर उपरहार,Sadar,4400,40000,7300000,,401,अर्द्धनगरीय,हवेली अवध
मोहतरिम नगर मांझा,Sadar,2000,35500,2600000,,402,अधिसूचित,हवेली अवध
मोहत्सिम पुर,Sadar,2600,35500,3100000,,403,अधिसूचित,हवेली अवध
मोहम्मदपुर कस्बा,Sadar,2300,32900,2800000,,404,ग्रामीण,अमसिन
मोहम्मद पनाह का हाता,Sadar,8800,46700,,,405,नगरीय,बेगमगंज गढ़ैया
मोहर्रमपुर आरती,Sadar,2200,34900,1500000,,406,अधिसूचित,अमसिन
रकौरा,Sadar,1900,32900,2400000,,407,ग्रामीण,अमसिन
रघुनाथपुर,Sadar,2100,32900,2800000,,408,ग्रामीण,अमसिन
रजपलिया,Sadar,2100,32900,2800000,,409,ग्रामीण,अमसिन
रतनपुर,Sadar,2100,32900,2800000,,410,ग्रामीण,अमसिन
रमना,Sadar,9000,46700,12100000,,411,नगरीय,हैदरगंज
रमना आ0योजना(वि0प्रा),Sadar,9700,46700,,,412,नगरीय,हैदरगंज
रसड़ा,Sadar,2300,35500,3000000,,413,अधिसूचित,हवेली अवध
रसूलपुर प्रथम,Sadar,2100,32900,2800000,,414,ग्रामीण,अमसिन
रसूलाबाद,Sadar,2800,33600,3400000,,415,ग्रामीण,अमसिन
रहीमपुर दुगवा,Sadar,2100,32900,2800000,,416,ग्रामीण,अमसिन
राजघाट,Sadar,8500,42500,,,417,नगरीय,अवध खास
राजघाट वि0 प्राधि0 आवासीय योजना,Sadar,8600,43300,,,418,नगरीय,अवध खास
राजागली,Sadar,27900,79500,,,419,नगरीय,चौक
राजापुर,Sadar,2100,32900,2800000,,420,ग्रामीण,अमसिन
राजेपुर उपरहार,Sadar,3800,38100,4700000,,421,अधिसूचित,हवेली अवध
राजेपुर माझा,Sadar,3800,34000,2800000,,422,अधिसूचित,हवेली अवध
राठ हवेली,Sadar,11200,50700,,,423,नगरीय,राठ हवेली
रानी बाजार,Sadar,8800,44800,,,424,नगरीय,बरहटा उपरहार
रानोपाली ANP,Sadar,9700,48000,15900000,,425,नगरीय,हवेली अवध
रानोपाली BNP,Sadar,8200,46700,14900000,,426,अर्द्धनगरीय,हवेली अवध
राम नगर,Sadar,12600,52200,,,427,नगरीय,रामनगर
राम नगर छावनी,Sadar,12600,52600,,,428,नगरीय,रेलवे कालोनी
रामकोट,Sadar,8400,43300,,,429,नगरीय,कोट राम चन्दर
रामघाट,Sadar,8900,44800,,,430,नगरीय,बरहटा उपरहार
रामदत्तपुर अटरांवा,Sadar,4200,36800,2800000,,431,अर्द्धनगरीय,हवेली अवध
रामनगरमिश्रौली बाहर,Sadar,3800,35700,4600000,,432,ग्रामीण,अमसिन
रामनगरमिश्रौलीANP,Sadar,7700,48200,10700000,,433,अर्द्धनगरीय,अमसिन
रामपुर पुवारी उपरहार,Sadar,2100,32900,2800000,,434,ग्रामीण,अमसिन
रामपुर पुवारी मांझा,Sadar,2100,32300,1400000,,435,ग्रामीण,अमसिन
रामपुर बुजुर्ग,Sadar,2100,32900,2800000,,436,ग्रामीण,अमसिन
रामपुर बैहारी,Sadar,2100,32900,2800000,,437,ग्रामीण,अमसिन
रामपुर मया,Sadar,3800,36100,5000000,,438,ग्रामीण,अमसिन
रामपुर सरधा,Sadar,2800,36300,3600000,,439,अधिसूचित,हवेली अवध
रामपुर हलवारा उपरहा,Sadar,3800,36300,3500000,,440,अधिसूचित,हवेली अवध
रामपुर हलवारा मांझा,Sadar,3800,33000,3000000,,441,अधिसूचित,हवेली अवध
रामपैडी,Sadar,8700,43300,,,442,नगरीय,अवध खास
रामापुर,Sadar,2600,33600,3400000,,443,ग्रामीण,अमसिन
रायगंज,Sadar,8800,44800,,,444,नगरीय,बरहटा उपरहार
रिकाबगंज,Sadar,21300,83700,,,445,नगरीय,रिकाबगंज
रिफ्यूजी मार्केट,Sadar,27900,83700,,,446,नगरीय,चौक
रीडगंज,Sadar,12600,53600,,,447,नगरीय,साहबगंज
रुदौलिया,Sadar,2100,32900,2800000,,448,ग्रामीण,अमसिन
रुहियावां,Sadar,2800,33600,3400000,,449,ग्रामीण,अमसिन
रेतिया मुहल्ला,Sadar,8800,44800,,,450,नगरीय,रेतिया
रेवरी,Sadar,1900,32900,2800000,,451,ग्रामीण,अमसिन
रेहड़ी,Sadar,2100,32900,2800000,,452,ग्रामीण,अमसिन
रोशननगर,Sadar,3300,35300,4400000,,453,ग्रामीण,अमसिन
रोहिणी आ0योजना(वि0प्रा0),Sadar,11500,51500,,,454,नगरीय,बरहटा मांझा
रौवा लोहंगपुर,Sadar,2100,32900,2800000,,455,ग्रामीण,अमसिन
लक्ष्मणघाट,Sadar,8500,42900,,,456,नगरीय,अवध खास
लक्ष्मणपुरी कालोनी,Sadar,12600,52200,,,457,नगरीय,अमानीगंज
लक्ष्मीदास पुर,Sadar,2300,35500,3000000,,458,अधिसूचित,हवेली अवध
लवकुश नगर,Sadar,8600,43300,,,459,नगरीय,बरहटा मांझा
लालकुर्ती बाजार,Sadar,8900,46700,,,460,नगरीय,छावनी परिषद
लालपुर उपरहार,Sadar,2100,32900,2800000,,461,ग्रामीण,अमसिन
लालपुर मांझा,Sadar,1800,32300,1300000,,462,ग्रामीण,अमसिन
लालबाग,Sadar,12900,55300,,,463,नगरीय,लालबाग
लालबाग नई कालानी,Sadar,12600,54300,,,464,नगरीय,लालबाग
लोनिया टोला,Sadar,8900,47300,,,465,नगरीय,साहबगंज
लोहिया बाजार,Sadar,27900,83700,,,466,नगरीय,चौक
वजीरगंज,Sadar,10700,49200,,,467,नगरीय,वजीरगंज
वजीरगंज जप्ती,Sadar,10500,49200,,,468,नगरीय,वजीरगंज
वर्मा कालोनी,Sadar,8600,43300,,,469,नगरीय,बाग विजैसी
वशिष्ठकुण्ड,Sadar,8600,43300,,,470,नगरीय,अवध खास
वाजपेयी पुरम्,Sadar,8600,43300,,,471,नगरीय,बाग फरहद बक्श
वासुदेव घाट,Sadar,8600,43100,,,472,नगरीय,मीरापुर द्वाबा मांझा
वाहन पार्किंग व्या0योजना(वि0प्रा),Sadar,13600,52200,,,473,नगरीय,अवध खास
विद्याकुण्ड,Sadar,8600,43300,,,474,नगरीय,वासूपुर सिरसा उर्फ जयसिंहपुर
विभीषण कुण्ड,Sadar,8600,43300,,,475,नगरीय,अवध खास
वेरासपुर,Sadar,2100,32900,2800000,,476,ग्रामीण,अमसिन
वैदेही नगर कालोनी,Sadar,12900,53000,,,477,नगरीय,साहबगंज
वैभव काप्प्लेक्स व्या0योजना(वि0प्रा),Sadar,72800,141400,,,478,नगरीय,सिविल लाइन
शंकरगढ,Sadar,7000,44000,6800000,,479,अर्द्धनगरीय,रानोपाली
शक्ति नगर कालोनी,Sadar,12600,52600,,,480,नगरीय,देवकाली
शक्ति बिहार कालोनी,Sadar,11400,51500,,,481,नगरीय,नियावां
शान्तीपुर,Sadar,2600,35500,3100000,,482,अधिसूचित,हवेली अवध
शास्त्री नगर,Sadar,8600,43300,,,483,नगरीय,मीरापुर डेरा बीबी
शाहजंहापुर,Sadar,8200,47800,14600000,,484,अर्द्धनगरीय,हवेली अवध
शाहनेवाजपुरउपरहार,Sadar,6500,41900,9800000,,485,अर्द्धनगरीय,हवेली अवध
शाहनेवाजपुरमांझा,Sadar,6000,41500,9800000,,486,अर्द्धनगरीय,हवेली अवध
शिवदासपुर,Sadar,4400,39600,3100000,,487,अर्द्धनगरीय,हवेली अवध
शेरजंग बाजार,Sadar,8400,43300,,,488,नगरीय,अवध खास
शेरवा उपरहार,Sadar,2100,32900,2800000,,489,ग्रामीण,अमसिन
शेरवा मांझा,Sadar,1800,32300,1300000,,490,ग्रामीण,अमसिन
शोलापुरी,Sadar,10400,47300,,,491,नगरीय,अमानीगंज
श्यामा सदन,Sadar,8600,43300,,,492,नगरीय,बहादुरगंज
श्रृंगार हाट,Sadar,8800,44800,,,493,नगरीय,बरहटा उपरहार
सआदत अली की छावनी,Sadar,11200,52200,,,494,नगरीय,रामनगर
सदर बाजार,Sadar,8600,44400,,,495,नगरीय,छावनी परिषद
सनेथू,Sadar,2600,35500,3100000,,496,अधिसूचित,हवेली अवध
सप्त सागर,Sadar,12200,50700,,,497,नगरीय,देवकाली
सब्जी मण्डी चौक,Sadar,27900,83700,,,498,नगरीय,चौक
समदा,Sadar,3600,35300,4600000,,499,ग्रामीण,अमसिन
समन्था,Sadar,2100,32900,2800000,,500,ग्रामीण,अमसिन
समाहा खुर्द,Sadar,2300,35500,3000000,,501,अधिसूचित,हवेली अवध
समाहाकला,Sadar,2600,35500,3100000,,502,अधिसूचित,हवेली अवध
समैसा,Sadar,2100,32900,2800000,,503,ग्रामीण,अमसिन
सरयू बिहार आ0योजना(वि0प्रा0),Sadar,11600,50700,,,504,नगरीय,देवकाली
सरस्वतीपुरम कालोनी,Sadar,9700,51500,,,505,नगरीय,जनौरा
सराय चैमल,Sadar,2300,35500,3000000,,506,अधिसूचित,हवेली अवध
सराय बैरीसाल,Sadar,2400,32900,2900000,,507,ग्रामीण,अमसिन
सराय यूनुस,Sadar,11400,54300,,,508,नगरीय,कन्धारी बाजार
सराय सागर,Sadar,2800,33600,3400000,,509,ग्रामीण,अमसिन
सरायरासी उपरहार,Sadar,4000,36300,3600000,,510,अधिसूचित,हवेली अवध
सरायरासी मांझा,Sadar,3800,33000,3000000,,511,अधिसूचित,हवेली अवध
सरेठी,Sadar,4300,36000,4000000,,512,अर्द्धनगरीय,हवेली अवध
सरैया,Sadar,2400,32900,2900000,,513,ग्रामीण,अमसिन
सरैया रेवरी,Sadar,2100,32900,2400000,,514,ग्रामीण,अमसिन
सलारपुर,Sadar,9100,46700,11900000,,515,नगरीय,सहादतगंज
सहनवां,Sadar,4800,41900,11800000,,516,अर्द्धनगरीय,हवेली अवध
सहादतगंज,Sadar,10500,49200,,,517,नगरीय,सहादतगंज
साकेतपुरी व्यावसायिक योजना वि0प्रा0,Sadar,23400,68000,,,518,नगरीय,देवकाली
साकेतपुरी आवासीय योजना वि0प्रा0,Sadar,11300,46000,,,519,नगरीय,देवकाली
सारंगपुर,Sadar,2100,32900,2800000,,520,ग्रामीण,अमसिन
साहबगंज,Sadar,11200,52600,,,521,नगरीय,साहबगंज
सिरसिण्डा,Sadar,2300,35500,3000000,,522,अधिसूचित,हवेली अवध
सिलौनी,Sadar,2100,32900,2800000,,523,ग्रामीण,अमसिन
सिविल लाइन्स,Sadar,20200,75700,,,524,नगरीय,सिविल लाइन
सीता कुण्ड,Sadar,8300,42900,,,525,नगरीय,वासूपुर सिरसा उर्फ जयसिंहपुर
सुक्खापुर इटौरा,Sadar,4200,36800,3100000,,526,अर्द्धनगरीय,हवेली अवध
सुतहटी,Sadar,8700,43300,,,527,नगरीय,अवध खास
सुबटहा,Sadar,2100,32900,2800000,,528,ग्रामीण,अमसिन
सुबहटी,Sadar,8300,43300,,,529,नगरीय,कोट राम चन्दर
सुभाष नगर,Sadar,17800,83700,,,530,नगरीय,मोती बाग
सुरसरि कालोनी,Sadar,14000,58900,,,531,नगरीय,पुलिस लाइन
सुल्तानपुरबछड़ा ANP,Sadar,12200,50700,20800000,,532,नगरीय,हवेली अवध
सुल्तानपुरबछड़ा BNP.,Sadar,8200,47800,14600000,,533,अर्द्धनगरीय,हवेली अवध
सैयदबाडा,Sadar,8500,43300,,,534,नगरीय,कोट राम चन्दर
सोनखरकुण्ड,Sadar,8800,44800,,,535,नगरीय,बरहटा उपरहार
सोनौरा,Sadar,2100,32900,2800000,,536,ग्रामीण,अमसिन
स्टेट बैंक कालोनी,Sadar,11400,50700,,,537,नगरीय,देवकाली
स्फटिक शिला,Sadar,8600,44000,,,538,नगरीय,मीरापुर द्वाबा मांझा
स्वर्ग द्वार,Sadar,8600,43300,,,539,नगरीय,अवध खास
हनुमान कुण्ड,Sadar,8800,44800,,,540,नगरीय,बरहटा उपरहार
हनुमानगढी,Sadar,8700,43300,,,541,नगरीय,अवध खास
हमदानी कोठी,Sadar,11400,50900,,,542,नगरीय,साहबगंज
हरदी,Sadar,2100,32900,2800000,,543,ग्रामीण,अमसिन
हरद्वारी बाजार,Sadar,8800,44800,,,544,नगरीय,बरहटा उपरहार
हसनू कटरा,Sadar,11500,53600,,,545,नगरीय,रेतिया
हाता खुशरू बेग,Sadar,8900,47800,,,546,नगरीय,लालबाग
हाता बसंतअली,Sadar,11400,52200,,,547,नगरीय,झारखण्डी
हांसापुर,Sadar,6300,42500,11800000,,548,अर्द्धनगरीय,हवेली अवध
हैदरगंज,Sadar,8900,46700,,,549,नगरीय,हैदरगंज
हैदरपुर,Sadar,2100,32900,2800000,,550,ग्रामीण,अमसिन
हैबतपुर,Sadar,5600,41000,9400000,,551,अर्द्धनगरीय,हवेली अवध
हैंसा,Sadar,3000,36300,3600000,,552,अधिसूचित,अमसिन
हौसिला नगर कालोनी,Sadar,12900,52200,,,553,नगरीय,सिविल लाइन
ज्ञानापुर,Sadar,2800,33600,3400000,,554,ग्रामीण,अमसिन
अबनपुर सरोहा,Sohawal,6000,37800,4700000,1001,1,ग्रामीण,
अरथर,Sohawal,5500,35000,4000000,1002,2,ग्रामीण,
अगेथुवा,Sohawal,3500,29000,3700000,1003,3,ग्रामीण,
अरूवांवा,Sohawal,7900,38000,5300000,1004,4,अर्द्धनगरीय,
अमौना,Sohawal,6100,37600,5000000,1005,5,अर्द्धनगरीय,
अन्तपुर,Sohawal,5700,33000,2900000,1006,6,अर्द्धनगरीय,
इब्राहिमपुर दिवली उपरहर,Sohawal,5000,35000,4700000,1007,7,अर्द्धनगरीय,
इब्राहिमपुर दिवली मांझा,Sohawal,1500,28000,1200000,1008,8,अर्द्धनगरीय,
इस्माइन नगर सिहोरा उपरहर,Sohawal,3400,31000,2700000,1009,9,ग्रामीण,
इस्माइन नगर सिहोरा मांझा,Sohawal,1500,28000,1200000,1010,10,ग्रामीण,
इब्राहिमपुर कन्दई,Sohawal,3100,30000,2600000,1011,11,ग्रामीण,
उसरू अमौना,Sohawal,5900,37000,4700000,1012,12,अर्द्धनगरीय,
उचित पुर,Sohawal,3900,30000,3100000,1013,13,ग्रामीण,
कन्दैला,Sohawal,4400,33000,3600000,1014,14,अर्द्धनगरीय,
कुरांवा,Sohawal,5500,33000,4000000,1015,15,अर्द्धनगरीय,
कादीपुर,Sohawal,4800,33000,3600000,1016,16,अर्द्धनगरीय,
कोटसराय,Sohawal,8100,46000,5400000,1017,17,अर्द्धनगरीय,
कोटडीह सरैया,Sohawal,3200,30000,2600000,1018,18,ग्रामीण,
कपासी,Sohawal,3100,30000,2700000,1019,19,ग्रामीण,
कलाफरपुर उपरहर,Sohawal,3200,30000,2600000,1020,20,ग्रामीण,
कलाफरपुर माझा,Sohawal,1400,27000,1200000,1021,21,ग्रामीण,
कटरौली,Sohawal,6900,40000,4800000,1022,22,ग्रामीण,
कैल,Sohawal,4200,31000,3800000,1023,23,ग्रामीण,
कोला,Sohawal,5000,31000,4500000,1024,24,ग्रामीण,
कल्याण भदरसा,Sohawal,7800,37000,4900000,1025,25,ग्रामीण,
करेरू,Sohawal,4000,30000,2600000,1026,26,ग्रामीण,
कुन्दुर्खाखुर्द,Sohawal,7200,38000,4500000,1027,27,ग्रामीण,
खिरौनी,Sohawal,8500,46000,5200000,1028,28,ग्रामीण,
खानपुर मसौधा,Sohawal,9500,50000,6600000,1029,29,अर्द्धनगरीय,
खरगपुर,Sohawal,3800,31000,2500000,1030,30,अर्द्धनगरीय,
गौहनियां सलोनी,Sohawal,5000,33000,4700000,1031,31,अर्द्धनगरीय,
गोपालपुर,Sohawal,4800,33000,3600000,1032,32,अर्द्धनगरीय,
गौरा ब्रहमनान,Sohawal,3300,30000,2700000,1033,33,ग्रामीण,
गौरा कुर्मियान,Sohawal,3300,30000,2700000,1034,34,ग्रामीण,
गोपीनाथपुर,Sohawal,3500,30000,2900000,1035,35,ग्रामीण,
गोडवा,Sohawal,5100,37000,4500000,1036,36,ग्रामीण,
घाटमपुर,Sohawal,9200,46000,7400000,1037,37,अर्द्धनगरीय,
चांदपुर कैल,Sohawal,4500,32000,3400000,1038,38,अर्द्धनगरीय,
चिर्रा मोहम्मद पुर,Sohawal,7000,47000,5000000,1039,39,अर्द्धनगरीय,
छतिरवा,Sohawal,5500,37000,4500000,1040,40,अर्द्धनगरीय,
जगदीश पुर,Sohawal,4500,34000,3400000,1041,41,अर्द्धनगरीय,
जगनपुर,Sohawal,7500,45000,5200000,1042,42,अर्द्धनगरीय,
टण्डवा,Sohawal,3100,30000,2700000,1043,43,ग्रामीण,
ठेवंगा,Sohawal,3100,29000,2700000,1044,44,ग्रामीण,
डेरामूसी,Sohawal,2900,30000,2600000,1045,45,ग्रामीण,
तहसीनपुर,Sohawal,6400,36000,4500000,1046,46,ग्रामीण,
ताजपुर कोडरा,Sohawal,4300,33000,3400000,1047,47,अर्द्धनगरीय,
थरेरू उपरहर,Sohawal,2900,30000,2600000,1048,48,ग्रामीण,
थरेरू मांझा,Sohawal,1400,28000,1200000,1049,49,ग्रामीण,
दक्षिण पारा,Sohawal,2800,30000,2700000,1050,50,ग्रामीण,
देवई,Sohawal,5100,35000,3800000,1051,51,ग्रामीण,
दिनकरपुर,Sohawal,4000,35000,2800000,1052,52,ग्रामीण,
दोस्तपुर रग्घू उपरहर,Sohawal,2700,30000,2400000,1053,53,ग्रामीण,
दोस्तपुर रग्घू मांझा,Sohawal,1400,28000,1200000,1054,54,ग्रामीण,
देवराकोट,Sohawal,7000,39000,4200000,1055,55,ग्रामीण,
दोस्तपुर,Sohawal,3000,32000,2400000,1056,56,ग्रामीण,
दसौली,Sohawal,4100,33000,3300000,1057,57,अर्द्धनगरीय,
दौलतपुर,Sohawal,7200,40000,5000000,1058,58,अर्द्धनगरीय,
धर्मदासपुर,Sohawal,4500,32000,3300000,1059,59,अर्द्धनगरीय,
धन्नीपुर,Sohawal,4200,32000,3400000,1060,60,ग्रामीण,
धारमलपुर,Sohawal,2900,32000,2400000,1061,61,ग्रामीण,
नजीबपुर,Sohawal,5600,36000,3700000,1062,62,अर्द्धनगरीय,
नैपुरा,Sohawal,5600,40000,4900000,1063,63,अर्द्धनगरीय,
नन्दीग्राम,Sohawal,6300,40000,5000000,1064,64,ग्रामीण,
निन्दूरा माझा,Sohawal,1400,28000,1200000,1065,65,ग्रामीण,
पिरखौली,Sohawal,3600,31000,4000000,1066,66,ग्रामीण,
परानापुर,Sohawal,3300,30000,2600000,1067,67,ग्रामीण,
पिलखावां,Sohawal,7900,40000,4700000,1068,68,ग्रामीण,
पलिया रिसाली,Sohawal,6100,35000,5000000,1069,69,ग्रामीण,
पिपरी,Sohawal,6000,38000,4900000,1070,70,ग्रामीण,
पारा कैल,Sohawal,3600,31000,2700000,1071,71,ग्रामीण,
पण्डित पुर,Sohawal,3200,31000,2500000,1072,72,ग्रामीण,
पिण्डावा,Sohawal,3200,31000,2500000,1073,73,ग्रामीण,
पोरा,Sohawal,4300,31000,3300000,1074,74,अर्द्धनगरीय,
पलिया गोवा,Sohawal,6300,40000,4000000,1075,75,अर्द्धनगरीय,
फतेहपुर सरैया उपरहर,Sohawal,5500,35000,4000000,1076,76,अर्द्धनगरीय,
फतेहपुर सरैया माझा,Sohawal,1500,29000,1300000,1077,77,अर्द्धनगरीय,
फिरोज पुर उपरहर,Sohawal,5100,31000,4500000,1078,78,अर्द्धनगरीय,
फिरोज पुर माझा,Sohawal,1600,28000,1300000,1079,79,अर्द्धनगरीय,
बरवा,Sohawal,7500,38000,4800000,1080,80,अर्द्धनगरीय,
बभनगवा,Sohawal,4000,31000,3100000,1081,81,अर्द्धनगरीय,
विछिया,Sohawal,5400,32000,5200000,1082,82,अर्द्धनगरीय,
बनबीरपुर,Sohawal,9000,52000,7100000,1083,83,अर्द्धनगरीय,
बन्दीदासपुर,Sohawal,3900,30000,3100000,1084,84,अर्द्धनगरीय,
बल्लीपुर,Sohawal,3900,30000,3100000,1085,85,अर्द्धनगरीय,
बरई कला,Sohawal,4800,37000,3600000,1086,86,ग्रामीण,
बैदरापुर,Sohawal,2800,31000,2400000,1087,87,ग्रामीण,
बीबीपुर,Sohawal,3300,32000,2500000,1088,88,ग्रामीण,
विनायकपुर,Sohawal,3000,31000,2400000,1089,89,ग्रामीण,
बभनियावां,Sohawal,5100,34000,3800000,1090,90,ग्रामीण,
विशुनपुर सारा,Sohawal,3400,32000,2600000,1091,91,ग्रामीण,
बुधौली,Sohawal,3900,32000,2800000,1092,92,ग्रामीण,
भदरसा टाउन अन्दर व समस्त मोहल्ले,Sohawal,10600,40000,7500000,1093,93,ग्रामीण,
भदरसा टाउन बाहर,Sohawal,8850,39000,6600000,1094,94,ग्रामीण,
भवनियापुर,Sohawal,2800,32000,2400000,1095,95,ग्रामीण,
भिटौरा,Sohawal,3300,30000,2500000,1096,96,ग्रामीण,
भिखारीपुर,Sohawal,3100,30000,2400000,1097,97,ग्रामीण,
भाईपुर,Sohawal,4900,33000,5000000,1098,98,अर्द्धनगरीय,
भीखनपुर,Sohawal,4900,33000,3700000,1099,99,अर्द्धनगरीय,
मउयदुवंशपुर,Sohawal,9500,46000,7300000,1100,100,अर्द्धनगरीय,
मैनुददीनपुर,Sohawal,8800,46000,5600000,1101,101,अर्द्धनगरीय,
माधवपुर,Sohawal,8100,45000,5100000,1102,102,अर्द्धनगरीय,
महावा,Sohawal,7400,38000,5100000,1103,103,अर्द्धनगरीय,
मिर्जापुर निमौली,Sohawal,4900,33000,3700000,1104,104,अर्द्धनगरीय,
मोहीउददीनपुर,Sohawal,5300,37000,3400000,1105,105,अर्द्धनगरीय,
मोकलपुर,Sohawal,4500,31000,4200000,1106,106,अर्द्धनगरीय,
मानापुर,Sohawal,4200,30600,3300000,1107,107,अर्द्धनगरीय,
माझाकला,Sohawal,5800,35000,1800000,1108,108,अर्द्धनगरीय,
मुमताजनगर,Sohawal,10500,45000,7300000,1109,109,अर्द्धनगरीय,
मुस्ताफाबाद,Sohawal,7400,37000,4900000,1110,110,ग्रामीण,
महोली उपरहर,Sohawal,3200,32000,2700000,1111,111,ग्रामीण,
महोली माझा,Sohawal,1500,27500,1300000,1112,112,ग्रामीण,
मिश्रौली,Sohawal,3000,29800,2700000,1113,113,ग्रामीण,
मधुपुर,Sohawal,3600,31000,2900000,1114,114,ग्रामीण,
मीरपुर काटा,Sohawal,5300,31500,4500000,1115,115,ग्रामीण,
मोईयाकपूरपुर,Sohawal,5700,37000,4500000,1116,116,ग्रामीण,
मगलसी उपरहर,Sohawal,6100,40000,4500000,1117,117,ग्रामीण,
मगलसी माझा,Sohawal,1500,28000,1300000,1118,118,ग्रामीण,
मजनावा,Sohawal,4200,30000,3800000,1119,119,ग्रामीण,
रग्घुपुर,Sohawal,4200,33000,3300000,1120,120,अर्द्धनगरीय,
रायपुर,Sohawal,5200,34000,5100000,1121,121,अर्द्धनगरीय,
रामपुर कछार,Sohawal,2800,30000,2300000,1122,122,ग्रामीण,
रहीमपुर बैदौली,Sohawal,3600,30000,2700000,1123,123,ग्रामीण,
रामनगर धौरहरा,Sohawal,5700,36000,4200000,1124,124,ग्रामीण,
रामपुर ग्रन्ट,Sohawal,3100,30000,2400000,1125,125,ग्रामीण,
रैथुवा,Sohawal,3600,32000,2800000,1126,126,ग्रामीण,
राजापुर माफी,Sohawal,3200,32000,2500000,1127,127,ग्रामीण,
रसूलपुर सकरावल,Sohawal,3100,30000,2400000,1128,128,ग्रामीण,
रौनाही उपरहर,Sohawal,9400,43000,5400000,1129,129,ग्रामीण,
रौनाही माझा,Sohawal,1500,28000,1200000,1130,130,ग्रामीण,
लहरापुर,Sohawal,4400,32000,2500000,1131,131,ग्रामीण,
लखौरी,Sohawal,6400,40000,4700000,1132,132,ग्रामीण,
सोफियापारा,Sohawal,4100,33000,3100000,1133,133,अर्द्धनगरीय,
सरैया,Sohawal,4500,33000,3400000,1134,134,अर्द्धनगरीय,
सथरी,Sohawal,7400,40000,4700000,1135,135,अर्द्धनगरीय,
साखूपारा,Sohawal,8200,40000,4900000,1136,136,अर्द्धनगरीय,
सिडहिर नरसिंहपुर,Sohawal,5800,35000,4900000,1137,137,अर्द्धनगरीय,
सरियावा,Sohawal,8700,42000,5200000,1138,138,अर्द्धनगरीय,
सलारपुर,Sohawal,8700,42000,5500000,1139,139,अर्द्धनगरीय,
सरायनामू,Sohawal,3000,30000,2600000,1140,140,ग्रामीण,
सनाहा उपरहर,Sohawal,3000,30000,2600000,1141,141,ग्रामीण,
सनाहा मांझा,Sohawal,1500,28000,1200000,1142,142,ग्रामीण,
सीबार,Sohawal,3000,31000,2400000,1143,143,ग्रामीण,
सरजूपुर उपरहर,Sohawal,2700,30000,2300000,1144,144,ग्रामीण,
सरजूपुर मांझा,Sohawal,1400,28000,1200000,1145,145,ग्रामीण,
सिहैता लोहानी,Sohawal,2800,30000,2400000,1146,146,ग्रामीण,
सांरगापुर,Sohawal,3300,30000,2600000,1147,147,ग्रामीण,
साल्हेपुर निमैचा,Sohawal,8400,44000,5400000,1148,148,ग्रामीण,
सफीपुर माझा,Sohawal,1500,28000,1200000,1149,149,ग्रामीण,
सोहावल,Sohawal,9200,44000,5400000,1150,150,ग्रामीण,
शेखपुर जाफर,Sohawal,8300,44000,5300000,1151,151,ग्रामीण,
सुरवारी,Sohawal,2800,30000,2400000,1152,152,ग्रामीण,
सोखावां,Sohawal,3300,30000,2700000,1153,153,ग्रामीण,
हाजीपर सिंहपुर,Sohawal,9500,45000,7400000,1154,154,अर्द्धनगरीय,
हरीपुर जलालाबाद,Sohawal,8400,43000,5700000,1155,155,अर्द्धनगरीय,
हुसेपुर,Sohawal,4400,34000,2600000,1156,156,अर्द्धनगरीय,
हाजीपुर बरसेण्डी उपरहरर,Sohawal,6100,38000,4500000,1157,157,ग्रामीण,
हाजीपुर बरसेण्डी माझा,Sohawal,1500,28000,1200000,1158,158,ग्रामीण,
हरबन्धनपुर,Sohawal,2300,30000,2300000,1159,159,ग्रामीण,
