sro,page,serial,vcode,village_hi,ward_hi,category,nonagri_lt9m,nonagri_9to18m,nonagri_ge18m,shop,office,godown,agri_nh,agri_state,agri_link,agri_chakmarg,agri_abadi,agri_general,flag
sadar,083,1,,अकब बजाजा,चौक,नगरीय,27900,31400,37100,83700,79700,75600,,,,,,,
sadar,083,2,,अकब रिकाबगंज,रिकाबगंज,नगरीय,17400,25000,27000,83700,79700,75600,,,,,,,
sadar,083,3,,अंकवारा,हवेली अवध,अधिसूचित,3300,3500,4100,36300,32600,28500,84,70,65,62,84,39,
sadar,083,4,,अंकारीपुरटा.ए.अन्दर,अमसिन,अर्द्धनगरीय,7700,8500,9300,48200,44200,40100,235,194,172,169,235,107,
sadar,083,5,,अंकारीपुरटा.ए.बाहर,अमसिन,ग्रामीण,3800,4400,4700,35700,32200,28700,101,84,78,75,101,46,
sadar,083,6,,अंगूरीबाग,अंगूरीबाग,नगरीय,12900,15100,16300,54300,50300,46200,,,,,,,
sadar,083,7,,अचलपुर,अमसिन,ग्रामीण,1900,2100,2600,32900,29400,25900,53,43,38,36,53,24,
sadar,083,8,,अंजना,हवेली अवध,अधिसूचित,2300,2600,3300,35500,31800,27700,65,53,45,43,65,30,
sadar,083,9,,अंजनी पुरम आ0योजना(वि0प्रा0),देवकाली,नगरीय,26200,31400,34700,80500,76500,72400,,,,,,,
sadar,083,10,,अडगडा,अवध खास,नगरीय,8700,9600,10500,43300,39300,35200,,,,,,,
sadar,083,11,,अड़गड़ा,पुलिस लाइन,नगरीय,14900,17400,19200,58900,54900,50800,,,,,,,
sadar,083,12,,अब्बूसराय ANP,हवेली अवध,नगरीय,10800,11900,12300,48200,44200,40100,377,314,279,272,377,169,
sadar,083,13,,अब्बूसराय BNP,मगलसी,अर्द्धनगरीय,8100,8900,9800,45700,41700,37600,328,268,243,238,328,149,
sadar,083,14,,अमसिन,अमसिन,ग्रामीण,3400,3800,4500,35300,31800,28300,95,79,71,70,95,44,
sadar,083,15,,अमानीगंज,अमानीगंज,नगरीय,9000,11000,12000,51500,47500,43400,,,,,,,
sadar,083,16,,अमारी,अमसिन,ग्रामीण,2100,2400,3000,32900,29400,25900,60,49,41,40,60,28,
sadar,083,17,,अमौनी,अमसिन,ग्रामीण,2100,2400,3000,32900,29400,25900,60,49,41,40,60,28,
sadar,083,18,,अरवत,अमसिन,ग्रामीण,2100,2400,3000,32900,29400,25900,60,49,41,40,60,28,
sadar,083,19,,अलनाभारी,अमसिन,ग्रामीण,2100,2400,3000,32900,29400,25900,60,49,41,40,60,28,
sadar,083,20,,अलावलपुर,हवेली अवध,अधिसूचित,2600,2800,3400,35500,31800,27700,69,55,49,47,69,31,
sadar,083,21,,अलीगढ़,राठ हवेली,नगरीय,9000,10400,11200,47500,43500,39400,,,,,,,
sadar,083,22,,अवधखास,हवेली अवध,नगरीय,8600,9500,10500,43100,39100,35000,248,205,184,181,248,112,
sadar,083,23,,अवधपुरी कालोनी,अमानीगंज,नगरीय,14000,14900,15700,52600,48600,44500,,,,,,,
sadar,083,24,,अवधविहार आ0योजना(वि0प्रा0),सिविल लाइन,नगरीय,26600,28300,31900,75700,71700,67600,,,,,,,
sadar,083,25,,अशफाक उल्लाह कालोनी,फतेहगंज,नगरीय,15800,16700,17400,56400,52400,48300,,,,,,,
sadar,083,26,,अश्वनी पुरम आ0योजना(वि0प्रा0),जनौरा,नगरीय,11600,14200,15100,52800,48800,44700,,,,,,,
sadar,083,27,,आनापुर सरैया,अमसिन,ग्रामीण,2100,2400,3000,32900,29400,25900,60,49,41,40,60,28,
sadar,083,28,,आलमगंज,कोट राम चन्दर,नगरीय,8500,9400,10500,43300,39300,35200,,,,,,,
sadar,083,29,,आलमगंज कटरा,अवध खास,नगरीय,8700,9600,10500,43300,39300,35200,,,,,,,
sadar,084,30,,आलापुर उपरहार,अमसिन,ग्रामीण,2100,2400,3000,32900,29400,25900,60,49,41,40,60,28,
sadar,084,31,,आवास विकास कालोनी,अंगूरीबाग,नगरीय,12600,15400,16400,54900,50900,46800,,,,,,,
sadar,084,32,,आशापुर,हवेली अवध,अर्द्धनगरीय,5900,6500,7600,42500,38500,34400,262,212,191,188,262,118,
sadar,084,33,,आशापुर चन्दई,अमसिन,ग्रामीण,2100,2400,3000,32900,29400,25900,60,49,41,40,60,28,
sadar,084,34,,आसिफबाग उप.,हवेली अवध,अर्द्धनगरीय,5800,6000,6400,41000,37000,32900,200,163,146,142,200,88,
sadar,084,35,,आसिफबाग मांझा,हवेली अवध,अर्द्धनगरीय,5800,6000,6400,41000,37000,32900,200,164,146,142,200,88,
sadar,084,36,,इमली कतार,पुलिस लाइन,नगरीय,14900,16800,19200,58900,54900,50800,,,,,,,
sadar,084,37,,इस्माइलगंज,अमानीगंज,नगरीय,12300,13500,14400,52200,48200,44100,,,,,,,
sadar,084,38,,ईशापुर,अमसिन,ग्रामीण,2100,2400,3000,32900,29400,25900,60,49,41,40,60,28,
sadar,084,39,,ईशासराय उपरहार,अमसिन,ग्रामीण,2100,2400,3000,32900,29400,25900,60,49,41,40,60,28,
sadar,084,40,,ईसासराय मांझा,अमसिन,ग्रामीण,2000,2200,2600,32300,28800,25300,29,23,21,20,29,14,
sadar,084,41,,उघरपुर,हवेली अवध,अर्द्धनगरीय,4300,4600,4900,37700,33700,29600,75,64,57,56,75,35,
sadar,084,42,,उनियार उपरहार,अमसिन,ग्रामीण,2100,2400,3000,32900,29400,25900,60,49,41,40,60,28,
sadar,084,43,,उनियार मांझा,अमसिन,ग्रामीण,1800,2000,2300,32300,28800,25300,25,20,19,18,25,13,
sadar,084,44,,उर्दू बाजार,अवध खास,नगरीय,8600,9500,10500,43300,39300,35200,,,,,,,
sadar,084,45,,उर्मिला नगर आ0योजना(वि0प्रा0),अवध खास,नगरीय,8700,9600,10500,43100,39100,35000,,,,,,,
sadar,084,46,,उसरू,हवेली अवध,अर्द्धनगरीय,8100,9000,9900,44800,40800,36700,339,277,253,246,339,154,
sadar,084,47,,ऋणमोचनघाट,अवध खास,नगरीय,8700,9600,10500,43300,39300,35200,,,,,,,
sadar,084,48,,ऋषि टोला,दालमण्डी,नगरीय,11400,12600,14400,52200,48200,44100,,,,,,,
sadar,084,49,,एल0डी0जी0 आ0योजना(वि0प्रा0),चौक,नगरीय,28300,31900,35400,80500,76500,72400,,,,,,,
sadar,084,50,,एल0डी0जी0 व्या0योजना(वि0प्रा0),चौक,नगरीय,53900,55600,62000,118300,114300,110200,,,,,,,
sadar,084,51,,ऐमी आलापुर,अमसिन,ग्रामीण,2400,2600,3100,32900,29400,25900,64,51,45,44,64,29,
sadar,084,52,,ककरही बाजार,दिल्ली दरवाजा,नगरीय,8800,9700,10800,46300,42300,38200,,,,,,,
sadar,084,53,,कंघी गली (टेढी गली),चौक,नगरीय,28400,31900,37800,83700,79700,75600,,,,,,,
sadar,084,54,,कच्चाघाट नयाघाट(वि0प्रा0),मीरापुर द्वाबा मांझा,नगरीय,8600,9500,10500,41900,37900,33800,,,,,,,
sadar,084,55,,कछौली,हवेली अवध,अधिसूचित,2300,2600,3300,35500,31800,27700,65,53,45,43,65,30,
sadar,084,56,,कजियाना,अवध खास,नगरीय,8700,9600,10500,43300,39300,35200,253,209,187,184,253,114,
sadar,084,57,,कटरा,अवध खास,नगरीय,8600,9500,10500,43300,39300,35200,,,,,,,
sadar,084,58,,कटरा उत्तरी,टाउन एरिया गोशाईगंज,अर्द्धनगरीय,7700,8500,9300,48200,44200,40100,235,194,172,169,235,107,
sadar,085,59,,कटरा गोशाईगंज,टाउन एरिया गोशाईगंज,अर्द्धनगरीय,7700,8500,9300,48200,44200,40100,235,194,172,169,235,107,
sadar,085,60,,कटरा दक्षिणी,टाउन एरिया गोशाईगंज,अर्द्धनगरीय,7700,8500,9300,48200,44200,40100,235,194,172,169,235,107,
sadar,085,61,,कटरा पश्चिमी,टाउन एरिया गोशाईगंज,अर्द्धनगरीय,7700,8500,9300,48200,44200,40100,235,194,172,169,235,107,
sadar,085,62,,कटरा पूर्वी दक्षिणी,टाउन एरिया गोशाईगंज,अर्द्धनगरीय,7700,8500,9300,48200,44200,40100,235,194,172,169,235,107,
sadar,085,63,,कटरा मध्य,टाउन एरिया गोशाईगंज,अर्द्धनगरीय,7700,8500,9300,48200,44200,40100,235,194,172,169,235,107,
sadar,085,64,,कनकपुर,अमसिन,ग्रामीण,3800,4400,4700,36100,32600,29100,103,85,76,74,103,48,
sadar,085,65,,कनीगंज,वासूपुर सिरसा उर्फ जयसिंहपुर,नगरीय,8600,9500,10500,43300,39300,35200,,,,,,,
sadar,085,66,,कन्धरपुर गौड़ियाना,अवध खास,नगरीय,8600,9500,10500,43300,39300,35200,,,,,,,
sadar,085,67,,कन्धारी बाजार मोहल्ला,कन्धारी बाजार,नगरीय,11400,14700,15800,54300,50300,46200,,,,,,,
sadar,085,68,,करम अली का पुरवा,सिविल लाइन,नगरीय,8900,9800,10800,48200,44200,40100,,,,,,,
sadar,085,69,,करमा कोड़री,हवेली अवध,अधिसूचित,2300,2600,3300,35500,31800,27700,65,53,45,43,65,30,
sadar,085,70,,करौंदी,अमसिन,ग्रामीण,1900,2100,2600,32900,29400,25900,53,43,38,36,53,24,
sadar,085,71,,कल्यानपुर बरौली,अमसिन,ग्रामीण,1900,2100,2600,32900,29400,25900,53,43,38,36,53,24,
sadar,085,72,,कश्मीरी मोहल्ला,साहबगंज,नगरीय,10200,11200,11600,48400,44400,40300,,,,,,,
sadar,085,73,,कसाब बाड़ा,दालमण्डी,नगरीय,14000,17400,19200,58900,54900,50800,,,,,,,
sadar,085,74,,कस्तूरीपुर,हवेली अवध,अधिसूचित,3000,3300,3800,36300,32600,28500,78,66,59,58,78,36,
sadar,085,75,,कस्बा,अमसिन,ग्रामीण,3400,3800,4500,35300,31800,28300,95,79,71,70,95,44,
sadar,085,76,,काजीपुर गाडर,अमसिन,ग्रामीण,3400,3800,4500,35300,31800,28300,95,79,71,70,95,44,
sadar,085,77,,काजीपुर चितावां (मणि पर्वत ),हवेली अवध,नगरीय,8400,9200,10000,42500,38500,34400,246,203,181,177,246,112,
sadar,085,78,,काजीपुर जमीं मलिकपुर,हवेली अवध,अर्द्धनगरीय,4400,4600,5000,39100,35100,31000,72,57,52,51,72,31,
sadar,085,79,,काजीपुर विसवां मांझा,अमसिन,ग्रामीण,2000,2200,2600,32300,28800,25300,29,23,21,20,29,14,
sadar,085,80,,काजीपुरविसवां उपरहार,अमसिन,ग्रामीण,2100,2400,3000,32900,29400,25900,60,49,41,40,60,28,
sadar,085,81,,कादीपुर,अमसिन,ग्रामीण,2100,2400,3000,32900,29400,25900,60,49,41,40,60,28,
sadar,085,82,,कांदीपुर,हवेली अवध,अधिसूचित,2300,2600,3300,35500,31800,27700,65,53,45,43,65,30,
sadar,085,83,,कार सेवक पुरम्,बरहटा मांझा,नगरीय,8600,9500,10500,43300,39300,35200,,,,,,,
sadar,085,84,,किशुनदास पुर,हवेली अवध,अधिसूचित,2400,2900,3400,35700,32000,27900,65,53,45,43,65,30,
sadar,085,85,,कुंजकुटीर,पुलिस लाइन,नगरीय,14900,17400,19200,58900,54900,50800,,,,,,,
sadar,085,86,,कुंजमुराई टोला,साहबगंज,नगरीय,12600,14400,15400,53600,49600,45500,,,,,,,
sadar,085,87,,कुढ़ा केशवपुर मांझा,हवेली अवध,अर्द्धनगरीय,4200,4500,4800,36800,32800,28700,55,44,39,38,55,25,
sadar,086,88,,कुढ़ाकेशवपुर उपर.,हवेली अवध,अर्द्धनगरीय,7000,7700,8500,43800,39800,35700,161,128,118,115,161,72,
sadar,086,89,,कुतुबपुर,हवेली अवध,अधिसूचित,2300,2600,3300,35500,31800,27700,65,53,45,43,65,30,
sadar,086,90,,कुम्हार टोला (लाल बाग),लालबाग,नगरीय,9100,10400,11100,47500,43500,39400,,,,,,,
sadar,086,91,,कुम्हार टोला (सहादतगंज),सहादतगंज,नगरीय,8900,9800,10800,48200,44200,40100,,,,,,,
sadar,086,92,,कुम्हिया,अमसिन,ग्रामीण,2400,2600,3100,32900,29400,25900,64,51,45,44,64,29,
sadar,086,93,,कुर्मीटोला,रेतिया,नगरीय,11400,12600,13300,50700,46700,42600,,,,,,,
sadar,086,94,,कुशमाहा,हवेली अवध,अर्द्धनगरीय,4900,5600,6200,40800,36800,32700,91,73,65,63,91,41,
sadar,086,95,,केवटहिया,वजीरगंज,नगरीय,10500,11400,12300,49200,45200,41100,,,,,,,
sadar,086,96,,केवटहिया आ0योजना(वि0प्रा0),वजीरगंज,नगरीय,11400,12300,13200,50500,46500,42400,,,,,,,
sadar,086,97,,केशवपुर,अमसिन,ग्रामीण,2100,2400,3000,32900,29400,25900,60,49,41,40,60,28,
sadar,086,98,,कैथाना,अवध खास,नगरीय,8600,9500,10500,43300,39300,35200,,,,,,,
sadar,086,99,,कोट रामचन्दर,हवेली अवध,नगरीय,8400,9200,10000,43300,39300,35200,,,,,,,
sadar,086,100,,कोटिया,जलवानपुर,नगरीय,8300,9100,10000,43300,39300,35200,,,,,,,
sadar,086,101,,कोठा पार्चा (मोतीबाग),मोती बाग,नगरीय,27900,31400,37100,83700,79700,75600,,,,,,,
sadar,086,102,,कोठापार्चा (चौक),चौक,नगरीय,27900,31400,37100,83700,79700,75600,,,,,,,
sadar,086,103,,कोठीघाट,कोट राम चन्दर,नगरीय,8500,9400,10500,43300,39300,35200,,,,,,,
sadar,086,104,,कोरखाना BNP,हवेली अवध,अर्द्धनगरीय,7700,8500,9300,44800,40800,36700,328,268,243,238,328,149,
sadar,086,105,,कोरखाना अं.न.पा.,हवेली अवध,नगरीय,9000,9900,11700,48200,44200,40100,360,300,266,260,360,162,
sadar,086,106,,कोरी टोला (सहादतगंज),सहादतगंज,नगरीय,10200,11200,11800,48600,44600,40500,,,,,,,
sadar,086,107,,कोरीटोला (जनौरा),जनौरा,नगरीय,10800,11600,12100,48000,44000,39900,,,,,,,
sadar,086,108,,कौड़िल्ला,अमसिन,ग्रामीण,2100,2400,3000,32900,29400,25900,60,49,41,40,60,28,
sadar,086,109,,कौशलपुरी कालोनी आ0योजना (वि0प्रा0),सिविल लाइन,नगरीय,11300,12400,13400,47000,43500,40000,,,,,,,
sadar,086,110,,कौशलेश कुन्ज(वि0प्रा0),जलवानपुर,नगरीय,8800,9700,10800,44000,40000,35900,,,,,,,
sadar,086,111,,कौशिल्या घाट,अवध खास,नगरीय,8600,9500,10500,43300,39300,35200,,,,,,,
sadar,086,112,,क्षीरसागर,अवध खास,नगरीय,8700,9600,10500,43300,39300,35200,,,,,,,
sadar,086,113,,खजुरावर,अमसिन,ग्रामीण,1900,2100,2600,32900,29400,25900,53,43,38,36,53,24,
sadar,086,114,,खानपुर,अमसिन,ग्रामीण,2800,3000,3500,33600,30100,26600,73,61,55,54,73,34,
sadar,086,115,,खिड़की अली बेग,पुलिस लाइन,नगरीय,14900,17400,19200,58900,54900,50800,,,,,,,
sadar,086,116,,खिरौनिया,बरहटा उपरहार,नगरीय,8600,9500,10500,43300,39300,35200,,,,,,,
sadar,087,117,,खिरौनी,अमसिन,ग्रामीण,2100,2400,3000,32900,29400,25900,60,49,41,40,60,28,
sadar,087,118,,खीरवाली गली,फतेहगंज,नगरीय,12500,14700,15700,53600,49600,45500,,,,,,,
sadar,087,119,,खुदागंज,दालमण्डी,नगरीय,11400,11900,14400,52200,48200,44100,,,,,,,
sadar,087,120,,खुर्द महल,राठ हवेली,नगरीय,8900,9800,10800,47500,43500,39400,,,,,,,
sadar,087,121,,खुर्दाबाद,अमानीगंज,नगरीय,8900,9800,10800,47800,43800,39700,,,,,,,
sadar,087,122,,खुशहाल गंज,अमसिन,ग्रामीण,2100,2400,3000,32900,29400,25900,60,49,41,40,60,28,
sadar,087,123,,खोजनपुर ANP,हवेली अवध,नगरीय,12900,14200,15000,52600,48600,44500,443,370,324,318,443,198,
sadar,087,124,,खोजनपुर BNP,हवेली अवध,अर्द्धनगरीय,8200,9000,9900,47800,43800,39700,328,268,243,238,328,149,
sadar,087,125,,ख्वासपुरा,राठ हवेली,नगरीय,19500,28300,34700,79500,75500,71400,,,,,,,
sadar,087,126,,गंगौली,हवेली अवध,अधिसूचित,2300,2600,3300,35500,31800,27700,65,53,45,43,65,30,
sadar,087,127,,गंजा,हवेली अवध,अर्द्धनगरीय,4400,4700,5400,39600,35600,31500,80,65,56,55,80,35,
sadar,087,128,,गणेशगंज मकबरा,दालमण्डी,नगरीय,11400,13900,14900,52800,48800,44700,,,,,,,
sadar,087,129,,गणेशपुर बिसौरा,अमसिन,ग्रामीण,1900,2100,2600,32900,29400,25900,53,43,38,36,53,24,
sadar,087,130,,गद्दोपुर,हवेली अवध,अर्द्धनगरीय,8200,9000,9900,46700,42700,38600,328,268,243,238,328,149,
sadar,087,131,,गद्दोपुर हरदासपुर,अमसिन,ग्रामीण,2100,3100,3500,33600,30100,26600,73,61,55,54,73,34,
sadar,087,132,,गनेश गंज,झारखण्डी,नगरीय,11400,12900,14400,52200,48200,44100,,,,,,,
sadar,087,133,,गाड़ीवान टोला,अवध खास,नगरीय,8600,9500,10500,43300,39300,35200,,,,,,,
sadar,087,134,,गांधी नगर,लालबाग,नगरीय,11200,12300,14400,52200,48200,44100,,,,,,,
sadar,087,135,,गुदडी बाजार,चौक,नगरीय,27900,31400,37100,83700,79700,75600,,,,,,,
sadar,087,136,,गुलाबबाड़ी,साहबगंज,नगरीय,12600,14400,15400,53600,49600,45500,,,,,,,
sadar,087,137,,गोकुलपुर,अमसिन,ग्रामीण,2100,2400,3000,32900,29400,25900,60,49,41,40,60,28,
sadar,087,138,,गोपालपुर,हवेली अवध,अर्द्धनगरीय,4400,4600,5300,39600,35600,31500,72,57,52,51,72,31,
sadar,087,139,,गोलाघाट,अवध खास,नगरीय,8600,9500,10500,43300,39300,35200,,,,,,,
sadar,087,140,,गोलाबाजार,कोट राम चन्दर,नगरीय,8500,9400,10500,43300,39300,35200,,,,,,,
sadar,087,141,,गोशईगंज पश्चिमी,टाउन एरिया गोशाईगंज,अर्द्धनगरीय,7700,8500,9300,48200,44200,40100,235,194,172,169,235,107,
sadar,087,142,,गोशाईगंज उत्तरी,टाउन एरिया गोशाईगंज,अर्द्धनगरीय,7700,8500,9300,48200,44200,40100,235,194,172,169,235,107,
sadar,087,143,,गोशाईगंज दक्षिणी,टाउन एरिया गोशाईगंज,अर्द्धनगरीय,7700,8500,9300,48200,44200,40100,235,194,172,169,235,107,
sadar,087,144,,गौरापट्टी,हवेली अवध,अर्द्धनगरीय,4900,5600,6200,40200,36200,32100,81,68,61,60,81,38,
sadar,087,145,,गौहनिया,अमसिन,ग्रामीण,2300,2400,3000,32900,29400,25900,60,49,41,40,60,28,
sadar,088,146,,घसियारी मण्डी,सहादतगंज,नगरीय,9100,10400,11200,47800,43800,39700,,,,,,,
sadar,088,147,,घोसियाना,रामनगर,नगरीय,12600,13700,14400,52200,48200,44100,,,,,,,
sadar,088,148,,घोसी टोला,हैदरगंज,नगरीय,8900,9800,10800,46300,42300,38200,,,,,,,
sadar,088,149,,चक गौरापट्टी,हवेली अवध,नगरीय,12200,14200,14900,51500,47500,43400,464,386,341,332,464,208,
sadar,088,150,,चक्रतीर्थ,अवध खास,नगरीय,8700,9600,10500,43300,39300,35200,,,,,,,
sadar,088,151,,चक्रतीर्थ आ0योजना(वि0प्रा0),अवध खास,नगरीय,8900,9800,10800,46300,42300,38200,,,,,,,
sadar,088,152,,चमारटोला,जनौरा,नगरीय,10800,11600,12100,48000,44000,39900,,,,,,,
sadar,088,153,,चरेरा,हवेली अवध,ग्रामीण,2400,2600,3100,32900,29400,25900,64,51,45,44,64,29,
sadar,088,154,,चाचिकपुर,अमसिन,ग्रामीण,2100,2400,3000,32900,29400,25900,60,49,41,40,60,28,
sadar,088,155,,चाणक्यपुरी कालोनी,नियावां,नगरीय,11400,13300,13900,51500,47500,43400,,,,,,,
sadar,088,156,,चांदपुर हरिवंश,हवेली अवध,अर्द्धनगरीय,8200,9000,9900,44800,40800,36700,339,277,253,246,339,154,
sadar,088,157,,चिरकिटहा,अमसिन,ग्रामीण,2100,2400,3000,32900,29400,25900,60,49,41,40,60,28,
sadar,088,158,,चेला छावनी,वजीरगंज,नगरीय,10500,11400,12300,49200,45200,41100,,,,,,,
sadar,088,159,,चौक,चौक,नगरीय,27900,31400,37100,83700,79700,75600,,,,,,,
sadar,088,160,,छतरा,अमसिन,ग्रामीण,2100,2400,3000,32900,29400,25900,60,49,41,40,60,28,
sadar,088,161,,छावनी गौरावारिक,हवेली अवध,नगरीय,9100,10800,11100,49600,45600,41500,55,44,39,38,55,25,
sadar,088,162,,छावनी बन्दे अली,रेतिया,नगरीय,11400,12600,13300,50700,46700,42600,,,,,,,
sadar,088,163,,छोटारमना,वजीरगंज,नगरीय,10500,11400,12300,49200,45200,41100,,,,,,,
sadar,088,164,,छोटी छावनी,मीरापुर डेरा बीबी,नगरीय,8600,9500,10500,43300,39300,35200,,,,,,,
sadar,088,165,,छोटी देवकाली,अवध खास,नगरीय,8700,9600,10500,43300,39300,35200,,,,,,,
sadar,088,166,,जगदीशपुर अरवत,अमसिन,ग्रामीण,2100,2400,3000,32900,29400,25900,60,49,41,40,60,28,
sadar,088,167,,जगदीशपुरटण्डौली,अमसिन,ग्रामीण,2100,2400,3000,32900,29400,25900,60,49,41,40,60,28,
sadar,088,168,,जजवट,अमसिन,ग्रामीण,2400,2600,3100,32900,29400,25900,64,51,45,44,64,29,
sadar,088,169,,जनकपुरी आ0योजना(वि0प्रा0),अवध खास,नगरीय,8900,9800,10800,44800,40800,36700,,,,,,,
sadar,088,170,,जनौरा ANP,हवेली अवध,नगरीय,10800,11600,12100,48000,44000,39900,341,273,242,237,341,149,
sadar,088,171,,जनौरा BNP,हवेली अवध,अर्द्धनगरीय,8200,9000,9900,46700,42700,38600,293,237,210,206,293,128,
sadar,088,172,,जमुनियाबाग,चौक,नगरीय,27900,31400,35700,81800,77800,73700,,,,,,,
sadar,088,173,,जमुनीपुर,अमसिन,ग्रामीण,2100,2400,3000,32900,29400,25900,60,49,41,40,60,28,
sadar,088,174,,जयसिंपुर,वासूपुर सिरसा उर्फ जयसिंहपुर,नगरीय,8600,9500,10500,43100,39100,35000,244,200,179,175,244,110,
sadar,089,175,,जरही,अमसिन,ग्रामीण,2100,2400,3000,32900,29400,25900,60,49,41,40,60,28,
sadar,089,176,,जलवानपुर,हवेली अवध,नगरीय,8700,9600,10500,44000,40000,35900,253,209,187,184,253,114,
sadar,089,177,,जलालुद्दीन नगर उपर,हवेली अवध,अधिसूचित,3800,4400,4700,39400,35700,31600,111,92,82,80,111,51,
sadar,089,178,,जलालुद्दीननगरमांझा,हवेली अवध,अधिसूचित,3800,4400,4700,34000,30500,27000,59,46,43,41,59,28,
sadar,089,179,,जानकी घाट,मीरापुर डेरा बीबी,नगरीय,8600,9500,10500,43300,39300,35200,,,,,,,
sadar,089,180,,जालपानाला,अमानीगंज,नगरीय,12300,13500,14400,52200,48200,44100,,,,,,,
sadar,089,181,,जियनपुर,हवेली अवध,अर्द्धनगरीय,7400,7900,8600,43300,39300,35200,220,179,161,157,220,98,
sadar,089,182,,जे बी पुरम कालोनी,सिविल लाइन,नगरीय,10900,12100,13100,47000,43500,40000,,,,,,,
sadar,089,183,,जे0टी0सी0,मोती बाग,नगरीय,14000,15400,18400,57600,53600,49500,,,,,,,
sadar,089,184,,जैता,अमसिन,ग्रामीण,2100,2400,3000,32900,29400,25900,60,49,41,40,60,28,
sadar,089,185,,झारखण्डी,झारखण्डी,नगरीय,11600,12800,14700,52200,48200,44100,,,,,,,
sadar,089,186,,झुनकीघाट,अवध खास,नगरीय,8600,9500,10500,43300,39300,35200,,,,,,,
sadar,089,187,,टकसाल,चौक,नगरीय,27900,31400,33300,78400,74400,70300,,,,,,,
sadar,089,188,,टण्डौली,अमसिन,ग्रामीण,2100,2400,3000,32900,29400,25900,60,49,41,40,60,28,
sadar,089,189,,टेढ़ी बाजार,बाग विजैसी,नगरीय,8800,9700,10800,44800,40800,36700,,,,,,,
sadar,089,190,,टेढी बाजार (चौक),चौक,नगरीय,28400,31900,37800,83700,79700,75600,,,,,,,
sadar,089,191,,टोनिया बिहारीपुर,हवेली अवध,अर्द्धनगरीय,4400,4900,5400,39600,35600,31500,95,77,68,66,95,43,
sadar,089,192,,ट्रान्सपोर्टनगर वि0प्रा0,सिविल लाइन,नगरीय,12000,12600,13500,47000,43500,40000,,,,,,,
sadar,089,193,,ठठरहिया,अंगूरीबाग,नगरीय,14900,15800,16700,55300,51300,47200,,,,,,,
sadar,089,194,,डाभासेमर,हवेली अवध,अर्द्धनगरीय,5800,6700,6900,41900,37900,33800,157,125,114,112,157,70,
sadar,089,195,,तकपुरा,हवेली अवध,अर्द्धनगरीय,7000,7400,7900,43100,39100,35000,256,208,188,184,256,116,
sadar,089,196,,तार गौहन,अमसिन,ग्रामीण,2100,2400,3000,32900,29400,25900,60,49,41,40,60,28,
sadar,089,197,,तारापुर रजौली,हवेली अवध,नगरीय,8900,9800,10800,45700,41700,37600,279,228,201,196,279,127,
sadar,089,198,,ताहिरपुर बरौली,अमसिन,ग्रामीण,2100,2400,3000,32900,29400,25900,60,49,41,40,60,28,
sadar,089,199,,तिहुरा उपरहार,हवेली अवध,अर्द्धनगरीय,5200,5400,6400,39600,35600,31500,92,75,66,65,92,42,
sadar,089,200,,तिहुरा मांझा,हवेली अवध,अर्द्धनगरीय,5100,5300,6300,39000,35500,32000,69,57,54,51,69,33,
sadar,089,201,,तुलसी बाड़ी,मीरापुर द्वाबा उपरहार,नगरीय,8600,9500,10500,43300,39300,35200,,,,,,,
sadar,089,202,,तुलसीनगर,अवध खास,नगरीय,8600,9500,10500,43300,39300,35200,,,,,,,
sadar,089,203,,तेलियागढ़ उत्तरी,टाउन एरिया गोशाईगंज,अर्द्धनगरीय,7700,8500,9300,48200,44200,40100,235,194,172,169,235,107,
sadar,090,204,,तेलियागढ़ दक्षिणी,टाउन एरिया गोशाईगंज,अर्द्धनगरीय,7700,8500,9300,48200,44200,40100,235,194,172,169,235,107,
sadar,090,205,,तेलियागढ़ पूर्वी,टाउन एरिया गोशाईगंज,अर्द्धनगरीय,7700,8500,9300,48200,44200,40100,235,194,172,169,235,107,
sadar,090,206,,तेलीटोला,अंगूरीबाग,नगरीय,11500,14200,15100,52800,48800,44700,,,,,,,
sadar,090,207,,तोगपुर,हवेली अवध,नगरीय,10800,11900,12600,48600,44600,40500,279,228,201,196,279,127,
sadar,090,208,,त्रिलोकपुर,अमसिन,ग्रामीण,2100,2400,3000,32900,29400,25900,60,49,41,40,60,28,
sadar,090,209,,दतौली,अमसिन,ग्रामीण,2100,2400,3000,32900,29400,25900,60,49,41,40,60,28,
sadar,090,210,,ददेरा,हवेली अवध,अर्द्धनगरीय,4200,4500,4800,36800,32800,28700,62,51,43,42,62,29,
sadar,090,211,,दन्तधावन कुण्ड,बरहटा उपरहार,नगरीय,8600,9500,10500,43300,39300,35200,,,,,,,
sadar,090,212,,दमोदरपुर,अमसिन,ग्रामीण,2100,2400,3000,32900,29400,25900,60,49,41,40,60,28,
sadar,090,213,,दर्शन नगर,रानोपाली,अर्द्धनगरीय,7000,7400,7900,43100,39100,35000,157,125,114,112,157,70,
sadar,090,214,,दलपतपुर उपरहार,अमसिन,ग्रामीण,2100,2400,3000,32900,29400,25900,60,49,41,40,60,28,
sadar,090,215,,दलपतपुर माझा,अमसिन,ग्रामीण,2000,2200,2600,32300,28800,25300,29,23,21,20,29,14,
sadar,090,216,,दलीपपुर उर्फ़ देवगढ़,अमसिन,ग्रामीण,2100,2400,3000,32900,29400,25900,60,49,41,40,60,28,
sadar,090,217,,दालमण्डी,दालमण्डी,नगरीय,14900,17400,19200,58900,54900,50800,,,,,,,
sadar,090,218,,दिलकुशा,दिल्ली दरवाजा,नगरीय,12600,13700,14400,52200,48200,44100,,,,,,,
sadar,090,219,,दिल्ली दरवाजा,दिल्ली दरवाजा,नगरीय,12600,13700,14400,52200,48200,44100,,,,,,,
sadar,090,220,,दिवानी मिसिल,दिल्ली दरवाजा,नगरीय,12600,13700,14400,52200,48200,44100,,,,,,,
sadar,090,221,,दीनापुर,अमसिन,ग्रामीण,1900,2100,2600,32900,29400,25900,53,43,38,36,53,24,
sadar,090,222,,दुर्गापुर,हवेली अवध,अधिसूचित,2300,2600,3300,35500,31800,27700,65,53,45,43,65,30,
sadar,090,223,,दुर्गापुर रमपुरवा,अमसिन,ग्रामीण,2100,2400,3000,32900,29400,25900,60,49,41,40,60,28,
sadar,090,224,,दुल्लापुर,अमसिन,ग्रामीण,2100,2400,3000,32900,29400,25900,60,49,41,40,60,28,
sadar,090,225,,देवकाली अं.न.पा.,हवेली अवध,नगरीय,12200,13300,14200,50700,46700,42600,464,386,341,332,464,208,
sadar,090,226,,देवकालीBNP,हवेली अवध,अर्द्धनगरीय,8200,9000,9900,47800,43800,39700,328,268,243,238,328,149,
sadar,090,227,,देवगिरिया,अमसिन,ग्रामीण,2100,2400,3000,32900,29400,25900,60,49,41,40,60,28,
sadar,090,228,,देवरा दाउदपुर,अमसिन,ग्रामीण,2100,2400,3000,32900,29400,25900,60,49,41,40,60,28,
sadar,090,229,,देवापुर,अमसिन,ग्रामीण,2400,2600,3100,32900,29400,25900,64,51,45,44,64,29,
sadar,090,230,,देवासूर्यभानपुर,अमसिन,ग्रामीण,2100,2400,3000,32900,29400,25900,60,49,41,40,60,28,
sadar,090,231,,दोराही कुंआ,कोट राम चन्दर,नगरीय,8300,9100,10000,43300,39300,35200,,,,,,,
sadar,090,232,,द्वारिका पुर,अमसिन,ग्रामीण,2100,2400,3000,32900,29400,25900,60,49,41,40,60,28,
sadar,091,233,,धनीराम का पुरवा (जनौरा),जनौरा,नगरीय,10800,11600,12100,46700,42700,38600,,,,,,,
sadar,091,234,,धनीराम का पुरवा (झारखण्डी),झारखण्डी,नगरीय,11400,12300,13900,51500,47500,43400,,,,,,,
sadar,091,235,,धनैजा,अवध खास,नगरीय,8700,9600,10500,43300,39300,35200,,,,,,,
sadar,091,236,,धरमपुर सहादत,हवेली अवध,अर्द्धनगरीय,4300,4600,5000,37700,33700,29600,64,52,44,43,64,28,
sadar,091,237,,धारूपुर,अमसिन,ग्रामीण,2100,2400,3000,32900,29400,25900,60,49,41,40,60,28,
sadar,091,238,,नई कालोनी,झारखण्डी,नगरीय,11400,12600,14400,52200,48200,44100,,,,,,,
sadar,091,239,,नकटवारा,अमसिन,ग्रामीण,2100,2400,3000,32900,29400,25900,60,49,41,40,60,28,
sadar,091,240,,नक्खास,मोती बाग,नगरीय,17800,25000,27000,81800,77800,73700,,,,,,,
sadar,091,241,,नजरबाग,कोट राम चन्दर,नगरीय,8500,9400,10500,43300,39300,35200,,,,,,,
sadar,091,242,,नन्दापुर,हवेली अवध,अर्द्धनगरीय,4300,4600,5000,37700,33700,29600,73,59,53,52,73,32,
sadar,091,243,,नययर कालोनी,सिविल लाइन,नगरीय,20600,24200,25500,57600,53600,49500,,,,,,,
sadar,091,244,,नया पुरवा आ0 योजना(वि0प्रा0),रेतिया,नगरीय,11200,13200,15400,53600,49600,45500,,,,,,,
sadar,091,245,,नयाघाट,अवध खास,नगरीय,8600,9500,10500,43300,39300,35200,,,,,,,
sadar,091,246,,नयापुरवा (नियांवा),नियावां,नगरीय,11400,12900,14400,52200,48200,44100,,,,,,,
sadar,091,247,,नयापुरवा (रानोपाली),रानोपाली,नगरीय,9700,10400,11400,48000,44000,39900,,,,,,,
sadar,091,248,,नयी दुनिया मोहल्ला,राठ हवेली,नगरीय,11200,13200,13900,51500,47500,43400,,,,,,,
sadar,091,249,,नरायनपुर,हवेली अवध,अधिसूचित,2300,2600,3300,35500,31800,27700,65,53,45,43,65,30,
sadar,091,250,,नरियावां,हवेली अवध,अधिसूचित,2300,2600,3300,35500,31800,27700,65,53,45,43,65,30,
sadar,091,251,,नवीन नगर,कोट राम चन्दर,नगरीय,8300,9100,10000,43300,39300,35200,,,,,,,
sadar,091,252,,नहरबाग,नियावां,नगरीय,11400,12600,14400,52200,48200,44100,,,,,,,
sadar,091,253,,नाका,रामनगर,नगरीय,12600,13700,14400,52200,48200,44100,,,,,,,
sadar,091,254,,नाका मुजफरा,लालबाग,नगरीय,15800,17400,19200,58900,54900,50800,,,,,,,
sadar,091,255,,नारा,हवेली अवध,अधिसूचित,2300,2600,3300,35500,31800,27700,65,53,45,43,65,30,
sadar,091,256,,नियांवा,हवेली अवध,नगरीय,11400,12900,14400,52200,48200,44100,436,363,318,312,436,195,
sadar,091,257,,निर्मली कुण्ड,छावनी परिषद,नगरीय,8300,9100,10000,44000,40000,35900,,,,,,,
sadar,091,258,,निर्मोचन घाट,अवध खास,नगरीय,8300,9100,10000,43300,39300,35200,,,,,,,
sadar,091,259,,नील बिहार कालोनी(वि0प्रा0),रामनगर,नगरीय,11400,12600,14400,52200,48200,44100,,,,,,,
sadar,091,260,,नेव कबीरपुर,अमसिन,ग्रामीण,2100,2400,3000,32900,29400,25900,60,49,41,40,60,28,
sadar,091,261,,नेवातीपुरा,लालबाग,नगरीय,15800,17400,19200,58900,54900,50800,,,,,,,
sadar,092,262,,नोनहटिया,बरहटा उपरहार,नगरीय,8600,9500,10500,43300,39300,35200,,,,,,,
sadar,092,263,,नौगजी,मीरापुर डेरा बीबी,नगरीय,8600,9500,10500,43300,39300,35200,,,,,,,
sadar,092,264,,नौघड़ा,राठ हवेली,नगरीय,8900,9800,10800,47500,43500,39400,,,,,,,
sadar,092,265,,पकरेला,अमसिन,ग्रामीण,2800,3000,3500,33600,30100,26600,73,61,55,54,73,34,
sadar,092,266,,पटेल नगर,लालबाग,नगरीय,8900,9800,10800,47800,43800,39700,,,,,,,
sadar,092,267,,पठान टोलिया,अमानीगंज,नगरीय,8900,9800,10800,47300,43300,39200,,,,,,,
sadar,092,268,,पदुमपुरी कालोनी,बहादुरगंज,नगरीय,11200,13300,13900,51500,47500,43400,,,,,,,
sadar,092,269,,पम्पारपुर,अमसिन,ग्रामीण,2100,2400,3000,32900,29400,25900,60,49,41,40,60,28,
sadar,092,270,,परमानपुर,अमसिन,ग्रामीण,2100,2400,3000,32900,29400,25900,60,49,41,40,60,28,
sadar,092,271,,पलिया टेकधर,अमसिन,ग्रामीण,2100,2400,3000,32900,29400,25900,60,49,41,40,60,28,
sadar,092,272,,पलिया शाहबदी,हवेली अवध,अर्द्धनगरीय,5600,6500,6700,41000,37000,32900,212,173,155,152,212,94,
sadar,092,273,,पहाड़गंज ANP,हवेली अवध,नगरीय,11200,12300,12600,49600,45600,41500,436,363,318,312,436,195,
sadar,092,274,,पहाड़गंज BNP,हवेली अवध,अर्द्धनगरीय,8200,9000,9900,47800,43800,39700,328,268,243,238,328,149,
sadar,092,275,,पांजी टोला,अवध खास,नगरीय,8600,9500,10500,43300,39300,35200,,,,,,,
sadar,092,276,,पाण्डेय बाजार,मीरापुर डेरा बीबी,नगरीय,8600,9500,10500,43300,39300,35200,,,,,,,
sadar,092,277,,पानगली,चौक,नगरीय,27900,31400,37100,83700,79700,75600,,,,,,,
sadar,092,278,,पाराख़ान,हवेली अवध,अर्द्धनगरीय,5800,6400,6900,41900,37900,33800,93,76,67,66,93,42,
sadar,092,279,,पालकीखाना,रिकाबगंज,नगरीय,14900,17400,19200,58900,54900,50800,,,,,,,
sadar,092,280,,पिलखावां,अमसिन,ग्रामीण,2100,2400,3000,32900,29400,25900,60,49,41,40,60,28,
sadar,092,281,,पी0डब्लू0डी0कालोनी,पुलिस लाइन,नगरीय,14000,17400,19200,58900,54900,50800,,,,,,,
sadar,092,282,,पुरखेपुर,हवेली अवध,अधिसूचित,3700,4000,4600,38100,34400,30300,103,85,77,76,103,47,
sadar,092,283,,पुरानी सब्जी मण्डी,फतेहगंज,नगरीय,14000,22000,26000,79500,75500,71400,,,,,,,
sadar,092,284,,पूरा हुसैन खां,हवेली अवध,अर्द्धनगरीय,8200,9000,9900,47800,43800,39700,328,268,243,238,328,149,
sadar,092,285,,पौसरा उपरहार,अमसिन,ग्रामीण,2800,3000,3500,33600,30100,26600,73,61,55,54,73,34,
sadar,092,286,,पौसरा मांझा,अमसिन,ग्रामीण,1800,2000,2300,32300,28800,25300,25,20,19,18,25,13,
sadar,092,287,,प्रमोद वन,मीरापुर डेरा बीबी,नगरीय,8600,9500,10500,43300,39300,35200,,,,,,,
sadar,092,288,,प्रहलाद घाट,अवध खास,नगरीय,8600,9500,10500,43300,39300,35200,,,,,,,
sadar,092,289,,प्रियदर्शनी आ0योजना(वि0प्रा0),रामनगर,नगरीय,11400,12900,14400,52200,48200,44100,,,,,,,
sadar,092,290,,फतेहगंज,फतेहगंज,नगरीय,24800,28300,34700,79500,75500,71400,,,,,,,
sadar,093,291,,फतेहपुरमुमताजाबाद,अमसिन,ग्रामीण,2100,2400,3000,32900,29400,25900,60,49,41,40,60,28,
sadar,093,292,,फिरोजपुर,हवेली अवध,अर्द्धनगरीय,4400,4800,5300,39600,35600,31500,93,76,67,66,93,42,
sadar,093,293,,फैजाबाद ग्रामीण,हवेली अवध,अर्द्धनगरीय,8200,9000,9900,47800,43800,39700,328,268,243,238,328,149,
sadar,093,294,,बक्सरिया टोला,अवध खास,नगरीय,8600,9500,10500,43300,39300,35200,,,,,,,
sadar,093,295,,बजाजा,चौक,नगरीय,27900,31400,37100,83700,79700,75600,,,,,,,
sadar,093,296,,बढई का पुरवा,सहादतगंज,नगरीय,10500,11500,12300,49200,45200,41100,,,,,,,
sadar,093,297,,बनगवां,अमसिन,ग्रामीण,2100,2400,3000,32900,29400,25900,60,49,41,40,60,28,
sadar,093,298,,बनवारी का पुरवा,वासूपुर सिरसा उर्फ जयसिंहपुर,नगरीय,8800,9700,10800,43100,39100,35000,,,,,,,
sadar,093,299,,बन्दन पुर,अमसिन,ग्रामीण,2800,3000,3500,33600,30100,26600,73,61,55,54,73,34,
sadar,093,300,,बन्धा तिराहा व्या0योजना(वि0प्रा),मीरापुर द्वाबा मांझा,नगरीय,8700,9600,10500,43100,39100,35000,,,,,,,
sadar,093,301,,बबुवापुर,अमसिन,ग्रामीण,2100,2400,3000,32900,29400,25900,60,49,41,40,60,28,
sadar,093,302,,बरईपारा,अमसिन,ग्रामीण,2200,2400,3000,32900,29400,25900,60,49,41,40,60,28,
sadar,093,303,,बरगदहिया,बरहटा मांझा,नगरीय,8500,9400,10500,42900,38900,34800,,,,,,,
sadar,093,304,,बरवारी टोला,अवध खास,नगरीय,8600,9500,10500,43300,39300,35200,,,,,,,
sadar,093,305,,बरहटा उपरहार,हवेली अवध,नगरीय,8900,9800,10800,44800,40800,36700,253,209,188,184,253,114,
sadar,093,306,,बरहटा मांझा,हवेली अवध,अर्द्धनगरीय,7200,7600,8100,42700,38700,34600,221,180,162,158,221,98,
sadar,093,307,,बल्ला हाता,झारखण्डी,नगरीय,11600,14200,15100,52800,48800,44700,,,,,,,
sadar,093,308,,बसंत अली का हाता,फतेहगंज,नगरीय,11400,12600,12900,50100,46100,42000,,,,,,,
sadar,093,309,,बहादुरगंज,बहादुरगंज,नगरीय,11500,13600,14200,51500,47500,43400,,,,,,,
sadar,093,310,,बहारगंज,अमानीगंज,नगरीय,12300,13500,14400,52200,48200,44100,,,,,,,
sadar,093,311,,बहू बाजार,मीरापुर डेरा बीबी,नगरीय,8600,9500,10500,43300,39300,35200,,,,,,,
sadar,093,312,,बहेलिया टोला (अवधखास),अवध खास,नगरीय,8600,9500,10500,43300,39300,35200,,,,,,,
sadar,093,313,,बहेलिया टोला (हैदरगंज),हैदरगंज,नगरीय,8900,9800,10800,46700,42700,38600,,,,,,,
sadar,093,314,,बहोरनपुर,हवेली अवध,ग्रामीण,2100,2400,3000,32900,29400,25900,60,49,41,40,60,28,
sadar,093,315,,बाग फरहदबक्श,हवेली अवध,नगरीय,8600,9500,10500,43300,39300,35200,,,,,,,
sadar,093,316,,बाग बिजैसी,हवेली अवध,नगरीय,8600,9500,10500,43300,39300,35200,244,200,179,175,244,110,
sadar,093,317,,बाजार मिर्जा अली बेग,दिल्ली दरवाजा,नगरीय,8900,9800,10800,52200,48200,44100,,,,,,,
sadar,093,318,,बाबू बाजार,देवकाली,नगरीय,12200,13300,14200,50700,46700,42600,,,,,,,
sadar,093,319,,बारा पत्थर,कन्धारी बाजार,नगरीय,11200,13600,14700,52600,48600,44500,,,,,,,
sadar,094,320,,बालकराम कालोनी,नियावां,नगरीय,11600,13600,14200,51500,47500,43400,,,,,,,
sadar,094,321,,बाल्दा,साहबगंज,नगरीय,11200,13300,13900,51500,47500,43400,,,,,,,
sadar,094,322,,बासूपुरसिरसा जयसिंह,हवेली अवध,नगरीय,8800,9700,10800,43100,39100,35000,253,209,188,184,253,114,
sadar,094,323,,बिरौली,हवेली अवध,अर्द्धनगरीय,4200,4500,4800,36800,32800,28700,63,51,43,42,63,29,
sadar,094,324,,बीकापुर,अमसिन,ग्रामीण,2100,2400,3000,32900,29400,25900,60,49,41,40,60,28,
sadar,094,325,,बीरशाह पुर,अमसिन,ग्रामीण,2100,2400,3000,32900,29400,25900,60,49,41,40,60,28,
sadar,094,326,,बुचनीगंज,सहादतगंज,नगरीय,9100,10400,11200,47800,43800,39700,,,,,,,
sadar,094,327,,बेगमगंज गढ़ैया,बेगमगंज गढ़ैया,नगरीय,8800,9700,10800,46700,42700,38600,,,,,,,
sadar,094,328,,बेगमगंज मकबरा,दालमण्डी,नगरीय,11500,16300,19600,58900,54900,50800,,,,,,,
sadar,094,329,,बेगमपुरा,अवध खास,नगरीय,8600,9500,10500,43300,39300,35200,,,,,,,
sadar,094,330,,बेगमागंज मांझा,अमसिन,ग्रामीण,1800,2000,2300,32300,28800,25300,25,20,19,18,25,13,
sadar,094,331,,बेनवा,अमसिन,ग्रामीण,2100,2400,3000,32900,29400,25900,60,49,41,40,60,28,
sadar,094,332,,बेनीगंज,अमानीगंज,नगरीय,11200,13300,13900,51500,47500,43400,,,,,,,
sadar,094,333,,बेनीपुर,हवेली अवध,ग्रामीण,2100,2400,3000,32900,29400,25900,60,49,41,40,60,28,
sadar,094,334,,बेरा,अमसिन,ग्रामीण,2100,2400,3000,32900,29400,25900,60,49,41,40,60,28,
sadar,094,335,,बेलवारी खान,अमसिन,ग्रामीण,3600,3900,4600,35300,31800,28300,101,84,78,75,101,46,
sadar,094,336,,बैराक पुरा,बरहटा उपरहार,नगरीय,8600,9500,10500,43300,39300,35200,,,,,,,
sadar,094,337,,बैसिंह,हवेली अवध,अधिसूचित,2300,2600,3300,35500,31800,27700,65,53,45,43,65,30,
sadar,094,338,,बैहारी,अमसिन,ग्रामीण,2400,2600,3100,32900,29400,25900,64,51,45,44,64,29,
sadar,094,339,,बोधीपुर,अमसिन,ग्रामीण,2100,2400,3000,32900,29400,25900,60,49,41,40,60,28,
sadar,094,340,,ब्रहम कुण्ड,अवध खास,नगरीय,8600,9500,10500,43300,39300,35200,,,,,,,
sadar,094,341,,ब्राहमण टोला,जनौरा,नगरीय,10800,11600,12100,48000,44000,39900,,,,,,,
sadar,094,342,,भगवाभीट,हवेली अवध,अधिसूचित,2600,2800,3400,35500,31800,27700,69,55,49,47,69,31,
sadar,094,343,,भदोखर,हवेली अवध,अर्द्धनगरीय,4200,4500,4800,36800,32800,28700,63,51,43,42,63,29,
sadar,094,344,,भदौली खुर्द,अमसिन,ग्रामीण,2100,2400,3000,32900,29400,25900,60,49,41,40,60,28,
sadar,094,345,,भदौली बुजुर्ग,अमसिन,ग्रामीण,2100,2400,3000,32900,29400,25900,60,49,41,40,60,28,
sadar,094,346,,भरतपुरी कालोनी,दिल्ली दरवाजा,नगरीय,10100,12300,14400,52200,48200,44100,,,,,,,
sadar,094,347,,भिटौरा,अमसिन,ग्रामीण,2100,2400,3000,32900,29400,25900,60,49,41,40,60,28,
sadar,094,348,,भीखापुर,हवेली अवध,अर्द्धनगरीय,8200,9000,9900,46700,42700,38600,328,268,243,238,328,149,
sadar,095,349,,भैरीपुर उपरहार,अमसिन,ग्रामीण,3800,4400,4700,36100,32600,29100,103,85,76,74,103,48,
sadar,095,350,,भैरीपुर मांझा,अमसिन,ग्रामीण,1800,2000,2300,32300,28800,25300,25,20,19,18,25,13,
sadar,095,351,,भोया,अमसिन,ग्रामीण,2100,2400,3000,32900,29400,25900,60,49,41,40,60,28,
sadar,095,352,,मक्खापुर,हवेली अवध,अर्द्धनगरीय,5500,6200,6700,41500,37500,33400,208,170,152,148,208,92,
sadar,095,353,,मछरहटा(मछली बाजार),अंगूरीबाग,नगरीय,11400,13900,14900,52800,48800,44700,,,,,,,
sadar,095,354,,मछुवाना,अवध खास,नगरीय,8600,9500,10500,43300,39300,35200,,,,,,,
sadar,095,355,,मड़ना उपरहार,अमसिन,ग्रामीण,2800,3000,3500,33600,30100,26600,73,61,55,54,73,34,
sadar,095,356,,मड़ना मांझा,अमसिन,ग्रामीण,2000,2200,2600,32300,28800,25300,29,23,21,20,29,14,
sadar,095,357,,मदरहिया,वासूपुर सिरसा उर्फ जयसिंहपुर,नगरीय,8800,9700,10800,43100,39100,35000,,,,,,,
sadar,095,358,,मयाभीखी,अमसिन,ग्रामीण,3800,4400,4700,36100,32600,29100,103,85,76,74,103,48,
sadar,095,359,,मलखानपुर,अमसिन,ग्रामीण,2100,2400,3000,32900,29400,25900,60,49,41,40,60,28,
sadar,095,360,,मलिक पट्टी,अमसिन,ग्रामीण,2100,2400,3000,32900,29400,25900,60,49,41,40,60,28,
sadar,095,361,,मलिकपुर,हवेली अवध,अर्द्धनगरीय,4400,4600,5300,39600,35600,31500,65,53,45,44,65,30,
sadar,095,362,,मस्तान का पुरवा,सहादतगंज,नगरीय,10500,11500,12300,49200,45200,41100,,,,,,,
sadar,095,363,,महाजनी टोला,रिकाबगंज,नगरीय,11500,13600,14200,51500,47500,43400,,,,,,,
sadar,095,364,,महिमापुर,अमसिन,ग्रामीण,2100,2400,3000,32900,29400,25900,60,49,41,40,60,28,
sadar,095,365,,महेशपुर,हवेली अवध,अधिसूचित,2000,2300,2800,35500,31800,27700,57,46,41,39,57,26,
sadar,095,366,,माझा आलापुर,अमसिन,ग्रामीण,1800,2000,2300,32300,28800,25300,25,20,19,18,25,13,
sadar,095,367,,माझा जमथरा,हवेली अवध,नगरीय,10800,11400,12100,48000,44000,39900,279,228,201,196,279,127,
sadar,095,368,,माझा पिपरी संग्राम,हवेली अवध,अधिसूचित,2200,2500,2800,34900,31200,27100,31,24,23,22,31,15,
sadar,095,369,,माझा पूरे चेतन,हवेली अवध,अधिसूचित,2200,2500,2800,34900,31200,27100,31,24,23,22,31,15,
sadar,095,370,,माझा रसूलपुर दोयम,अमसिन,ग्रामीण,1900,2100,2600,32900,29400,25900,53,43,38,36,53,24,
sadar,095,371,,माझा सलेमपुर,हवेली अवध,अधिसूचित,1900,2100,2400,34900,31200,27100,27,22,20,19,27,14,
sadar,095,372,,माझामूडाडीहबस्ती,हवेली अवध,अधिसूचित,1900,2100,2400,34900,31200,27100,27,22,20,19,27,14,
sadar,095,373,,मांझामूडाडीहाफैजाबाद,हवेली अवध,अधिसूचित,2200,2500,2800,34900,31200,27100,31,24,23,22,31,15,
sadar,095,374,,मांझारामपुरक़ानूनगो,अमसिन,ग्रामीण,1800,2000,2300,32300,28800,25300,25,20,19,18,25,13,
sadar,095,375,,मातगैड़,अवध खास,नगरीय,8600,9500,10500,43300,39300,35200,,,,,,,
sadar,095,376,,मानापारा,अमसिन,ग्रामीण,2400,2600,3100,32900,29400,25900,64,51,45,44,64,29,
sadar,095,377,,माहताबबाग,अमानीगंज,नगरीय,12300,13500,14400,52200,48200,44100,,,,,,,
sadar,096,378,,मित्रसेनपुर,हवेली अवध,अधिसूचित,2300,2600,3300,35500,31800,27700,65,53,45,43,65,30,
sadar,096,379,,मियांगंज,राठ हवेली,नगरीय,8900,9800,10800,48000,44000,39900,,,,,,,
sadar,096,380,,मिर्जापुर माफी,हवेली अवध,अर्द्धनगरीय,4600,5400,5900,40200,36200,32100,80,68,61,60,80,38,
sadar,096,381,,मिर्जापुर शमसुद्दीनपुर,हवेली अवध,अर्द्धनगरीय,4500,5300,5800,40200,36200,32100,79,67,60,58,79,37,
sadar,096,382,,मिश्राना,वासूपुर सिरसा उर्फ जयसिंहपुर,नगरीय,8800,9700,10800,43100,39100,35000,,,,,,,
sadar,096,383,,मीरापुर डेराबीबी,हवेली अवध,नगरीय,8600,9500,10500,43300,39300,35200,248,205,184,181,248,112,
sadar,096,384,,मीरापुर द्वाबा उपरहार,हवेली अवध,नगरीय,8600,9500,10500,43100,39100,35000,248,205,184,181,248,112,
sadar,096,385,,मीरापुर द्वाबा मांझा,हवेली अवध,नगरीय,8600,9500,10500,42900,38900,34800,241,198,176,172,241,109,
sadar,096,386,,मीरापुर बुलन्दी,अवध खास,नगरीय,8600,9500,10500,43300,39300,35200,248,205,184,181,248,112,
sadar,096,387,,मुकेरी टोला,अंगूरीबाग,नगरीय,12200,14900,15800,52800,48800,44700,,,,,,,
sadar,096,388,,मुखर्जी हाट,चौक,नगरीय,24400,29600,34000,79500,75500,71400,,,,,,,
sadar,096,389,,मुगलपुरा,अवध खास,नगरीय,8700,9600,10500,43300,39300,35200,,,,,,,
sadar,096,390,,मुगलपुरा,हैदरगंज,नगरीय,11200,12900,14400,52200,48200,44100,,,,,,,
sadar,096,391,,मुराई टोला (कोटरामचन्दर),कोट राम चन्दर,नगरीय,8500,9400,10500,43300,39300,35200,,,,,,,
sadar,096,392,,मुराई टोला (हैदरगंज),हैदरगंज,नगरीय,11200,12900,14400,52200,48200,44100,,,,,,,
sadar,096,393,,मुरावन टोला,रामनगर,नगरीय,11200,13500,14400,52200,48200,44100,,,,,,,
sadar,096,394,,मेदनीपुर,अमसिन,ग्रामीण,2100,2400,3000,32900,29400,25900,60,49,41,40,60,28,
sadar,096,395,,मैनपुर,अमसिन,ग्रामीण,2100,2400,3000,32900,29400,25900,60,49,41,40,60,28,
sadar,096,396,,मोची टोला,बेगमगंज गढ़ैया,नगरीय,8800,9700,10800,46700,42700,38600,,,,,,,
sadar,096,397,,मोती मस्जिद,मोती बाग,नगरीय,14000,15400,18400,57600,53600,49500,,,,,,,
sadar,096,398,,मोतीबाग,मोती बाग,नगरीय,17800,25000,27000,80500,76500,72400,,,,,,,
sadar,096,399,,मोदरा,हवेली अवध,अधिसूचित,2300,2600,3300,35500,31800,27700,65,53,45,43,65,30,
sadar,096,400,,मोदहा सरपतिया,सिविल लाइन,नगरीय,14000,17000,18400,57600,53600,49500,,,,,,,
sadar,096,401,,मोहतरिम नगर उपरहार,हवेली अवध,अर्द्धनगरीय,4400,4800,5600,40000,36000,31900,165,131,120,117,165,73,
sadar,096,402,,मोहतरिम नगर मांझा,हवेली अवध,अधिसूचित,2000,2300,2800,35500,31800,27700,57,46,41,39,57,26,
sadar,096,403,,मोहत्सिम पुर,हवेली अवध,अधिसूचित,2600,2800,3400,35500,31800,27700,69,55,49,47,69,31,
sadar,096,404,,मोहम्मदपुर कस्बा,अमसिन,ग्रामीण,2300,2600,3000,32900,29400,25900,60,49,41,40,60,28,
sadar,096,405,,मोहम्मद पनाह का हाता,बेगमगंज गढ़ैया,नगरीय,8800,9700,10800,46700,42700,38600,,,,,,,
sadar,096,406,,मोहर्रमपुर आरती,अमसिन,अधिसूचित,2200,2500,2800,34900,31200,27100,31,24,23,22,31,15,ward अमसिन but category अधिसूचित (as printed)
sadar,097,407,,रकौरा,अमसिन,ग्रामीण,1900,2100,2600,32900,29400,25900,53,43,38,36,53,24,
sadar,097,408,,रघुनाथपुर,अमसिन,ग्रामीण,2100,2400,3000,32900,29400,25900,60,49,41,40,60,28,
sadar,097,409,,रजपलिया,अमसिन,ग्रामीण,2100,2400,3000,32900,29400,25900,60,49,41,40,60,28,
sadar,097,410,,रतनपुर,अमसिन,ग्रामीण,2100,2400,3000,32900,29400,25900,60,49,41,40,60,28,
sadar,097,411,,रमना,हैदरगंज,नगरीय,9000,9900,10700,46700,42700,38600,267,218,191,188,267,121,
sadar,097,412,,रमना आ0योजना(वि0प्रा),हैदरगंज,नगरीय,9700,10200,10400,46700,42700,38600,,,,,,,
sadar,097,413,,रसड़ा,हवेली अवध,अधिसूचित,2300,2600,3300,35500,31800,27700,65,53,45,43,65,30,
sadar,097,414,,रसूलपुर प्रथम,अमसिन,ग्रामीण,2100,2400,3000,32900,29400,25900,60,49,41,40,60,28,
sadar,097,415,,रसूलाबाद,अमसिन,ग्रामीण,2800,3000,3500,33600,30100,26600,73,61,55,54,73,34,
sadar,097,416,,रहीमपुर दुगवा,अमसिन,ग्रामीण,2100,2400,3000,32900,29400,25900,60,49,41,40,60,28,
sadar,097,417,,राजघाट,अवध खास,नगरीय,8500,9400,10500,42500,38500,34400,,,,,,,
sadar,097,418,,राजघाट वि0 प्राधि0 आवासीय योजना,अवध खास,नगरीय,8600,9500,10500,43300,39300,35200,,,,,,,
sadar,097,419,,राजागली,चौक,नगरीय,27900,31400,34000,79500,75500,71400,,,,,,,
sadar,097,420,,राजापुर,अमसिन,ग्रामीण,2100,2400,3000,32900,29400,25900,60,49,41,40,60,28,
sadar,097,421,,राजेपुर उपरहार,हवेली अवध,अधिसूचित,3800,4400,4700,38100,34400,30300,103,85,77,76,103,47,
sadar,097,422,,राजेपुर माझा,हवेली अवध,अधिसूचित,3800,4400,4700,34000,30500,27000,59,46,43,41,59,28,
sadar,097,423,,राठ हवेली,राठ हवेली,नगरीय,11200,12600,13300,50700,46700,42600,,,,,,,
sadar,097,424,,रानी बाजार,बरहटा उपरहार,नगरीय,8800,9700,10800,44800,40800,36700,,,,,,,
sadar,097,425,,रानोपाली ANP,हवेली अवध,नगरीय,9700,10400,11400,48000,44000,39900,354,295,260,255,354,159,
sadar,097,426,,रानोपाली BNP,हवेली अवध,अर्द्धनगरीय,8200,9000,9900,46700,42700,38600,328,268,243,238,328,149,
sadar,097,427,,राम नगर,रामनगर,नगरीय,12600,13700,14400,52200,48200,44100,,,,,,,
sadar,097,428,,राम नगर छावनी,रेलवे कालोनी,नगरीय,12600,13900,14700,52600,48600,44500,,,,,,,
sadar,097,429,,रामकोट,कोट राम चन्दर,नगरीय,8400,9200,10000,43300,39300,35200,,,,,,,
sadar,097,430,,रामघाट,बरहटा उपरहार,नगरीय,8900,9800,10800,44800,40800,36700,,,,,,,
sadar,097,431,,रामदत्तपुर अटरांवा,हवेली अवध,अर्द्धनगरीय,4200,4500,4800,36800,32800,28700,60,49,41,40,60,28,
sadar,097,432,,रामनगरमिश्रौली बाहर,अमसिन,ग्रामीण,3800,4400,4700,35700,32200,28700,101,84,78,75,101,46,
sadar,097,433,,रामनगरमिश्रौलीANP,अमसिन,अर्द्धनगरीय,7700,8500,9300,48200,44200,40100,235,194,172,169,235,107,
sadar,097,434,,रामपुर पुवारी उपरहार,अमसिन,ग्रामीण,2100,2400,3000,32900,29400,25900,60,49,41,40,60,28,
sadar,097,435,,रामपुर पुवारी मांझा,अमसिन,ग्रामीण,2100,2400,2600,32300,28800,25300,29,23,21,20,29,14,
sadar,098,436,,रामपुर बुजुर्ग,अमसिन,ग्रामीण,2100,2400,3000,32900,29400,25900,60,49,41,40,60,28,
sadar,098,437,,रामपुर बैहारी,अमसिन,ग्रामीण,2100,2400,3000,32900,29400,25900,60,49,41,40,60,28,
sadar,098,438,,रामपुर मया,अमसिन,ग्रामीण,3800,4400,4700,36100,32600,29100,109,90,83,79,109,50,
sadar,098,439,,रामपुर सरधा,हवेली अवध,अधिसूचित,2800,3300,3800,36300,32600,28500,78,66,59,58,78,36,
sadar,098,440,,रामपुर हलवारा उपरहा,हवेली अवध,अधिसूचित,3800,4400,4700,36300,32600,28500,75,64,57,56,75,35,
sadar,098,441,,रामपुर हलवारा मांझा,हवेली अवध,अधिसूचित,3800,4400,4700,33000,29500,26000,60,50,45,43,60,30,
sadar,098,442,,रामपैडी,अवध खास,नगरीय,8700,9600,10500,43300,39300,35200,,,,,,,
sadar,098,443,,रामापुर,अमसिन,ग्रामीण,2600,3000,3500,33600,30100,26600,73,61,55,54,73,34,
sadar,098,444,,रायगंज,बरहटा उपरहार,नगरीय,8800,9700,10800,44800,40800,36700,,,,,,,
sadar,098,445,,रिकाबगंज,रिकाबगंज,नगरीय,21300,31900,37800,83700,79700,75600,,,,,,,
sadar,098,446,,रिफ्यूजी मार्केट,चौक,नगरीय,27900,31400,37100,83700,79700,75600,,,,,,,
sadar,098,447,,रीडगंज,साहबगंज,नगरीय,12600,14400,15400,53600,49600,45500,,,,,,,
sadar,098,448,,रुदौलिया,अमसिन,ग्रामीण,2100,2400,3000,32900,29400,25900,60,49,41,40,60,28,
sadar,098,449,,रुहियावां,अमसिन,ग्रामीण,2800,3000,3500,33600,30100,26600,73,61,55,54,73,34,
sadar,098,450,,रेतिया मुहल्ला,रेतिया,नगरीय,8800,9700,10800,44800,40800,36700,,,,,,,
sadar,098,451,,रेवरी,अमसिन,ग्रामीण,1900,2400,3000,32900,29400,25900,60,49,41,40,60,28,
sadar,098,452,,रेहड़ी,अमसिन,ग्रामीण,2100,2400,3000,32900,29400,25900,60,49,41,40,60,28,
sadar,098,453,,रोशननगर,अमसिन,ग्रामीण,3300,3600,4400,35300,31800,28300,95,79,71,70,95,44,
sadar,098,454,,रोहिणी आ0योजना(वि0प्रा0),बरहटा मांझा,नगरीय,11500,13600,14200,51500,47500,43400,,,,,,,
sadar,098,455,,रौवा लोहंगपुर,अमसिन,ग्रामीण,2100,2400,3000,32900,29400,25900,60,49,41,40,60,28,
sadar,098,456,,लक्ष्मणघाट,अवध खास,नगरीय,8500,9400,10500,42900,38900,34800,,,,,,,
sadar,098,457,,लक्ष्मणपुरी कालोनी,अमानीगंज,नगरीय,12600,13700,14400,52200,48200,44100,,,,,,,
sadar,098,458,,लक्ष्मीदास पुर,हवेली अवध,अधिसूचित,2300,2600,3300,35500,31800,27700,65,53,45,43,65,30,
sadar,098,459,,लवकुश नगर,बरहटा मांझा,नगरीय,8600,9500,10500,43300,39300,35200,,,,,,,
sadar,098,460,,लालकुर्ती बाजार,छावनी परिषद,नगरीय,8900,9800,10800,46700,42700,38600,,,,,,,
sadar,098,461,,लालपुर उपरहार,अमसिन,ग्रामीण,2100,2400,3000,32900,29400,25900,60,49,41,40,60,28,
sadar,098,462,,लालपुर मांझा,अमसिन,ग्रामीण,1800,2000,2300,32300,28800,25300,25,20,19,18,25,13,
sadar,098,463,,लालबाग,लालबाग,नगरीय,12900,15700,17000,55300,51300,47200,,,,,,,
sadar,098,464,,लालबाग नई कालानी,लालबाग,नगरीय,12600,14700,15800,54300,50300,46200,,,,,,,
sadar,099,465,,लोनिया टोला,साहबगंज,नगरीय,8900,9800,10800,47300,43300,39200,,,,,,,
sadar,099,466,,लोहिया बाजार,चौक,नगरीय,27900,31400,37100,83700,79700,75600,,,,,,,
sadar,099,467,,वजीरगंज,वजीरगंज,नगरीय,10700,11600,12500,49200,45200,41100,,,,,,,
sadar,099,468,,वजीरगंज जप्ती,वजीरगंज,नगरीय,10500,11400,12300,49200,45200,41100,,,,,,,
sadar,099,469,,वर्मा कालोनी,बाग विजैसी,नगरीय,8600,9500,10500,43300,39300,35200,,,,,,,
sadar,099,470,,वशिष्ठकुण्ड,अवध खास,नगरीय,8600,9500,10500,43300,39300,35200,,,,,,,
sadar,099,471,,वाजपेयी पुरम्,बाग फरहद बक्श,नगरीय,8600,9500,10500,43300,39300,35200,,,,,,,
sadar,099,472,,वासुदेव घाट,मीरापुर द्वाबा मांझा,नगरीय,8600,9500,10500,43100,39100,35000,,,,,,,
sadar,099,473,,वाहन पार्किंग व्या0योजना(वि0प्रा),अवध खास,नगरीय,13600,13900,14400,52200,48200,44100,,,,,,,
sadar,099,474,,विद्याकुण्ड,वासूपुर सिरसा उर्फ जयसिंहपुर,नगरीय,8600,9500,10500,43300,39300,35200,,,,,,,
sadar,099,475,,विभीषण कुण्ड,अवध खास,नगरीय,8600,9500,10500,43300,39300,35200,,,,,,,
sadar,099,476,,वेरासपुर,अमसिन,ग्रामीण,2100,2400,3000,32900,29400,25900,60,49,41,40,60,28,
sadar,099,477,,वैदेही नगर कालोनी,साहबगंज,नगरीय,12900,14700,15300,53000,49000,44900,,,,,,,
sadar,099,478,,वैभव काप्प्लेक्स व्या0योजना(वि0प्रा),सिविल लाइन,नगरीय,72800,73100,78700,141400,137400,133300,,,,,,,
sadar,099,479,,शंकरगढ,रानोपाली,अर्द्धनगरीय,7000,7700,8500,44000,40000,35900,151,120,110,108,151,68,
sadar,099,480,,शक्ति नगर कालोनी,देवकाली,नगरीय,12600,13900,14700,52600,48600,44500,,,,,,,
sadar,099,481,,शक्ति बिहार कालोनी,नियावां,नगरीय,11400,13300,13900,51500,47500,43400,,,,,,,
sadar,099,482,,शान्तीपुर,हवेली अवध,अधिसूचित,2600,2800,3400,35500,31800,27700,69,55,49,47,69,31,
sadar,099,483,,शास्त्री नगर,मीरापुर डेरा बीबी,नगरीय,8600,9500,10500,43300,39300,35200,,,,,,,
sadar,099,484,,शाहजंहापुर,हवेली अवध,अर्द्धनगरीय,8200,9000,9900,47800,43800,39700,322,262,238,233,322,146,
sadar,099,485,,शाहनेवाजपुरउपरहार,हवेली अवध,अर्द्धनगरीय,6500,7100,7400,41900,37900,33800,221,181,162,159,221,98,
sadar,099,486,,शाहनेवाजपुरमांझा,हवेली अवध,अर्द्धनगरीय,6000,6600,7200,41500,37500,33400,221,180,162,158,221,98,
sadar,099,487,,शिवदासपुर,हवेली अवध,अर्द्धनगरीय,4400,4800,5300,39600,35600,31500,72,58,52,51,72,31,
sadar,099,488,,शेरजंग बाजार,अवध खास,नगरीय,8400,9200,10000,43300,39300,35200,,,,,,,
sadar,099,489,,शेरवा उपरहार,अमसिन,ग्रामीण,2100,2400,3000,32900,29400,25900,60,49,41,40,60,28,
sadar,099,490,,शेरवा मांझा,अमसिन,ग्रामीण,1800,2000,2300,32300,28800,25300,25,20,19,18,25,13,
sadar,099,491,,शोलापुरी,अमानीगंज,नगरीय,10400,10700,11100,47300,43300,39200,,,,,,,
sadar,099,492,,श्यामा सदन,बहादुरगंज,नगरीय,8600,9500,10500,43300,39300,35200,,,,,,,
sadar,099,493,,श्रृंगार हाट,बरहटा उपरहार,नगरीय,8800,9700,10800,44800,40800,36700,,,,,,,
sadar,100,494,,सआदत अली की छावनी,रामनगर,नगरीय,11200,12900,14400,52200,48200,44100,,,,,,,
sadar,100,495,,सदर बाजार,छावनी परिषद,नगरीय,8600,9500,10500,44400,40400,36300,,,,,,,
sadar,100,496,,सनेथू,हवेली अवध,अधिसूचित,2600,2800,3400,35500,31800,27700,69,55,49,47,69,31,
sadar,100,497,,सप्त सागर,देवकाली,नगरीय,12200,13300,14200,50700,46700,42600,,,,,,,
sadar,100,498,,सब्जी मण्डी चौक,चौक,नगरीय,27900,31400,37100,83700,79700,75600,,,,,,,
sadar,100,499,,समदा,अमसिन,ग्रामीण,3600,3900,4600,35300,31800,28300,101,84,78,75,101,46,
sadar,100,500,,समन्था,अमसिन,ग्रामीण,2100,2400,3000,32900,29400,25900,60,49,41,40,60,28,
sadar,100,501,,समाहा खुर्द,हवेली अवध,अधिसूचित,2300,2600,3300,35500,31800,27700,65,53,45,43,65,30,
sadar,100,502,,समाहाकला,हवेली अवध,अधिसूचित,2600,2800,3400,35500,31800,27700,69,55,49,47,69,31,
sadar,100,503,,समैसा,अमसिन,ग्रामीण,2100,2400,3000,32900,29400,25900,60,49,41,40,60,28,
sadar,100,504,,सरयू बिहार आ0योजना(वि0प्रा0),देवकाली,नगरीय,11600,12800,13600,50700,46700,42600,,,,,,,
sadar,100,505,,सरस्वतीपुरम कालोनी,जनौरा,नगरीय,9700,12000,13900,51500,47500,43400,,,,,,,
sadar,100,506,,सराय चैमल,हवेली अवध,अधिसूचित,2300,2600,3300,35500,31800,27700,65,53,45,43,65,30,
sadar,100,507,,सराय बैरीसाल,अमसिन,ग्रामीण,2400,2600,3100,32900,29400,25900,64,51,45,44,64,29,
sadar,100,508,,सराय यूनुस,कन्धारी बाजार,नगरीय,11400,14700,15800,54300,50300,46200,,,,,,,
sadar,100,509,,सराय सागर,अमसिन,ग्रामीण,2800,3000,3500,33600,30100,26600,73,61,55,54,73,34,
sadar,100,510,,सरायरासी उपरहार,हवेली अवध,अधिसूचित,4000,4500,4700,36300,32600,28500,78,66,59,58,78,36,
sadar,100,511,,सरायरासी मांझा,हवेली अवध,अधिसूचित,3800,4400,4700,33000,29500,26000,60,50,45,43,60,30,
sadar,100,512,,सरेठी,हवेली अवध,अर्द्धनगरीय,4300,4600,4900,36000,32500,29000,84,71,64,63,84,40,
sadar,100,513,,सरैया,अमसिन,ग्रामीण,2400,2600,3100,32900,29400,25900,64,51,45,44,64,29,
sadar,100,514,,सरैया रेवरी,अमसिन,ग्रामीण,2100,2400,3000,32900,29400,25900,53,43,38,36,53,24,
sadar,100,515,,सलारपुर,सहादतगंज,नगरीय,9100,10200,10400,46700,42700,38600,263,213,188,184,263,119,
sadar,100,516,,सहनवां,हवेली अवध,अर्द्धनगरीय,4800,5400,7200,41900,37900,33800,262,212,191,188,262,118,
sadar,100,517,,सहादतगंज,सहादतगंज,नगरीय,10500,11500,12300,49200,45200,41100,,,,,,,
sadar,100,518,,साकेतपुरी व्यावसायिक योजना वि0प्रा0,देवकाली,नगरीय,23400,24900,28000,68000,64500,61000,,,,,,,
sadar,100,519,,साकेतपुरी आवासीय योजना वि0प्रा0,देवकाली,नगरीय,11300,12300,12600,46000,42500,39000,,,,,,,
sadar,100,520,,सारंगपुर,अमसिन,ग्रामीण,2100,2400,3000,32900,29400,25900,60,49,41,40,60,28,
sadar,100,521,,साहबगंज,साहबगंज,नगरीय,11200,13600,14700,52600,48600,44500,,,,,,,
sadar,100,522,,सिरसिण्डा,हवेली अवध,अधिसूचित,2300,2600,3300,35500,31800,27700,65,53,45,43,65,30,
sadar,101,523,,सिलौनी,अमसिन,ग्रामीण,2100,2400,3000,32900,29400,25900,60,49,41,40,60,28,
sadar,101,524,,सिविल लाइन्स,सिविल लाइन,नगरीय,20200,25000,26000,75700,71700,67600,,,,,,,
sadar,101,525,,सीता कुण्ड,वासूपुर सिरसा उर्फ जयसिंहपुर,नगरीय,8300,9100,10000,42900,38900,34800,,,,,,,
sadar,101,526,,सुक्खापुर इटौरा,हवेली अवध,अर्द्धनगरीय,4200,4500,4800,36800,32800,28700,69,56,47,46,69,31,
sadar,101,527,,सुतहटी,अवध खास,नगरीय,8700,9600,10500,43300,39300,35200,,,,,,,
sadar,101,528,,सुबटहा,अमसिन,ग्रामीण,2100,2400,3000,32900,29400,25900,60,49,41,40,60,28,
sadar,101,529,,सुबहटी,कोट राम चन्दर,नगरीय,8300,9100,10000,43300,39300,35200,,,,,,,
sadar,101,530,,सुभाष नगर,मोती बाग,नगरीय,17800,25000,28000,83700,79700,75600,,,,,,,
sadar,101,531,,सुरसरि कालोनी,पुलिस लाइन,नगरीय,14000,17400,19200,58900,54900,50800,,,,,,,
sadar,101,532,,सुल्तानपुरबछड़ा ANP,हवेली अवध,नगरीय,12200,13300,14200,50700,46700,42600,464,386,341,332,464,208,
sadar,101,533,,सुल्तानपुरबछड़ा BNP.,हवेली अवध,अर्द्धनगरीय,8200,9000,9900,47800,43800,39700,322,262,238,233,322,146,
sadar,101,534,,सैयदबाडा,कोट राम चन्दर,नगरीय,8500,9400,10500,43300,39300,35200,,,,,,,
sadar,101,535,,सोनखरकुण्ड,बरहटा उपरहार,नगरीय,8800,9700,10800,44800,40800,36700,,,,,,,
sadar,101,536,,सोनौरा,अमसिन,ग्रामीण,2100,2400,3000,32900,29400,25900,60,49,41,40,60,28,
sadar,101,537,,स्टेट बैंक कालोनी,देवकाली,नगरीय,11400,12600,13300,50700,46700,42600,,,,,,,
sadar,101,538,,स्फटिक शिला,मीरापुर द्वाबा मांझा,नगरीय,8600,9500,10500,44000,40000,35900,,,,,,,
sadar,101,539,,स्वर्ग द्वार,अवध खास,नगरीय,8600,9500,10500,43300,39300,35200,,,,,,,
sadar,101,540,,हनुमान कुण्ड,बरहटा उपरहार,नगरीय,8800,9700,10800,44800,40800,36700,,,,,,,
sadar,101,541,,हनुमानगढी,अवध खास,नगरीय,8700,9600,10500,43300,39300,35200,,,,,,,
sadar,101,542,,हमदानी कोठी,साहबगंज,नगरीय,11400,12600,13500,50900,46900,42800,,,,,,,
sadar,101,543,,हरदी,अमसिन,ग्रामीण,2100,2400,3000,32900,29400,25900,60,49,41,40,60,28,
sadar,101,544,,हरद्वारी बाजार,बरहटा उपरहार,नगरीय,8800,9700,10800,44800,40800,36700,,,,,,,
sadar,101,545,,हसनू कटरा,रेतिया,नगरीय,11500,15000,15700,53600,49600,45500,,,,,,,
sadar,101,546,,हाता खुशरू बेग,लालबाग,नगरीय,8900,9800,10800,47800,43800,39700,,,,,,,
sadar,101,547,,हाता बसंतअली,झारखण्डी,नगरीय,11400,12600,14400,52200,48200,44100,,,,,,,
sadar,101,548,,हांसापुर,हवेली अवध,अर्द्धनगरीय,6300,6800,7600,42500,38500,34400,262,212,191,188,262,118,
sadar,101,549,,हैदरगंज,हैदरगंज,नगरीय,8900,9800,10800,46700,42700,38600,,,,,,,
sadar,101,550,,हैदरपुर,अमसिन,ग्रामीण,2100,2400,3000,32900,29400,25900,60,49,41,40,60,28,
sadar,101,551,,हैबतपुर,हवेली अवध,अर्द्धनगरीय,5600,6200,6500,41000,37000,32900,212,172,154,151,212,94,
sadar,102,552,,हैंसा,अमसिन,अधिसूचित,3000,3300,3800,36300,32600,28500,78,66,59,58,78,36,ward अमसिन but category अधिसूचित (as printed)
sadar,102,553,,हौसिला नगर कालोनी,सिविल लाइन,नगरीय,12900,14000,14700,52200,48200,44100,,,,,,,
sadar,102,554,,ज्ञानापुर,अमसिन,ग्रामीण,2800,3000,3500,33600,30100,26600,73,61,55,54,73,34,
