sro,sro_name,effective_date,serial,village_hi,nh,district,link,abadi,roads,notes
bkt,Bakshi Ka Talab,01-08-2025,1,अरम्बा,0,0,113,45,,
bkt,Bakshi Ka Talab,01-08-2025,2,अचरामऊ,0,0,180,39,,
bkt,Bakshi Ka Talab,01-08-2025,3,अल्दमपुर,0,0,168,27,,
bkt,Bakshi Ka Talab,01-08-2025,4,अधार खेडा,0,0,50,0,,remark: abadi cell text: ग्राम के लगभग समस्त गाटो के आस-पास आबादी विकसित है। वर्तमान मे ग्राम नगर निगम सीमा के अन्तर्गत आता है।
bkt,Bakshi Ka Talab,01-08-2025,5,अर्जुनपुर,29,0,47,36,,
bkt,Bakshi Ka Talab,01-08-2025,6,अजनहर कला,0,0,27,0,,remark: abadi cell text: ग्राम के लगभग समस्त गाटो के आस-पास आबादी विकसित है। वर्तमान मे ग्राम नगर निगम सीमा के अन्तर्गत आता है।
bkt,Bakshi Ka Talab,01-08-2025,7,अहमदपुर खेड़ा,0,0,22,18,,
bkt,Bakshi Ka Talab,01-08-2025,8,असनहा,0,0,25,26,,
bkt,Bakshi Ka Talab,01-08-2025,9,अस्ती,48,0,93,14,,
bkt,Bakshi Ka Talab,01-08-2025,10,अटेसुवा,0,0,30,38,,
bkt,Bakshi Ka Talab,01-08-2025,11,अकबरपुर,0,0,22,10,,
bkt,Bakshi Ka Talab,01-08-2025,12,अतरौरा,0,0,117,76,,
bkt,Bakshi Ka Talab,01-08-2025,13,इन्दारा,0,0,136,53,,
bkt,Bakshi Ka Talab,01-08-2025,14,इटौंजा,0,0,85,96,,
bkt,Bakshi Ka Talab,01-08-2025,15,उमरभारी,0,0,45,15,,
bkt,Bakshi Ka Talab,01-08-2025,16,उमरिया,0,0,18,33,,
bkt,Bakshi Ka Talab,01-08-2025,17,उसरना,0,0,85,77,,
bkt,Bakshi Ka Talab,01-08-2025,18,उनई,0,0,74,15,,
bkt,Bakshi Ka Talab,01-08-2025,19,कुम्हरावॉ,0,0,242,90,,
bkt,Bakshi Ka Talab,01-08-2025,20,कुंवरपुर,0,0,57,6,,
bkt,Bakshi Ka Talab,01-08-2025,21,कुनौरा,0,0,84,47,,
bkt,Bakshi Ka Talab,01-08-2025,22,केसरमऊ खुर्द,0,0,12,26,,
bkt,Bakshi Ka Talab,01-08-2025,23,केसरमऊ कला,0,0,96,39,,
bkt,Bakshi Ka Talab,01-08-2025,24,कपासी,0,0,25,21,,
bkt,Bakshi Ka Talab,01-08-2025,25,कमलापुर,0,0,73,8,,
bkt,Bakshi Ka Talab,01-08-2025,26,कमलाबाद बढौली,40,0,82,0,,cell text (no numbers): ग्राम के लगभग समस्त गाटो के आस-पास आबादी विकसित है। | cell text (no numbers): वर्तमान मे ग्राम नगर पंचायत बी0के0टी0 सीमा के अन्तर्गत आता है।
bkt,Bakshi Ka Talab,01-08-2025,27,कमलाबाद,0,0,5,4,,
bkt,Bakshi Ka Talab,01-08-2025,28,कमालपुर सिरसा,36,0,72,70,,
bkt,Bakshi Ka Talab,01-08-2025,29,कमालपुर कायस्थ,0,0,24,19,,
bkt,Bakshi Ka Talab,01-08-2025,30,करसन्डा,0,0,38,15,,
bkt,Bakshi Ka Talab,01-08-2025,31,करौंदी,53,0,113,30,,
bkt,Bakshi Ka Talab,01-08-2025,32,करीमनगर,0,0,71,40,,
bkt,Bakshi Ka Talab,01-08-2025,33,काजीहार,0,49,0,17,,
bkt,Bakshi Ka Talab,01-08-2025,34,कोड़री भौली,0,0,19,19,,
bkt,Bakshi Ka Talab,01-08-2025,35,कौड़ियामऊ,0,0,37,49,,
bkt,Bakshi Ka Talab,01-08-2025,36,कठवारा,0,137,62,85,,
bkt,Bakshi Ka Talab,01-08-2025,37,किशुनपुर,0,0,71,16,,
bkt,Bakshi Ka Talab,01-08-2025,38,खरगपुर जागीर,0,0,25,0,,cell text (no numbers): ग्राम के लगभग समस्त गाटो के आस-पास आबादी विकसित है। वर्तमान मे ग्राम नगर निगम सीमा के अन्तर्गत आता है।
bkt,Bakshi Ka Talab,01-08-2025,39,खजुरी,0,0,66,48,,
bkt,Bakshi Ka Talab,01-08-2025,40,खसरावाँ,0,0,48,10,,
bkt,Bakshi Ka Talab,01-08-2025,41,खानपुर,0,0,23,10,,
bkt,Bakshi Ka Talab,01-08-2025,42,खटैय्या,0,0,67,17,,
bkt,Bakshi Ka Talab,01-08-2025,43,खन्तारी,0,0,14,31,,
bkt,Bakshi Ka Talab,01-08-2025,44,गोरवामऊ,23,0,0,35,,
bkt,Bakshi Ka Talab,01-08-2025,45,गोराही,0,0,25,21,,
bkt,Bakshi Ka Talab,01-08-2025,46,गोविन्दपुरी,0,13,0,26,,
bkt,Bakshi Ka Talab,01-08-2025,47,गोधना,0,0,162,14,,
bkt,Bakshi Ka Talab,01-08-2025,48,गोयला,0,0,229,0,,cell text (no numbers): ग्राम के लगभग समस्त गाटो के आस-पास आबादी विकसित है। वर्तमान मे ग्राम नगर निगम सीमा के अन्तर्गत आता है।
bkt,Bakshi Ka Talab,01-08-2025,49,गोहनाखुर्द,0,0,67,47,,
bkt,Bakshi Ka Talab,01-08-2025,50,गोहनाकलॉ,0,0,6,26,,
bkt,Bakshi Ka Talab,01-08-2025,51,गांगजोर,0,0,56,15,,
bkt,Bakshi Ka Talab,01-08-2025,52,गढ़ा,0,0,56,26,,
bkt,Bakshi Ka Talab,01-08-2025,53,गुलालपुर,0,0,36,24,,
bkt,Bakshi Ka Talab,01-08-2025,54,गुड्म्बा,39,0,34,0,,"abadi cell has text, no numbers: ग्राम के लगभग समस्त गाटो के आस- पास आबादी विकसित है। वर्तमान मे ग्राम नगर निगम सीमा के अन्तर्गत आता है।"
bkt,Bakshi Ka Talab,01-08-2025,55,चन्दनापुर,0,0,72,46,,
bkt,Bakshi Ka Talab,01-08-2025,56,चन्दाकोडर,38,76,36,30,,
bkt,Bakshi Ka Talab,01-08-2025,57,चौगवां,0,0,166,110,,
bkt,Bakshi Ka Talab,01-08-2025,58,चॉदपुर खानीपुर,33,0,135,56,,
bkt,Bakshi Ka Talab,01-08-2025,59,चकपृथ्वीपुर,0,0,6,29,,
bkt,Bakshi Ka Talab,01-08-2025,60,चकबनकट,0,0,14,27,,
bkt,Bakshi Ka Talab,01-08-2025,61,चकबीबीपुर,0,0,14,11,,
bkt,Bakshi Ka Talab,01-08-2025,62,चकगंजा गिरि,0,0,136,11,,
bkt,Bakshi Ka Talab,01-08-2025,63,जमखनवां,0,0,35,38,,
bkt,Bakshi Ka Talab,01-08-2025,64,जलालपुर,0,0,94,39,,
bkt,Bakshi Ka Talab,01-08-2025,65,टिकरी,0,34,138,30,,
bkt,Bakshi Ka Talab,01-08-2025,66,टिकारी,14,0,38,20,,
bkt,Bakshi Ka Talab,01-08-2025,67,डेरवा,0,0,17,19,,
bkt,Bakshi Ka Talab,01-08-2025,68,डींगुरपुर,0,0,25,27,,
bkt,Bakshi Ka Talab,01-08-2025,69,ढिलवासी,0,0,65,42,,
bkt,Bakshi Ka Talab,01-08-2025,70,तरहिया,0,0,86,74,,
bkt,Bakshi Ka Talab,01-08-2025,71,तारनपुर,0,0,44,15,,
bkt,Bakshi Ka Talab,01-08-2025,72,तिवारीपुर,0,0,46,0,,note (no khasra listed): ग्राम के लगभग समस्त गाटो के आस-पास आबादी विकसित है। वर्तमान मे ग्राम नगर निगम सीमा के अन्तर्गत आता है। सम्पूर्ण ग्राम में (text ends here)
bkt,Bakshi Ka Talab,01-08-2025,73,दुघरा,0,0,66,35,,
bkt,Bakshi Ka Talab,01-08-2025,74,दुर्जनपुर,35,0,33,12,,
bkt,Bakshi Ka Talab,01-08-2025,75,दुग्गौर,77,0,77,22,,
bkt,Bakshi Ka Talab,01-08-2025,76,देवरई कला,23,19,21,50,,
bkt,Bakshi Ka Talab,01-08-2025,77,देवरी रूखारा,18,0,38,111,,
bkt,Bakshi Ka Talab,01-08-2025,78,दरौना,0,0,18,13,,
bkt,Bakshi Ka Talab,01-08-2025,79,दरियापुर,0,0,38,25,,
bkt,Bakshi Ka Talab,01-08-2025,80,दसौली,21,0,36,0,,note (no khasra listed): ग्राम के लगभग समस्त गाटो के आस-पास आबादी विकसित है। (continues p36) | note (no khasra listed): वर्तमान मे ग्राम नगर निगम सीमा के अन्तर्गत आता है।
bkt,Bakshi Ka Talab,01-08-2025,81,दौलतपुर,0,0,11,45,,
bkt,Bakshi Ka Talab,01-08-2025,82,दिगोई,36,0,19,75,,
bkt,Bakshi Ka Talab,01-08-2025,83,दिनकरपुर झलौवा,0,0,20,10,,
bkt,Bakshi Ka Talab,01-08-2025,84,धिनोहरी,0,0,45,20,,
bkt,Bakshi Ka Talab,01-08-2025,85,धतिंगरा,0,0,19,18,,
bkt,Bakshi Ka Talab,01-08-2025,86,धोबैला,0,0,55,29,,
bkt,Bakshi Ka Talab,01-08-2025,87,नरहरपुर,0,0,49,0,,note (no khasra listed): ग्राम के लगभग समस्त गाटो के आस-पास आबादी विकसित है। वर्तमान मे ग्राम नगर निगम सीमा के अन्तर्गत आता है।
bkt,Bakshi Ka Talab,01-08-2025,88,नरायनपुर,0,0,85,6,,
bkt,Bakshi Ka Talab,01-08-2025,89,नरायनहार,0,4,13,0,,
bkt,Bakshi Ka Talab,01-08-2025,90,नरोसा,0,0,9,20,,
bkt,Bakshi Ka Talab,01-08-2025,91,नवीकोट नन्दना,57,0,79,0,,note (no khasra listed): ग्राम के लगभग समस्त गाटो के आस-पास आबादी विकसित है। वर्तमान मे ग्राम नगर पंचायत बी0के0टी0 सीमा के अन्तर्गत आता है।
bkt,Bakshi Ka Talab,01-08-2025,92,नगवामऊ खुर्द,0,0,23,26,,
bkt,Bakshi Ka Talab,01-08-2025,93,नगवामऊ कला,42,0,49,47,,
bkt,Bakshi Ka Talab,01-08-2025,94,परसहिया,54,0,230,80,,
bkt,Bakshi Ka Talab,01-08-2025,95,परसऊ,0,0,22,75,,
bkt,Bakshi Ka Talab,01-08-2025,96,पल्हरी,0,0,77,36,,
bkt,Bakshi Ka Talab,01-08-2025,97,पलका,16,0,35,13,,
bkt,Bakshi Ka Talab,01-08-2025,98,पश्चिम गॉव,0,0,40,13,,
bkt,Bakshi Ka Talab,01-08-2025,99,पलिया,0,0,40,24,,
bkt,Bakshi Ka Talab,01-08-2025,100,पर्वतपुर,0,0,43,48,,
bkt,Bakshi Ka Talab,01-08-2025,101,पुरवा,46,0,77,8,,
bkt,Bakshi Ka Talab,01-08-2025,102,पूरबगांव,0,0,28,37,,
bkt,Bakshi Ka Talab,01-08-2025,103,पहाडपुर,0,0,121,60,,
bkt,Bakshi Ka Talab,01-08-2025,104,पृथ्वीपुर,0,0,23,2,,
bkt,Bakshi Ka Talab,01-08-2025,105,पैकरामऊ,50,0,74,72,,
bkt,Bakshi Ka Talab,01-08-2025,106,पारा,0,0,81,8,,
bkt,Bakshi Ka Talab,01-08-2025,107,पालपुर,0,0,42,35,,
bkt,Bakshi Ka Talab,01-08-2025,108,पोहपपुर,0,0,91,29,,
bkt,Bakshi Ka Talab,01-08-2025,109,पटटी,0,0,29,13,,
bkt,Bakshi Ka Talab,01-08-2025,110,पिपरी,0,0,26,28,,
bkt,Bakshi Ka Talab,01-08-2025,111,पिरथीनगर,0,0,60,29,,
bkt,Bakshi Ka Talab,01-08-2025,112,फर्रूखाबाद,0,0,44,13,,
bkt,Bakshi Ka Talab,01-08-2025,113,फतेहपुर खमराई,84,0,23,78,,
bkt,Bakshi Ka Talab,01-08-2025,114,बरगदी कला,0,0,72,50,,
bkt,Bakshi Ka Talab,01-08-2025,115,बरगदी मगठ,5,13,124,22,,
bkt,Bakshi Ka Talab,01-08-2025,116,बरखुरदारपुर,0,0,42,0,,text: ग्राम के लगभग समस्त गाटो के आस-पास आबादी विकसित है। वर्तमान मे ग्राम नगर निगम सीमा के अन्तर्गत आता है।
bkt,Bakshi Ka Talab,01-08-2025,117,बराखेमपुर,0,0,18,29,,
bkt,Bakshi Ka Talab,01-08-2025,118,बहादुरगंज,0,0,40,27,,
bkt,Bakshi Ka Talab,01-08-2025,119,बसहा,0,0,67,0,,text: ग्राम के लगभग समस्त गाटो के आस-पास आबादी विकसित है। (continues next page) | text (cont.): वर्तमान मे ग्राम नगर निगम सीमा के अन्तर्गत आता है।
bkt,Bakshi Ka Talab,01-08-2025,120,बेलवा,24,0,13,23,,
bkt,Bakshi Ka Talab,01-08-2025,121,बेहड़ करौन्दी,0,0,21,24,,
bkt,Bakshi Ka Talab,01-08-2025,122,बेहटा,0,0,93,27,,
bkt,Bakshi Ka Talab,01-08-2025,123,बाजपुर गंगौरा,0,0,50,26,,
bkt,Bakshi Ka Talab,01-08-2025,124,बाहरगॉव,66,0,61,51,,
bkt,Bakshi Ka Talab,01-08-2025,125,बगहा,0,0,134,63,,
bkt,Bakshi Ka Talab,01-08-2025,126,बौरूमऊ,41,0,259,58,,
bkt,Bakshi Ka Talab,01-08-2025,127,बनौर,0,0,73,52,,
bkt,Bakshi Ka Talab,01-08-2025,128,बनौगा,0,0,127,50,,
bkt,Bakshi Ka Talab,01-08-2025,129,बनगॉव,38,0,49,32,,
bkt,Bakshi Ka Talab,01-08-2025,130,बीबीपुर,0,0,38,36,,
bkt,Bakshi Ka Talab,01-08-2025,131,बीकामऊ खुर्द,0,0,25,17,,
bkt,Bakshi Ka Talab,01-08-2025,132,बीकामऊ कला,43,0,73,14,,
bkt,Bakshi Ka Talab,01-08-2025,133,भिठौली खुर्द,30,0,0,0,,cell reads '— लखनऊ विकास प्राधिकरण में अधिग्रहित भूमि' | text: ग्राम के लगभग समस्त गाटो के आस-पास आबादी विकसित है। वर्तमान मे ग्राम नगर निगम सीमा के अन्तर्गत (continues next page)
bkt,Bakshi Ka Talab,01-08-2025,134,भरगहना,0,0,90,9,,
bkt,Bakshi Ka Talab,01-08-2025,135,भड़सर,0,0,50,32,,
bkt,Bakshi Ka Talab,01-08-2025,136,भवानीपुर,9,0,55,46,,
bkt,Bakshi Ka Talab,01-08-2025,137,भेसी,0,0,37,10,,
bkt,Bakshi Ka Talab,01-08-2025,138,भैसामऊ,0,0,168,35,,
bkt,Bakshi Ka Talab,01-08-2025,139,भौली,0,0,296,63,,
bkt,Bakshi Ka Talab,01-08-2025,140,भगौतीपुर,0,0,58,8,,
bkt,Bakshi Ka Talab,01-08-2025,141,भाखामऊ,0,0,57,92,,
bkt,Bakshi Ka Talab,01-08-2025,142,भीखमपुर,0,0,52,19,,
bkt,Bakshi Ka Talab,01-08-2025,143,भटेसुवा,0,0,65,16,,
bkt,Bakshi Ka Talab,01-08-2025,144,भिखारीपुर,15,0,29,31,,
bkt,Bakshi Ka Talab,01-08-2025,145,मरपा,0,0,46,33,,
bkt,Bakshi Ka Talab,01-08-2025,146,मल्हीपुर,0,0,33,23,,
bkt,Bakshi Ka Talab,01-08-2025,147,मलूकपुर,0,0,233,41,,
bkt,Bakshi Ka Talab,01-08-2025,148,मड़ियांव,0,0,195,0,,"cell text: ""ग्राम के लगभग समस्त गाटो के आस-पास आबादी विकसित है। वर्तमान मे ग्राम नगर निगम सीमा के अन्तर्गत आता है।"""
bkt,Bakshi Ka Talab,01-08-2025,149,महिपतपुर,7,12,10,20,,
bkt,Bakshi Ka Talab,01-08-2025,150,महिगवॉ,0,0,113,47,,
bkt,Bakshi Ka Talab,01-08-2025,151,मदारीपुर,0,0,59,20,,
bkt,Bakshi Ka Talab,01-08-2025,152,मवई कलाँ,0,0,25,24,,
bkt,Bakshi Ka Talab,01-08-2025,153,मुबारकपुर,0,0,320,26,,
bkt,Bakshi Ka Talab,01-08-2025,154,मुहीउददीनपुर,11,0,0,0,,cell text: — लखनऊ विकास प्राधिकरण में अधिग्रहित भूमि | cell text: ग्राम के लगभग समस्त गाटो के आस- पास आबादी विकसित है। वर्तमान मे ग्राम नगर निगम सीमा के अन्तर्गत आता है।
bkt,Bakshi Ka Talab,01-08-2025,155,मुसपिपरी,0,0,76,27,,
bkt,Bakshi Ka Talab,01-08-2025,156,महोना,0,17,60,61,,
bkt,Bakshi Ka Talab,01-08-2025,157,मामपुर बाना,140,0,170,105,,
bkt,Bakshi Ka Talab,01-08-2025,158,मंडौली,21,0,104,50,,
bkt,Bakshi Ka Talab,01-08-2025,159,माधौपुर,17,0,126,21,,
bkt,Bakshi Ka Talab,01-08-2025,160,मोहम्मदपुर मजरा,0,0,195,0,,cell text: ग्राम के लगभग समस्त गाटो के आस- पास आबादी विकसित है। वर्तमान मे ग्राम नगर निगम सीमा के अन्तर्गत आता है।
bkt,Bakshi Ka Talab,01-08-2025,161,मोहम्मदपुर सरैया,0,0,43,34,,
bkt,Bakshi Ka Talab,01-08-2025,162,मोहम्मदपुर गढी,0,0,47,50,,
bkt,Bakshi Ka Talab,01-08-2025,163,मानपुर राजा,25,0,27,21,,
bkt,Bakshi Ka Talab,01-08-2025,164,मानपुरलाला,152,0,103,59,,
bkt,Bakshi Ka Talab,01-08-2025,165,मझोरिया,0,0,44,75,,
bkt,Bakshi Ka Talab,01-08-2025,166,मिश्रपुर,0,0,47,0,,cell text (continues on p62): ग्राम के लगभग समस्त गाटो के आस- पास आबादी विकसित है। वर्तमान मे ग्राम नगर ... | cell text: निगम सीमा के अन्तर्गत आता है।
bkt,Bakshi Ka Talab,01-08-2025,167,मिश्रीपुर,0,0,125,105,,
bkt,Bakshi Ka Talab,01-08-2025,168,मिर्जापुर,0,0,34,0,,cell text: ग्राम के लगभग समस्त गाटो के आस–पास आबादी विकसित है। | cell text: वर्तमान मे ग्राम नगर निगम सीमा के अन्तर्गत आता है।
bkt,Bakshi Ka Talab,01-08-2025,169,यकड़रिया कला,0,0,284,19,,
bkt,Bakshi Ka Talab,01-08-2025,170,रायपुर राजा,0,0,93,75,,
bkt,Bakshi Ka Talab,01-08-2025,171,रायपुर बाबू,0,0,94,12,,
bkt,Bakshi Ka Talab,01-08-2025,172,रामपुर निस्फ,0,0,38,0,,text: ग्राम के लगभग समस्त गाटो के आस-पास आबादी विकसित है। वर्तमान मे ग्राम नगर निगम सीमा के अन्तर्गत आता है।
bkt,Bakshi Ka Talab,01-08-2025,173,रामपुर देवरई,36,41,52,112,,
bkt,Bakshi Ka Talab,01-08-2025,174,रामपुर बेहड़ा,33,0,32,10,,
bkt,Bakshi Ka Talab,01-08-2025,175,राजापुर सलेमपुर,0,0,34,48,,
bkt,Bakshi Ka Talab,01-08-2025,176,राजापुर इन्दौरा,66,0,28,26,,
bkt,Bakshi Ka Talab,01-08-2025,177,राजपुर,33,0,41,12,,
bkt,Bakshi Ka Talab,01-08-2025,178,रसूलपुर सादात,0,0,27,0,,abadi cell text (no numbers): ग्राम के लगभग समस्त गाटो के आस-पास आबादी विकसित है। वर्तमान मे ग्राम नगर निगम सीमा के अन्तर्गत आता है।
bkt,Bakshi Ka Talab,01-08-2025,179,रसूलपुर कायस्थ,0,0,30,0,,abadi cell text (no numbers): ग्राम के लगभग समस्त गाटो के आस-पास आबादी विकसित है। वर्तमान मे ग्राम नगर निगम सीमा के अन्तर्गत आता है।
bkt,Bakshi Ka Talab,01-08-2025,180,रजौली,0,0,197,23,,
bkt,Bakshi Ka Talab,01-08-2025,181,रैथा,30,26,436,45,,
bkt,Bakshi Ka Talab,01-08-2025,182,रेवामऊ,0,0,6,9,,
bkt,Bakshi Ka Talab,01-08-2025,183,रूदही,10,0,63,171,,
bkt,Bakshi Ka Talab,01-08-2025,184,लोधौली,0,0,16,24,,
bkt,Bakshi Ka Talab,01-08-2025,185,लालपुर,0,0,15,15,,
bkt,Bakshi Ka Talab,01-08-2025,186,लक्ष्मीपुर,0,0,19,6,,
bkt,Bakshi Ka Talab,01-08-2025,187,सरैया,0,0,148,15,,
bkt,Bakshi Ka Talab,01-08-2025,188,सरसवा,0,0,22,25,,
bkt,Bakshi Ka Talab,01-08-2025,189,सादामऊ,0,0,8,20,,
bkt,Bakshi Ka Talab,01-08-2025,190,सराय उसरना,0,0,6,21,,
bkt,Bakshi Ka Talab,01-08-2025,191,सरायदामू,0,0,28,36,,
bkt,Bakshi Ka Talab,01-08-2025,192,सैरपुर,0,0,66,13,,
bkt,Bakshi Ka Talab,01-08-2025,193,सैदापुर,0,0,69,13,,
bkt,Bakshi Ka Talab,01-08-2025,194,सरावॉं,0,0,34,21,,
bkt,Bakshi Ka Talab,01-08-2025,195,सैदपुर जागीर,0,0,61,0,,abadi cell text (no numbers): ग्राम के लगभग समस्त गाटो के आस-पास आबादी विकसित है। वर्तमान मे ग्राम नगर निगम सीमा के अन्तर्गत ... (continues on p94) | cell text only: आता है। (end of sentence continued from previous page)
bkt,Bakshi Ka Talab,01-08-2025,196,सरकपुर,0,0,188,21,,
bkt,Bakshi Ka Talab,01-08-2025,197,सआदतनगर,0,0,71,23,,
bkt,Bakshi Ka Talab,01-08-2025,198,सरौरा,0,0,369,49,,
bkt,Bakshi Ka Talab,01-08-2025,199,सुल्तानपुर,0,0,0,0,,remark: चकबन्दी (cell reads chakbandi/consolidation
bkt,Bakshi Ka Talab,01-08-2025,200,सुवंशीपुर,0,0,71,44,,
bkt,Bakshi Ka Talab,01-08-2025,201,सुभाननगर अरिगवॉ,0,0,92,18,,
bkt,Bakshi Ka Talab,01-08-2025,202,साधूपुर,0,0,227,23,,
bkt,Bakshi Ka Talab,01-08-2025,203,सोनवा,0,0,75,51,,
bkt,Bakshi Ka Talab,01-08-2025,204,साढामऊ,15,0,33,30,,
bkt,Bakshi Ka Talab,01-08-2025,205,सीवॉ,0,0,77,20,,
bkt,Bakshi Ka Talab,01-08-2025,206,सिहांमऊ,0,0,63,39,,
bkt,Bakshi Ka Talab,01-08-2025,207,सिंहपुर,0,0,32,14,,
bkt,Bakshi Ka Talab,01-08-2025,208,शेखपुर,0,68,20,0,,
bkt,Bakshi Ka Talab,01-08-2025,209,शाहपुर नजूल,0,0,64,21,,
bkt,Bakshi Ka Talab,01-08-2025,210,शाहपुर राजा,0,0,29,22,,
bkt,Bakshi Ka Talab,01-08-2025,211,शिवपुरी,0,0,0,0,,remark: चकबन्दी (cell reads chakbandi/consolidation
bkt,Bakshi Ka Talab,01-08-2025,212,शिवखड़,56,0,40,34,,
bkt,Bakshi Ka Talab,01-08-2025,213,शिवरी,0,0,74,25,,
bkt,Bakshi Ka Talab,01-08-2025,214,हेमी,0,0,126,77,,
bkt,Bakshi Ka Talab,01-08-2025,215,हालूपुर,0,0,102,14,,
bkt,Bakshi Ka Talab,01-08-2025,216,हाजीचक,0,0,15,16,,
bkt,Bakshi Ka Talab,01-08-2025,217,हरधौरपुर,57,0,100,78,,
bkt,Bakshi Ka Talab,01-08-2025,218,हनुमन्तपुर,0,0,9,23,,
bkt,Bakshi Ka Talab,01-08-2025,219,हिम्मतपुर,0,0,41,15,,
malihabad,Malihabad,01-08-2025,1,माल,0,0,89,82,मलिहाबाद–माल रोड | माल–गहदो रोड | माल–जेहटा रोड | माल–लतीफपुर रोड | सम्पर्क मार्ग पर स्थित,
malihabad,Malihabad,01-08-2025,2,गांगन बरौली,0,0,28,16,,
malihabad,Malihabad,01-08-2025,3,बिद्धीश्यामा,0,0,22,18,,
malihabad,Malihabad,01-08-2025,4,नारू,0,0,18,23,,
malihabad,Malihabad,01-08-2025,5,रुदान खेड़ा,0,0,47,36,माल–भरावन | माल–भरावन मार्ग | ग्राम सम्पर्क मार्ग,
malihabad,Malihabad,01-08-2025,6,राम नगर,0,0,98,79,,
malihabad,Malihabad,01-08-2025,7,अटारी,0,0,43,44,,
malihabad,Malihabad,01-08-2025,8,केरौरा,0,0,28,18,माल – भरावन मार्ग | ग्राम सम्पर्क मार्ग,
malihabad,Malihabad,01-08-2025,9,तिरगवॉ,0,0,9,34,,
malihabad,Malihabad,01-08-2025,10,गौन्दा मुअज्जम नगर,0,0,114,79,,
malihabad,Malihabad,01-08-2025,11,दनौर,0,0,107,41,,
malihabad,Malihabad,01-08-2025,12,मझौवा,0,0,71,39,,
malihabad,Malihabad,01-08-2025,13,शाहपुर गोड़वा,0,0,83,52,,
malihabad,Malihabad,01-08-2025,14,कटौली,13,0,128,98,राष्ट्रीय राज्य मार्ग (आउटर रिंग रोड) | सम्पर्क मार्ग,
malihabad,Malihabad,01-08-2025,15,शिवदासपुर,0,0,40,20,,
malihabad,Malihabad,01-08-2025,16,जमाल नगर,0,0,49,24,,
malihabad,Malihabad,01-08-2025,17,फतेह नगर,0,0,59,51,,
malihabad,Malihabad,01-08-2025,18,ढेढेमऊ,0,0,86,62,,
malihabad,Malihabad,01-08-2025,19,तिलसुवा,0,0,82,50,,
malihabad,Malihabad,01-08-2025,20,पुरवा,0,0,69,41,,
malihabad,Malihabad,01-08-2025,21,खण्डसरा,0,0,191,126,,
malihabad,Malihabad,01-08-2025,22,भदेसरमऊ,0,0,23,28,,
malihabad,Malihabad,01-08-2025,23,कसमण्डी खुर्द,0,0,550,86,माल मार्ग से सेंधरवा मार्ग | माल मार्ग से कसमण्डी खुर्द | माल मार्ग से हटौली नहर रोड | मलिहाबाद से माल मार्ग | अमानीगंज से धुसौली मार्ग,
malihabad,Malihabad,01-08-2025,24,देवरी भारत,0,0,68,21,,
malihabad,Malihabad,01-08-2025,25,मड़वाना,0,0,254,117,,
malihabad,Malihabad,01-08-2025,26,रामपुर बस्ती,0,0,19,13,,
malihabad,Malihabad,01-08-2025,27,बिराहिमपुर,0,0,39,24,,
malihabad,Malihabad,01-08-2025,28,गढ़ी संजर खॉ,0,0,55,138,,
malihabad,Malihabad,01-08-2025,29,रसूलपुर,0,0,22,29,,
malihabad,Malihabad,01-08-2025,30,शहजादपुर,0,0,29,16,,
malihabad,Malihabad,01-08-2025,31,गोड़वा,0,0,8,10,,
malihabad,Malihabad,01-08-2025,32,कसमण्डी कलां,0,0,163,73,मुख्य मार्ग नवी पनाह अन्धे की चौकी | कसमण्डी से मलिहाबाद मार्ग | कसमण्डी से मीठे नगर मार्ग,
malihabad,Malihabad,01-08-2025,33,रमगढ़ा,0,0,32,28,कसमण्डी से रमगढ़ा मार्ग | मऊ से सिरगामऊ मार्ग,
malihabad,Malihabad,01-08-2025,34,किठाईपारा,0,0,42,26,सम्पर्क मार्ग बहेलिया,
malihabad,Malihabad,01-08-2025,35,पारा भदराही,0,0,72,116,,
malihabad,Malihabad,01-08-2025,36,जिन्दाना,0,0,33,46,,
malihabad,Malihabad,01-08-2025,37,बिशुनपुर,0,0,2,22,,
malihabad,Malihabad,01-08-2025,38,मलहा,0,0,150,86,जेहटा रोड से मलहा मार्ग व मलहा से हसन खेड़ा मार्ग | सिध्देश्वरी मंदिर को जाने वाला मार्ग | आउटर रिंग रोड/किसान पथ,
malihabad,Malihabad,01-08-2025,39,गोखौरा,0,0,37,19,बहेलिया से गोखौरा व गोखौरा से मलहा,
malihabad,Malihabad,01-08-2025,40,बहेलिया,0,0,72,25,कसमण्डी कला से बहेलिया जाने वाला मार्ग | बहेलिया से गोखौरा जाने वाला मार्ग,
malihabad,Malihabad,01-08-2025,41,पिपरी कुराखर,0,0,85,27,माल इटौंजा मार्ग | सैदापुर चौराहे से पिपरी कुराखर कमालपुर लोधौरा मार्ग | पिपरी से देवरी गजा मार्ग | पिपरी से पुरवा मार्ग,
malihabad,Malihabad,01-08-2025,42,बहरौरा,0,0,24,39,जनपदीय मार्ग माल - इटौंजा मार्ग से बहरौरा सम्पर्क मार्ग,
malihabad,Malihabad,01-08-2025,43,देवरी गजा,0,0,68,31,पकरा से नहर व नहर से वीर पुर की सीमा तक रोड | पिपरी पुरवा से देवरी गजा मार्ग | अकबरपुर से देवरी गजा सम्पर्क मार्ग,
malihabad,Malihabad,01-08-2025,44,पकरा,0,0,54,22,माल इटौंजा मार्ग | माल इटौंजा मार्ग से बदैया मार्ग | पकरा से राजगढ़ मार्ग,
malihabad,Malihabad,01-08-2025,45,चन्दवारा,0,0,64,44,,
malihabad,Malihabad,01-08-2025,46,शाहमऊ,0,0,48,8,,
malihabad,Malihabad,01-08-2025,47,नौबस्ता,0,0,43,19,,
malihabad,Malihabad,01-08-2025,48,भंवर,0,0,27,7,,
malihabad,Malihabad,01-08-2025,49,ऑट,0,0,34,19,,
malihabad,Malihabad,01-08-2025,50,भुलसी,0,0,77,9,,
malihabad,Malihabad,01-08-2025,51,दुलारमऊ,0,0,111,16,,
malihabad,Malihabad,01-08-2025,52,कुन्डरा खुर्द,0,0,56,40,,
malihabad,Malihabad,01-08-2025,53,कुन्डरा कलां,0,0,39,17,,
malihabad,Malihabad,01-08-2025,54,शेरपुर भौसा,0,0,107,44,,
malihabad,Malihabad,01-08-2025,55,मलिहाबाद,34,0,186,288,एन.एच.आई. | मोहान मलिहाबाद | हरदोई रोड से गल्लामंडी,
malihabad,Malihabad,01-08-2025,56,चॉदपुर,0,0,28,14,,
malihabad,Malihabad,01-08-2025,57,हाशिमपुर,0,0,8,20,,
malihabad,Malihabad,01-08-2025,58,अहमदाबाद,0,0,96,52,हरदोई रोड | सम्पर्क मार्ग,
malihabad,Malihabad,01-08-2025,59,कहला,0,0,59,32,,
malihabad,Malihabad,01-08-2025,60,पतौना,0,0,105,25,सम्पर्क मार्ग,
malihabad,Malihabad,01-08-2025,61,गौरैय्या,0,0,65,8,सम्पर्क मार्ग,
malihabad,Malihabad,01-08-2025,62,सैबसी,0,0,37,6,सम्पर्क मार्ग,
malihabad,Malihabad,01-08-2025,63,सरथरा,0,0,127,16,सम्पर्क मार्ग,
malihabad,Malihabad,01-08-2025,64,थरी,0,0,167,120,,
malihabad,Malihabad,01-08-2025,65,बुधड़िया,0,0,27,21,,
malihabad,Malihabad,01-08-2025,66,दुगौली,0,0,43,34,,
malihabad,Malihabad,01-08-2025,67,सालिहाबाद,0,0,13,4,,
malihabad,Malihabad,01-08-2025,68,टिकैतगंज,0,0,86,34,,
malihabad,Malihabad,01-08-2025,69,अल्लूपुर,0,0,61,56,,
malihabad,Malihabad,01-08-2025,70,हबीबपुर,0,0,82,16,,
malihabad,Malihabad,01-08-2025,71,नवी नगर,0,0,75,75,,
malihabad,Malihabad,01-08-2025,72,भदवाना,0,0,82,46,,
malihabad,Malihabad,01-08-2025,73,वाजिद नगर,0,0,74,45,,
malihabad,Malihabad,01-08-2025,74,दाउदपुर,0,0,73,42,,
malihabad,Malihabad,01-08-2025,75,ढखवा,0,0,174,113,,
malihabad,Malihabad,01-08-2025,76,गहदों,0,0,328,154,,
malihabad,Malihabad,01-08-2025,77,करेन्द,0,0,56,61,,
malihabad,Malihabad,01-08-2025,78,महमूद नगर,0,0,57,61,,
malihabad,Malihabad,01-08-2025,79,नेजाभारी,0,0,60,39,,
malihabad,Malihabad,01-08-2025,80,सदरपुर,0,0,25,41,,
malihabad,Malihabad,01-08-2025,81,फिरोजपुर,0,0,23,19,,
malihabad,Malihabad,01-08-2025,82,मुजासा,0,0,57,20,,
malihabad,Malihabad,01-08-2025,83,दौलतपुर,0,0,28,36,,
malihabad,Malihabad,01-08-2025,84,भटपुरवा,0,0,42,32,,
malihabad,Malihabad,01-08-2025,85,मवई कलां,0,0,109,49,,
malihabad,Malihabad,01-08-2025,86,अटरिया,0,0,80,22,,
malihabad,Malihabad,01-08-2025,87,मंझी निकरोजपुर,0,0,141,80,,
malihabad,Malihabad,01-08-2025,88,कनार,0,0,112,57,,
malihabad,Malihabad,01-08-2025,89,खालिसपुर,0,0,142,102,,
malihabad,Malihabad,01-08-2025,90,बेलगढ़ा,0,0,101,49,,
malihabad,Malihabad,01-08-2025,91,लोधौसी,0,0,36,34,,
malihabad,Malihabad,01-08-2025,92,खड़ता,0,0,89,64,,
malihabad,Malihabad,01-08-2025,93,दतली,0,0,82,54,,
malihabad,Malihabad,01-08-2025,94,मवई खुर्द,0,0,166,43,,
malihabad,Malihabad,01-08-2025,95,मीठे नगर,0,0,54,33,,
malihabad,Malihabad,01-08-2025,96,सहिलामऊ,0,0,56,35,,
malihabad,Malihabad,01-08-2025,97,नई बस्ती भिठौरा,0,0,46,66,,
malihabad,Malihabad,01-08-2025,98,नरायणपुर,0,0,44,19,,
malihabad,Malihabad,01-08-2025,99,लतीफपुर,0,0,21,13,,
malihabad,Malihabad,01-08-2025,100,सुक्खा खेड़ा,0,0,35,17,,
malihabad,Malihabad,01-08-2025,101,अमलौली,0,0,57,13,,
malihabad,Malihabad,01-08-2025,102,शालेह नगर,0,0,67,65,,
malihabad,Malihabad,01-08-2025,103,पहाड़पुर,0,0,56,19,,
malihabad,Malihabad,01-08-2025,104,अटौरा,0,0,71,31,,
malihabad,Malihabad,01-08-2025,105,भोगलामऊ,0,0,57,58,,
malihabad,Malihabad,01-08-2025,106,महदोइया,0,0,101,82,,
malihabad,Malihabad,01-08-2025,107,अहिडर,0,0,61,70,,
malihabad,Malihabad,01-08-2025,108,गोड़वा बरौकी,0,0,55,47,,
malihabad,Malihabad,01-08-2025,109,बहिर,0,0,67,65,,
malihabad,Malihabad,01-08-2025,110,गोधन,0,0,33,9,,
malihabad,Malihabad,01-08-2025,111,भेलमपुर,0,0,33,17,,
malihabad,Malihabad,01-08-2025,112,बसन्तपुर,0,0,163,62,,
malihabad,Malihabad,01-08-2025,113,शंकरपुर,0,0,34,18,,
malihabad,Malihabad,01-08-2025,114,मसीढ़ा हमीर,0,0,107,61,मुख्य मार्ग माल–मलिहाबाद | सम्पर्क मार्ग,
malihabad,Malihabad,01-08-2025,115,मसीढ़ा रतन,0,0,136,63,मुख्य मार्ग | सम्पर्क मार्ग,
malihabad,Malihabad,01-08-2025,116,देवरी डांडा,0,0,34,12,,
malihabad,Malihabad,01-08-2025,117,दिघारा,0,0,37,24,,
malihabad,Malihabad,01-08-2025,118,कमालपुर लोधौरा,0,0,178,47,,
malihabad,Malihabad,01-08-2025,119,रायपुर,0,0,88,45,,
malihabad,Malihabad,01-08-2025,120,बीरपुर,0,0,137,84,,
malihabad,Malihabad,01-08-2025,121,भानपुर,0,0,33,43,,
malihabad,Malihabad,01-08-2025,122,इब्राहिपुर,0,0,36,35,,
malihabad,Malihabad,01-08-2025,123,नवीपनाह,0,0,340,215,,
malihabad,Malihabad,01-08-2025,124,सैदापुर,0,0,107,56,,
malihabad,Malihabad,01-08-2025,125,हसनापुर,0,0,164,157,,
malihabad,Malihabad,01-08-2025,126,बदैंया,0,0,38,59,,
malihabad,Malihabad,01-08-2025,127,टिकरी कलां,0,0,64,41,,
malihabad,Malihabad,01-08-2025,128,जिन्दौर,98,0,188,227,एन.एच. | मुसीबत गंज सम्पर्क मार्ग | हरदोई रोड से दौलत पुर सम्पर्क मार्ग | हरदोई रोड से लालू हार खड़ंजा मार्ग | हरदोई रोड से जानकी नगर सम्पर्क मार्ग | हरदोई रोड से लालता खेड़ा सम्पर्क मार्ग | हरदोई रोड से तिरगवां सम्पर्क मार्ग | गदिया खेड़ा से राम नगर सम्पर्क मार्ग | हरदोई रोड से गदियन खेड़ा सम्पर्क मार्ग,
malihabad,Malihabad,01-08-2025,129,मोहम्मद नगर तालुकेदारी,0,0,154,33,,
malihabad,Malihabad,01-08-2025,130,मोहम्मद नगर रहमत नगर,0,0,141,35,,
malihabad,Malihabad,01-08-2025,131,नई बस्ती धनेवा,0,0,147,24,,
malihabad,Malihabad,01-08-2025,132,माधौपुर,44,0,81,124,एन.एच. | सम्पर्क मार्ग,
malihabad,Malihabad,01-08-2025,133,बदौरा,0,0,46,40,सम्पर्क मार्ग,
malihabad,Malihabad,01-08-2025,134,नजर नगर,16,0,22,13,एन.एच. | सम्पर्क मार्ग,
malihabad,Malihabad,01-08-2025,135,टिकरी खुर्द,10,0,22,11,एन.एच. | सम्पर्क मार्ग,
malihabad,Malihabad,01-08-2025,136,सरावां,53,0,16,45,एन.एच. | सम्पर्क मार्ग,
malihabad,Malihabad,01-08-2025,137,बेलवा,0,0,18,20,,
malihabad,Malihabad,01-08-2025,138,गोसवा,0,0,75,19,,
malihabad,Malihabad,01-08-2025,139,तेरवा,0,0,3,31,,
malihabad,Malihabad,01-08-2025,140,जमोलिया,0,0,103,101,दिलावर नगर से ससपन मार्ग | रहीमाबाद से जमोलिया मार्ग,
malihabad,Malihabad,01-08-2025,141,खड़ौहॉ,40,0,221,73,लखनऊ हरदोई पक्की सड़क राज्य मार्ग | लखनऊ हरदोई सड़क भावा खेड़ा म0 खड़ौहॉ | लखनऊ हरदोई रोड चिहुटा | लखनऊ हरदोई रोड से चिहुटा पर खड़ौहॉ पक्की सड़क | खड़ौहॉ गौन्दा मुअज्जम नगर | चिहुटा खड़ौहॉ जाने वाली पक्की सड़क | खड़ौहॉ से बांक व पहाड़पुर जाने वाली पक्की सड़क,
malihabad,Malihabad,01-08-2025,142,अऊमऊ,0,0,184,118,,
malihabad,Malihabad,01-08-2025,143,आदमपुर,0,0,21,11,,
malihabad,Malihabad,01-08-2025,144,कोलवा भनौरा,0,0,118,56,,
malihabad,Malihabad,01-08-2025,145,खखरा,0,0,19,17,,
malihabad,Malihabad,01-08-2025,146,गढ़थम्भा,0,0,24,6,,
malihabad,Malihabad,01-08-2025,147,जगदीशपुर बुजुर्ग,0,0,64,21,,
malihabad,Malihabad,01-08-2025,148,सुल्तानपुर,0,0,7,19,,
malihabad,Malihabad,01-08-2025,149,जगदीशपुर खुर्द,0,0,15,11,,
malihabad,Malihabad,01-08-2025,150,हटौली,0,0,13,33,,
malihabad,Malihabad,01-08-2025,151,घुसौली,0,0,19,27,,
malihabad,Malihabad,01-08-2025,152,गुमसेना,0,0,75,35,,
malihabad,Malihabad,01-08-2025,153,पीर नगर,0,0,13,23,,
malihabad,Malihabad,01-08-2025,154,अकबरपुर,0,0,45,25,,
malihabad,Malihabad,01-08-2025,155,रनीपारा,0,0,141,29,,
malihabad,Malihabad,01-08-2025,156,हमिरापुर,0,0,198,143,,
malihabad,Malihabad,01-08-2025,157,सहिजना,0,0,85,58,,
malihabad,Malihabad,01-08-2025,158,तरौना,0,0,163,104,,
malihabad,Malihabad,01-08-2025,159,फतेहपुर,0,0,79,63,,
malihabad,Malihabad,01-08-2025,160,कैथुलिया,0,0,45,57,,
malihabad,Malihabad,01-08-2025,161,तिलन,0,0,114,108,,
malihabad,Malihabad,01-08-2025,162,दिलावर नगर,0,0,103,77,,
malihabad,Malihabad,01-08-2025,163,मुडियारा,0,0,154,77,,
malihabad,Malihabad,01-08-2025,164,सिसवारा,0,0,82,42,गहदो मार्ग,
malihabad,Malihabad,01-08-2025,165,कमालुद्दीन नगर,0,0,49,27,,
malihabad,Malihabad,01-08-2025,166,बड़खोरवा,0,0,44,13,,
malihabad,Malihabad,01-08-2025,167,ससपन,0,0,165,230,,
malihabad,Malihabad,01-08-2025,168,गोपालपुर,0,0,50,15,,
malihabad,Malihabad,01-08-2025,169,ऑट गढ़ी सौरा,0,0,208,138,,
malihabad,Malihabad,01-08-2025,170,जौरिया,0,0,39,38,,
malihabad,Malihabad,01-08-2025,171,चैना,0,0,18,19,,
malihabad,Malihabad,01-08-2025,172,रुसेना,0,0,127,52,,
malihabad,Malihabad,01-08-2025,173,रहटा,91,0,0,16,गहदों से रहीमाबाद राजमार्ग,
malihabad,Malihabad,01-08-2025,174,उमरावल,0,0,61,133,,
malihabad,Malihabad,01-08-2025,175,खुशहालपुर,0,0,60,14,,
malihabad,Malihabad,01-08-2025,176,भतोईया,0,0,15,14,,
malihabad,Malihabad,01-08-2025,177,सुरगौला,0,0,23,15,,
malihabad,Malihabad,01-08-2025,178,मनकौटी,0,0,43,41,,
malihabad,Malihabad,01-08-2025,179,रघुरामपुर,0,0,20,0,,cell text (no numbers): गैर आबाद
malihabad,Malihabad,01-08-2025,180,रसूलाबाद,0,0,39,25,,
malihabad,Malihabad,01-08-2025,181,कुकरा,0,0,91,36,,
malihabad,Malihabad,01-08-2025,182,बरी जलालपुर,0,0,47,39,,
malihabad,Malihabad,01-08-2025,183,बड़ी गढ़ी,0,0,146,69,,
malihabad,Malihabad,01-08-2025,184,बख्त्यार नगर,0,0,151,122,,
malihabad,Malihabad,01-08-2025,185,मण्डौली,0,0,42,29,,
malihabad,Malihabad,01-08-2025,186,हरिहरपुर,0,0,113,35,,
malihabad,Malihabad,01-08-2025,187,ईशापुर,0,0,113,59,,
malihabad,Malihabad,01-08-2025,188,सेंधरवा,0,0,142,63,,
sadar4,Sadar-4,01-08-2025,1,अजमतनगर,9,0,17,43,,
sadar4,Sadar-4,01-08-2025,2,अमेठिया सलेमपुर,100,52,122,114,,
sadar4,Sadar-4,01-08-2025,3,कठिंगरा,30,0,38,127,,
sadar4,Sadar-4,01-08-2025,4,करझन,0,0,30,14,,
sadar4,Sadar-4,01-08-2025,5,करिमाबाद,89,0,98,93,,
sadar4,Sadar-4,01-08-2025,6,काकोरी,62,0,398,285,,
sadar4,Sadar-4,01-08-2025,7,कुशमौरा हुलवापुर,49,0,383,72,,
sadar4,Sadar-4,01-08-2025,8,कुसुमी,0,0,73,45,,
sadar4,Sadar-4,01-08-2025,9,कोल्हुवा गाढा,0,0,0,109,,remark: ग्राम नगर निगम सीमा के अन्तर्गत शहरीकरण हो चुका है।
sadar4,Sadar-4,01-08-2025,10,खानपुर मऊ,0,0,52,24,,
sadar4,Sadar-4,01-08-2025,11,गाजीपुर बलराम,0,0,0,207,,remark: ग्राम का पूर्व में शहरीकरण हो चुका है। ग्राम नगर निगम के अन्तर्गत है।
sadar4,Sadar-4,01-08-2025,12,गोशालालपुर,0,0,86,51,,
sadar4,Sadar-4,01-08-2025,13,गोहरामऊ,0,0,56,25,,
sadar4,Sadar-4,01-08-2025,14,गौरभीठ,0,0,0,403,,remark: ग्राम नगर निगम सीमा के अन्तर्गत शहरीकरण हो चुका है।
sadar4,Sadar-4,01-08-2025,15,ग्वालपुर,0,16,48,37,,
sadar4,Sadar-4,01-08-2025,16,चकदादनपुर,0,0,26,36,,
sadar4,Sadar-4,01-08-2025,17,चकपरेवा,0,0,6,15,,remark: ग्राम में चकबन्दी नही हुई है।
sadar4,Sadar-4,01-08-2025,18,टेडवा,41,0,40,27,,
sadar4,Sadar-4,01-08-2025,19,दरियापुर,0,0,0,0,,remark: सम्पूर्ण ग्राम में शहरीकरण हो चुका है।
sadar4,Sadar-4,01-08-2025,20,दशहरी,0,0,53,91,,
sadar4,Sadar-4,01-08-2025,21,दसदोई,0,0,31,24,,
sadar4,Sadar-4,01-08-2025,22,दाऊदनगर,0,7,212,191,,
sadar4,Sadar-4,01-08-2025,23,दुर्गागंज,0,0,0,0,,remark: ग्राम काकोरी का मजरा है।
sadar4,Sadar-4,01-08-2025,24,नरौना,0,0,89,409,,
sadar4,Sadar-4,01-08-2025,25,नौबरता खुर्द,0,0,0,168,,remark: ग्राम का पूर्व में शहरीकरण हो चुका है। ग्राम नगर निगम के अन्तर्गत है।
sadar4,Sadar-4,01-08-2025,26,पलिया,0,0,58,26,,
sadar4,Sadar-4,01-08-2025,27,पहिया आजमपुर,14,0,129,35,,
sadar4,Sadar-4,01-08-2025,28,पीरनगर,0,0,27,0,,"remark: महोदय, ग्राम एल0डी0ए0 द्वारा अधिग्रहीत है। पूर्ण में शहरीकरण हो चुका है।"
sadar4,Sadar-4,01-08-2025,29,फैजुल्लागंज,0,0,33,400,,remark: ग्राम फैजुल्लागंज नगर सीमा के अन्तर्गत तथा पूर्ण आबादी विकसित है।
sadar4,Sadar-4,01-08-2025,30,बडा गांव,43,17,325,168,,
sadar4,Sadar-4,01-08-2025,31,बरावन कलां,9,0,0,1669,,remark: ग्राम नगर निगम में है। पूर्ण रूप में शहरीकरण हो चुका है।
sadar4,Sadar-4,01-08-2025,32,बरावन खुर्द,0,0,0,535,,remark: लखनऊ विकास प्राधिकरण के द्वारा अधिग्रहीत किया गया।
sadar4,Sadar-4,01-08-2025,33,बरीकलां,0,0,0,458,,remark: लखनऊ विकास प्राधिकरण के द्वारा अधिग्रहीत किया गया।
sadar4,Sadar-4,01-08-2025,34,बसरैला,0,0,47,33,,
sadar4,Sadar-4,01-08-2025,35,बिगहू,0,0,22,12,,
sadar4,Sadar-4,01-08-2025,36,बेढौना,24,0,23,12,,
sadar4,Sadar-4,01-08-2025,37,भटऊ जमालपुर,0,0,219,86,,
sadar4,Sadar-4,01-08-2025,38,भलिया,24,0,92,69,,
sadar4,Sadar-4,01-08-2025,39,महतवां,0,0,28,28,,
sadar4,Sadar-4,01-08-2025,40,महमूदपुर,17,0,0,6,,
sadar4,Sadar-4,01-08-2025,41,मुजफ्फरनगर,0,0,49,18,,
sadar4,Sadar-4,01-08-2025,42,मुबारकपुर,0,0,66,16,,remark: ग्राम में चकबन्दी नही हुई है।
sadar4,Sadar-4,01-08-2025,43,मुहीउद्दीनपुर,22,0,15,28,,
sadar4,Sadar-4,01-08-2025,44,रहीमनगर डुडौली,0,0,0,320,,remark: ग्राम नगर निगम सीमा के अन्तर्गत शहरीकरण हो चुका है।
sadar4,Sadar-4,01-08-2025,45,रायपुर (काकोरी),0,0,42,16,,
sadar4,Sadar-4,01-08-2025,46,लोहरामऊ,0,0,0,250,,remark: ग्राम नगर निगम सीमा के अन्तर्गत शहरीकरण हो चुका है।
sadar4,Sadar-4,01-08-2025,47,बहरू,29,0,255,71,,
sadar4,Sadar-4,01-08-2025,48,शाहपुर,0,0,161,29,,
sadar4,Sadar-4,01-08-2025,49,शेरपुरमऊ,0,0,14,36,,
sadar4,Sadar-4,01-08-2025,50,सराय मुहिब,0,0,0,0,,
sadar4,Sadar-4,01-08-2025,51,सलेमपुर पतौरा,0,0,116,460,,
sadar4,Sadar-4,01-08-2025,52,सूदी,0,0,20,6,,
sadar4,Sadar-4,01-08-2025,53,सैदपुर महेरी,31,0,82,17,,
sadar4,Sadar-4,01-08-2025,54,सैफलपुर,0,0,51,13,,
sadar4,Sadar-4,01-08-2025,55,चिलौली,0,0,29,10,,
sadar4,Sadar-4,01-08-2025,56,जलियामऊ,29,0,40,52,,
sadar4,Sadar-4,01-08-2025,57,टाउन एरिया काकोरी,0,0,0,0,,remark: ग्राम काकोरी का मजरा है।
sadar4,Sadar-4,01-08-2025,58,सेमरागौढी,6,0,31,284,,
