sro,kind,page,serial,vcode,name,columns,values,flag
sadar1,tree,151,1,,साखू,1 वर्ष से अधिक तथा 5 वर्ष से कम आयु के बृक्ष का न्यूनतम मूल्य प्रति बृक्ष|5 वर्ष से अधिक तथा 10 वर्ष से कम आयु के बृक्ष का न्यूनतम मूल्य प्रति बृक्ष|10 वर्ष से अधिकतम आयु के बृक्ष का न्यूनतम मूल्य प्रति बृक्ष,4500|9000|20000,
sadar1,tree,151,2,,शीशम,1 वर्ष से अधिक तथा 5 वर्ष से कम आयु के बृक्ष का न्यूनतम मूल्य प्रति बृक्ष|5 वर्ष से अधिक तथा 10 वर्ष से कम आयु के बृक्ष का न्यूनतम मूल्य प्रति बृक्ष|10 वर्ष से अधिकतम आयु के बृक्ष का न्यूनतम मूल्य प्रति बृक्ष,4000|8000|18000,
sadar1,tree,151,3,,सागौन,1 वर्ष से अधिक तथा 5 वर्ष से कम आयु के बृक्ष का न्यूनतम मूल्य प्रति बृक्ष|5 वर्ष से अधिक तथा 10 वर्ष से कम आयु के बृक्ष का न्यूनतम मूल्य प्रति बृक्ष|10 वर्ष से अधिकतम आयु के बृक्ष का न्यूनतम मूल्य प्रति बृक्ष,4500|9000|25000,
sadar1,tree,151,4,,असना/तुन,1 वर्ष से अधिक तथा 5 वर्ष से कम आयु के बृक्ष का न्यूनतम मूल्य प्रति बृक्ष|5 वर्ष से अधिक तथा 10 वर्ष से कम आयु के बृक्ष का न्यूनतम मूल्य प्रति बृक्ष|10 वर्ष से अधिकतम आयु के बृक्ष का न्यूनतम मूल्य प्रति बृक्ष,3500|7000|12000,
sadar1,tree,151,5,,जामुन/आम/महुआ/बहेरा/विजयसाल,1 वर्ष से अधिक तथा 5 वर्ष से कम आयु के बृक्ष का न्यूनतम मूल्य प्रति बृक्ष|5 वर्ष से अधिक तथा 10 वर्ष से कम आयु के बृक्ष का न्यूनतम मूल्य प्रति बृक्ष|10 वर्ष से अधिकतम आयु के बृक्ष का न्यूनतम मूल्य प्रति बृक्ष,3500|7000|12000,
sadar1,tree,151,6,,सान्नर आदि,1 वर्ष से अधिक तथा 5 वर्ष से कम आयु के बृक्ष का न्यूनतम मूल्य प्रति बृक्ष|5 वर्ष से अधिक तथा 10 वर्ष से कम आयु के बृक्ष का न्यूनतम मूल्य प्रति बृक्ष|10 वर्ष से अधिकतम आयु के बृक्ष का न्यूनतम मूल्य प्रति बृक्ष,3500|7000|12000,
sadar1,tree,151,7,,कोकाठ,1 वर्ष से अधिक तथा 5 वर्ष से कम आयु के बृक्ष का न्यूनतम मूल्य प्रति बृक्ष|5 वर्ष से अधिक तथा 10 वर्ष से कम आयु के बृक्ष का न्यूनतम मूल्य प्रति बृक्ष|10 वर्ष से अधिकतम आयु के बृक्ष का न्यूनतम मूल्य प्रति बृक्ष,3500|7000|12000,
sadar1,tree,151,8,,यूकेलिप्टस,1 वर्ष से अधिक तथा 5 वर्ष से कम आयु के बृक्ष का न्यूनतम मूल्य प्रति बृक्ष|5 वर्ष से अधिक तथा 10 वर्ष से कम आयु के बृक्ष का न्यूनतम मूल्य प्रति बृक्ष|10 वर्ष से अधिकतम आयु के बृक्ष का न्यूनतम मूल्य प्रति बृक्ष,3500|7000|12000,
sadar1,tree,151,9,,खैर,1 वर्ष से अधिक तथा 5 वर्ष से कम आयु के बृक्ष का न्यूनतम मूल्य प्रति बृक्ष|5 वर्ष से अधिक तथा 10 वर्ष से कम आयु के बृक्ष का न्यूनतम मूल्य प्रति बृक्ष|10 वर्ष से अधिकतम आयु के बृक्ष का न्यूनतम मूल्य प्रति बृक्ष,3500|7000|12000,
sadar1,tree,151,10,,अन्य फलदार बृक्ष,1 वर्ष से अधिक तथा 5 वर्ष से कम आयु के बृक्ष का न्यूनतम मूल्य प्रति बृक्ष|5 वर्ष से अधिक तथा 10 वर्ष से कम आयु के बृक्ष का न्यूनतम मूल्य प्रति बृक्ष|10 वर्ष से अधिकतम आयु के बृक्ष का न्यूनतम मूल्य प्रति बृक्ष,3500|7000|12000,
sadar1,tree,151,11,,इमली/ कटहल,1 वर्ष से अधिक तथा 5 वर्ष से कम आयु के बृक्ष का न्यूनतम मूल्य प्रति बृक्ष|5 वर्ष से अधिक तथा 10 वर्ष से कम आयु के बृक्ष का न्यूनतम मूल्य प्रति बृक्ष|10 वर्ष से अधिकतम आयु के बृक्ष का न्यूनतम मूल्य प्रति बृक्ष,3500|7000|12000,
sadar1,tree,151,12,,बांस,1 वर्ष से अधिक तथा 5 वर्ष से कम आयु के बृक्ष का न्यूनतम मूल्य प्रति बृक्ष|5 वर्ष से अधिक तथा 10 वर्ष से कम आयु के बृक्ष का न्यूनतम मूल्य प्रति बृक्ष|10 वर्ष से अधिकतम आयु के बृक्ष का न्यूनतम मूल्य प्रति बृक्ष,100|120|300,bamboo: 100 | 120/- प्रतिनग | 300/- प्रतिनग (per piece)
sadar1,other,152,1,0082,अलीनगर,दर प्रति वर्गमीटर,32000,
sadar1,other,152,2,0058,अधियारी बॉग,दर प्रति वर्गमीटर,30000,
sadar1,other,152,3,0099,इलाहीबाग,दर प्रति वर्गमीटर,30000,
sadar1,other,152,4,0044,इस्माईलपुर,दर प्रति वर्गमीटर,30000,
sadar1,other,152,5,0053,उर्वरक नगर,दर प्रति वर्गमीटर,30000,
sadar1,other,152,6,0071,कल्याणपुर,दर प्रति वर्गमीटर,26000,
sadar1,other,152,7,0057,घोषीपुरवा,दर प्रति वर्गमीटर,32000,
sadar1,other,152,8,0031,चकसा हुसैन,दर प्रति वर्गमीटर,30000,
sadar1,other,152,9,0001,चरगॉवा,दर प्रति वर्गमीटर,35000,
sadar1,other,152,10,0033,जं0 सालिकराम,दर प्रति वर्गमीटर,32000,
sadar1,other,152,11,0029,जं नकहा नं0 1,दर प्रति वर्गमीटर,31000,
sadar1,other,152,12,0088,जाफरा बाजार,दर प्रति वर्गमीटर,32000,
sadar1,other,153,13,0038,जटेपुर उत्तरी,दर प्रति वर्गमीटर,30000,
sadar1,other,153,14,0013,जं0 बेनीमाधव नं0 1,दर प्रति वर्गमीटर,22000,
sadar1,other,153,15,0014,जं0 बेनीमाधव नं0 2,दर प्रति वर्गमीटर,22000,
sadar1,other,153,16,0035,जं0 हकीम नं0 1,दर प्रति वर्गमीटर,31000,
sadar1,other,153,17,0063,तिवारीपुर,दर प्रति वर्गमीटर,30000,
sadar1,other,153,18,0064,दीवान बाजार,दर प्रति वर्गमीटर,32000,
sadar1,other,153,19,0079,नरसिंहपुर,दर प्रति वर्गमीटर,26000,
sadar1,other,153,20,0039,नथमलपुर,दर प्रति वर्गमीटर,30000,
sadar1,other,153,21,0042,पुराना गोरखपुर,दर प्रति वर्गमीटर,30000,
sadar1,other,153,22,0091,बसारतपुर,दर प्रति वर्गमीटर,35000,vcode 0091 printed for both serial 22 and 28
sadar1,other,153,23,0095,बसन्तपुर,दर प्रति वर्गमीटर,32000,
sadar1,other,153,24,0050,भेडियागढ,दर प्रति वर्गमीटर,32000,
sadar1,other,153,25,0005,मानबेला,दर प्रति वर्गमीटर,32000,
sadar1,other,153,26,0040,मिर्जापुर,दर प्रति वर्गमीटर,26000,
sadar1,other,153,27,0027,माधोपुर,दर प्रति वर्गमीटर,22000,
sadar1,other,153,28,0091,रामजानकी नगर (बशारतपुर),दर प्रति वर्गमीटर,35000,vcode 0091 printed for both serial 22 and 28
sadar1,other,153,29,0125,राजेन्द्र नगर पश्चिमी,दर प्रति वर्गमीटर,35000,
sadar1,other,153,30,0016,राप्तीनगर,दर प्रति वर्गमीटर,35000,
sadar1,other,153,31,0022,रसूलपुर,दर प्रति वर्गमीटर,26000,
sadar1,other,153,32,0018,लच्छीपुर,दर प्रति वर्गमीटर,35000,
sadar1,other,154,33,0032,शिवपुर सहबाजगंज,दर प्रति वर्गमीटर,32000,
sadar1,other,154,34,0055,शेषपुर,दर प्रति वर्गमीटर,32000,
sadar1,other,154,35,0068,शाहपुर,दर प्रति वर्गमीटर,35000,
sadar1,other,154,36,0006,सेमरा,दर प्रति वर्गमीटर,32000,
sadar1,other,154,37,0133,सूर्यकुण्ड धामनगर,दर प्रति वर्गमीटर,32000,
sadar1,other,154,38,0004,सलेमपुर उर्फ मुगलपुर,दर प्रति वर्गमीटर,31000,
sadar1,other,154,39,0037,हुमायूपुर उत्तरी,दर प्रति वर्गमीटर,32000,
sadar2,tree,100,1,,साखू,वृक्षों की श्रेणी|1 वर्ष से अधिक तथा 5 वर्ष से कम आयु के वृक्ष का न्यूनतम मूल्य प्रति वृक्ष|5 वर्ष से अधिक तथा 10 वर्ष से कम आयु के वृक्ष का न्यूनतम मूल्य प्रति वृक्ष|10 वर्ष से अधिकतम आयु के वृक्ष का न्यूनतम मूल्य प्रति वृक्ष,साखू|4500|9000|20000,
sadar2,tree,100,2,,शीशम,वृक्षों की श्रेणी|1 वर्ष से अधिक तथा 5 वर्ष से कम आयु के वृक्ष का न्यूनतम मूल्य प्रति वृक्ष|5 वर्ष से अधिक तथा 10 वर्ष से कम आयु के वृक्ष का न्यूनतम मूल्य प्रति वृक्ष|10 वर्ष से अधिकतम आयु के वृक्ष का न्यूनतम मूल्य प्रति वृक्ष,शीशम|4000|8000|18000,
sadar2,tree,100,3,,सागौन,वृक्षों की श्रेणी|1 वर्ष से अधिक तथा 5 वर्ष से कम आयु के वृक्ष का न्यूनतम मूल्य प्रति वृक्ष|5 वर्ष से अधिक तथा 10 वर्ष से कम आयु के वृक्ष का न्यूनतम मूल्य प्रति वृक्ष|10 वर्ष से अधिकतम आयु के वृक्ष का न्यूनतम मूल्य प्रति वृक्ष,सागौन|4500|9000|25000,
sadar2,tree,100,4,,असना/तुन,वृक्षों की श्रेणी|1 वर्ष से अधिक तथा 5 वर्ष से कम आयु के वृक्ष का न्यूनतम मूल्य प्रति वृक्ष|5 वर्ष से अधिक तथा 10 वर्ष से कम आयु के वृक्ष का न्यूनतम मूल्य प्रति वृक्ष|10 वर्ष से अधिकतम आयु के वृक्ष का न्यूनतम मूल्य प्रति वृक्ष,असना/तुन|3500|7000|12000,
sadar2,tree,100,5,,जामुन/आम/महुआ/बहेरा/विजयसाल,वृक्षों की श्रेणी|1 वर्ष से अधिक तथा 5 वर्ष से कम आयु के वृक्ष का न्यूनतम मूल्य प्रति वृक्ष|5 वर्ष से अधिक तथा 10 वर्ष से कम आयु के वृक्ष का न्यूनतम मूल्य प्रति वृक्ष|10 वर्ष से अधिकतम आयु के वृक्ष का न्यूनतम मूल्य प्रति वृक्ष,जामुन/आम/महुआ/बहेरा/विजयसाल|3500|7000|12000,
sadar2,tree,100,6,,साम्भर आदि,वृक्षों की श्रेणी|1 वर्ष से अधिक तथा 5 वर्ष से कम आयु के वृक्ष का न्यूनतम मूल्य प्रति वृक्ष|5 वर्ष से अधिक तथा 10 वर्ष से कम आयु के वृक्ष का न्यूनतम मूल्य प्रति वृक्ष|10 वर्ष से अधिकतम आयु के वृक्ष का न्यूनतम मूल्य प्रति वृक्ष,साम्भर आदि|3500|7000|12000,
sadar2,tree,100,7,,वोकाठ,वृक्षों की श्रेणी|1 वर्ष से अधिक तथा 5 वर्ष से कम आयु के वृक्ष का न्यूनतम मूल्य प्रति वृक्ष|5 वर्ष से अधिक तथा 10 वर्ष से कम आयु के वृक्ष का न्यूनतम मूल्य प्रति वृक्ष|10 वर्ष से अधिकतम आयु के वृक्ष का न्यूनतम मूल्य प्रति वृक्ष,वोकाठ|3500|7000|12000,
sadar2,tree,100,8,,यूकेलिप्टस,वृक्षों की श्रेणी|1 वर्ष से अधिक तथा 5 वर्ष से कम आयु के वृक्ष का न्यूनतम मूल्य प्रति वृक्ष|5 वर्ष से अधिक तथा 10 वर्ष से कम आयु के वृक्ष का न्यूनतम मूल्य प्रति वृक्ष|10 वर्ष से अधिकतम आयु के वृक्ष का न्यूनतम मूल्य प्रति वृक्ष,यूकेलिप्टस|3500|7000|12000,
sadar2,tree,100,9,,खेर,वृक्षों की श्रेणी|1 वर्ष से अधिक तथा 5 वर्ष से कम आयु के वृक्ष का न्यूनतम मूल्य प्रति वृक्ष|5 वर्ष से अधिक तथा 10 वर्ष से कम आयु के वृक्ष का न्यूनतम मूल्य प्रति वृक्ष|10 वर्ष से अधिकतम आयु के वृक्ष का न्यूनतम मूल्य प्रति वृक्ष,खेर|3500|7000|12000,
sadar2,tree,100,10,,अन्य फलदार वृक्ष,वृक्षों की श्रेणी|1 वर्ष से अधिक तथा 5 वर्ष से कम आयु के वृक्ष का न्यूनतम मूल्य प्रति वृक्ष|5 वर्ष से अधिक तथा 10 वर्ष से कम आयु के वृक्ष का न्यूनतम मूल्य प्रति वृक्ष|10 वर्ष से अधिकतम आयु के वृक्ष का न्यूनतम मूल्य प्रति वृक्ष,अन्य फलदार वृक्ष|3500|7000|12000,
sadar2,tree,100,11,,इमली/कटहल,वृक्षों की श्रेणी|1 वर्ष से अधिक तथा 5 वर्ष से कम आयु के वृक्ष का न्यूनतम मूल्य प्रति वृक्ष|5 वर्ष से अधिक तथा 10 वर्ष से कम आयु के वृक्ष का न्यूनतम मूल्य प्रति वृक्ष|10 वर्ष से अधिकतम आयु के वृक्ष का न्यूनतम मूल्य प्रति वृक्ष,इमली/कटहल|3500|7000|12000,
sadar2,tree,100,12,,बांस,वृक्षों की श्रेणी|1 वर्ष से अधिक तथा 5 वर्ष से कम आयु के वृक्ष का न्यूनतम मूल्य प्रति वृक्ष|5 वर्ष से अधिक तथा 10 वर्ष से कम आयु के वृक्ष का न्यूनतम मूल्य प्रति वृक्ष|10 वर्ष से अधिकतम आयु के वृक्ष का न्यूनतम मूल्य प्रति वृक्ष,बांस|100|120|300,"bamboo: 5-10yr and >10yr printed as ""120/- प्रति नग"" and ""300/- प्रति नग"" (per piece)"
sadar2,other,101,1,0028,अलहदादपुर,दर प्रतिवर्गमीटर,32000,
sadar2,other,101,2,0054,आराजी छावनी,दर प्रतिवर्गमीटर,35000,
sadar2,other,101,3,5111,इंजीनियरिंग कालेज,दर प्रतिवर्गमीटर,27500,
sadar2,other,101,4,0043,काजीपुर खुर्द,दर प्रतिवर्गमीटर,28000,
sadar2,other,101,5,0003,गिरधरगंज,दर प्रतिवर्गमीटर,29000,
sadar2,other,101,6,0017,गोपलापुर,दर प्रतिवर्गमीटर,30000,
sadar2,other,101,7,0055,चक जलाल,दर प्रतिवर्गमीटर,35000,
sadar2,other,101,8,0003,जं0 तुलसीराम पश्चिमी,दर प्रतिवर्गमीटर,22000,
sadar2,other,101,9,0003,जं0 तुलसीराम पूर्वी,दर प्रतिवर्गमीटर,22000,
sadar2,other,101,10,0008,तुर्कमानपुर,दर प्रतिवर्गमीटर,28500,
sadar2,other,101,11,0013,दाउदपुर,दर प्रतिवर्गमीटर,32000,
sadar2,other,101,12,0031,दीवान दयाराम,दर प्रतिवर्गमीटर,32000,
sadar2,other,101,13,0047,दिलेजाकपुर,दर प्रतिवर्गमीटर,33000,
sadar2,other,101,14,0058,घर्मशाला बाजार/जटेपुर दक्षिणी,दर प्रतिवर्गमीटर,33000,
sadar2,other,102,15,0007,नौसड़,दर प्रतिवर्गमीटर,30000,
sadar2,other,102,16,0041,पुर्दिलपुर,दर प्रतिवर्गमीटर,33000,
sadar2,other,102,17,0044,बेतियाहाता,दर प्रतिवर्गमीटर,35000,
sadar2,other,102,18,0057,बक्शीपुर,दर प्रतिवर्गमीटर,35000,
sadar2,other,102,19,0011,महेवा,दर प्रतिवर्गमीटर,30000,
sadar2,other,102,20,0010,महुईसुधरपुर,दर प्रतिवर्गमीटर,30000,
sadar2,other,102,21,0016,मोहददीपुर,दर प्रतिवर्गमीटर,33000,
sadar2,other,102,22,0023,मियांबाजार,दर प्रतिवर्गमीटर,33000,
sadar2,other,102,23,0001,महादेव झा0टु0 न0-1,दर प्रतिवर्गमीटर,29000,
sadar2,other,102,24,0054,महादेव झा0टु0 न0-2,दर प्रतिवर्गमीटर,29000,
sadar2,other,102,25,0060,महादेव झा0टु0 न0-3,दर प्रतिवर्गमीटर,29000,
sadar2,other,102,26,5994,मनहट,दर प्रतिवर्गमीटर,26000,
sadar2,other,102,27,0003,रेलवे कालोनी विछिया,दर प्रतिवर्गमीटर,29000,
sadar2,other,102,28,0009,रायगंज,दर प्रतिवर्गमीटर,32000,
sadar2,other,102,29,0017,रूस्तमपुर,दर प्रतिवर्गमीटर,32000,
sadar2,other,102,30,6066,रामपुर,दर प्रतिवर्गमीटर,26000,
sadar2,other,102,31,0031,शेषपुर,दर प्रतिवर्गमीटर,32000,
sadar2,other,102,32,0054,सिविल लाइन प्रथम,दर प्रतिवर्गमीटर,35000,
sadar2,other,102,33,0038,हांसूपुर,दर प्रतिवर्गमीटर,22000,
sadar2,other,102,34,0014,बिलन्दपुर,दर प्रतिवर्गमीटर,32000,
sadar2,other,103,35,5458,जं0 तिनकोनिया न0-1,दर प्रतिवर्गमीटर,26000,
sadar2,other,103,36,5469,जं0 हकीम न0-2,दर प्रतिवर्गमीटर,26000,
sadar2,other,103,37,6307,हरसेवकपुर न0-2,दर प्रतिवर्गमीटर,26000,
sadar2,other,103,38,0002,रामपुर रामगढ,दर प्रतिवर्गमीटर,30000,
sadar2,other,103,39,0020,तालरामगढ़,दर प्रतिवर्गमीटर,30000,
sadar2,other,103,40,6203,सिक्टौर तप्पा हवेली,दर प्रतिवर्गमीटर,30000,
sadar2,other,103,41,0315,भरवलिया खुर्द,दर प्रतिवर्गमीटर,29000,
sadar2,other,103,42,0316,भरवलिया बुजुर्ग,दर प्रतिवर्गमीटर,29000,
chauri,tree,83,1,,साखू,1 वर्ष से अधिक तथा 5 वर्ष से कम आयु के वृक्ष का न्यूनतम मूल्य प्रति वृक्ष|5 वर्ष से अधिक 10 वर्ष से कम आयु के वृक्ष का न्यूनतम मूल्य प्रति वृक्ष|10 वर्ष से अधिकतम आयु के वृक्ष का न्यूनतम मूल्य प्रति वृक्ष,4500|9000|20000,"tree rates (भाग-2 प्रारूप-5 वृक्षों की श्रेणी व मूल्य), Rs per tree; category=tree class"
chauri,tree,83,2,,शीशम,1 वर्ष से अधिक तथा 5 वर्ष से कम आयु के वृक्ष का न्यूनतम मूल्य प्रति वृक्ष|5 वर्ष से अधिक 10 वर्ष से कम आयु के वृक्ष का न्यूनतम मूल्य प्रति वृक्ष|10 वर्ष से अधिकतम आयु के वृक्ष का न्यूनतम मूल्य प्रति वृक्ष,4000|8000|18000,"tree rates (भाग-2 प्रारूप-5 वृक्षों की श्रेणी व मूल्य), Rs per tree; category=tree class; printed "",शीशम"" (stray comma dropped)"
chauri,tree,83,3,,सागौन,1 वर्ष से अधिक तथा 5 वर्ष से कम आयु के वृक्ष का न्यूनतम मूल्य प्रति वृक्ष|5 वर्ष से अधिक 10 वर्ष से कम आयु के वृक्ष का न्यूनतम मूल्य प्रति वृक्ष|10 वर्ष से अधिकतम आयु के वृक्ष का न्यूनतम मूल्य प्रति वृक्ष,4500|9000|25000,"tree rates (भाग-2 प्रारूप-5 वृक्षों की श्रेणी व मूल्य), Rs per tree; category=tree class"
chauri,tree,83,4,,असना/तुन,1 वर्ष से अधिक तथा 5 वर्ष से कम आयु के वृक्ष का न्यूनतम मूल्य प्रति वृक्ष|5 वर्ष से अधिक 10 वर्ष से कम आयु के वृक्ष का न्यूनतम मूल्य प्रति वृक्ष|10 वर्ष से अधिकतम आयु के वृक्ष का न्यूनतम मूल्य प्रति वृक्ष,3500|7000|12000,"tree rates (भाग-2 प्रारूप-5 वृक्षों की श्रेणी व मूल्य), Rs per tree; category=tree class"
chauri,tree,83,5,,जामुन/आम/महुअ/बहेरा/विजयसाल,1 वर्ष से अधिक तथा 5 वर्ष से कम आयु के वृक्ष का न्यूनतम मूल्य प्रति वृक्ष|5 वर्ष से अधिक 10 वर्ष से कम आयु के वृक्ष का न्यूनतम मूल्य प्रति वृक्ष|10 वर्ष से अधिकतम आयु के वृक्ष का न्यूनतम मूल्य प्रति वृक्ष,3500|7000|12000,"tree rates (भाग-2 प्रारूप-5 वृक्षों की श्रेणी व मूल्य), Rs per tree; category=tree class"
chauri,tree,83,6,,साम्भर आदि,1 वर्ष से अधिक तथा 5 वर्ष से कम आयु के वृक्ष का न्यूनतम मूल्य प्रति वृक्ष|5 वर्ष से अधिक 10 वर्ष से कम आयु के वृक्ष का न्यूनतम मूल्य प्रति वृक्ष|10 वर्ष से अधिकतम आयु के वृक्ष का न्यूनतम मूल्य प्रति वृक्ष,3500|7000|12000,"tree rates (भाग-2 प्रारूप-5 वृक्षों की श्रेणी व मूल्य), Rs per tree; category=tree class"
chauri,tree,83,7,,कोकाट,1 वर्ष से अधिक तथा 5 वर्ष से कम आयु के वृक्ष का न्यूनतम मूल्य प्रति वृक्ष|5 वर्ष से अधिक 10 वर्ष से कम आयु के वृक्ष का न्यूनतम मूल्य प्रति वृक्ष|10 वर्ष से अधिकतम आयु के वृक्ष का न्यूनतम मूल्य प्रति वृक्ष,3500|7000|12000,"tree rates (भाग-2 प्रारूप-5 वृक्षों की श्रेणी व मूल्य), Rs per tree; category=tree class"
chauri,tree,83,8,,यूकेलिप्टस,1 वर्ष से अधिक तथा 5 वर्ष से कम आयु के वृक्ष का न्यूनतम मूल्य प्रति वृक्ष|5 वर्ष से अधिक 10 वर्ष से कम आयु के वृक्ष का न्यूनतम मूल्य प्रति वृक्ष|10 वर्ष से अधिकतम आयु के वृक्ष का न्यूनतम मूल्य प्रति वृक्ष,3500|7000|12000,"tree rates (भाग-2 प्रारूप-5 वृक्षों की श्रेणी व मूल्य), Rs per tree; category=tree class"
chauri,tree,83,9,,खैर,1 वर्ष से अधिक तथा 5 वर्ष से कम आयु के वृक्ष का न्यूनतम मूल्य प्रति वृक्ष|5 वर्ष से अधिक 10 वर्ष से कम आयु के वृक्ष का न्यूनतम मूल्य प्रति वृक्ष|10 वर्ष से अधिकतम आयु के वृक्ष का न्यूनतम मूल्य प्रति वृक्ष,3500|7000|12000,"tree rates (भाग-2 प्रारूप-5 वृक्षों की श्रेणी व मूल्य), Rs per tree; category=tree class"
chauri,tree,83,10,,अन्य फलदार वृक्ष,1 वर्ष से अधिक तथा 5 वर्ष से कम आयु के वृक्ष का न्यूनतम मूल्य प्रति वृक्ष|5 वर्ष से अधिक 10 वर्ष से कम आयु के वृक्ष का न्यूनतम मूल्य प्रति वृक्ष|10 वर्ष से अधिकतम आयु के वृक्ष का न्यूनतम मूल्य प्रति वृक्ष,3500|7000|12000,"tree rates (भाग-2 प्रारूप-5 वृक्षों की श्रेणी व मूल्य), Rs per tree; category=tree class"
chauri,tree,83,11,,इमली/कटहल,1 वर्ष से अधिक तथा 5 वर्ष से कम आयु के वृक्ष का न्यूनतम मूल्य प्रति वृक्ष|5 वर्ष से अधिक 10 वर्ष से कम आयु के वृक्ष का न्यूनतम मूल्य प्रति वृक्ष|10 वर्ष से अधिकतम आयु के वृक्ष का न्यूनतम मूल्य प्रति वृक्ष,3500|7000|12000,"tree rates (भाग-2 प्रारूप-5 वृक्षों की श्रेणी व मूल्य), Rs per tree; category=tree class"
chauri,tree,83,12,,बारा,1 वर्ष से अधिक तथा 5 वर्ष से कम आयु के वृक्ष का न्यूनतम मूल्य प्रति वृक्ष|5 वर्ष से अधिक 10 वर्ष से कम आयु के वृक्ष का न्यूनतम मूल्य प्रति वृक्ष|10 वर्ष से अधिकतम आयु के वृक्ष का न्यूनतम मूल्य प्रति वृक्ष,3500|7000|12000,"tree rates (भाग-2 प्रारूप-5 वृक्षों की श्रेणी व मूल्य), Rs per tree; category=tree class"
gola,tree,196,1,,भाग-3 प्रारूप-5(ख) वृक्षो का श्रेणी व मूल्य,वृक्षो की श्रेणी|1 वर्ष से अधिक तथा 5 वर्ष से कम आयु के वृक्ष का न्यूनतम मूल्य प्रति वृक्ष|5 वर्ष से अधिक तथा 10 वर्ष से कम आयु के वृक्ष का न्यूनतम मूल्य प्रति वृक्ष|10 वर्ष से अधिकतम आयु के वृक्ष का न्यूनतम मूल्य प्रति वृक्ष,साखू|4500|9000|20000,tree values Rs per tree; not a village row
gola,tree,196,2,,भाग-3 प्रारूप-5(ख) वृक्षो का श्रेणी व मूल्य,वृक्षो की श्रेणी|1 वर्ष से अधिक तथा 5 वर्ष से कम आयु के वृक्ष का न्यूनतम मूल्य प्रति वृक्ष|5 वर्ष से अधिक तथा 10 वर्ष से कम आयु के वृक्ष का न्यूनतम मूल्य प्रति वृक्ष|10 वर्ष से अधिकतम आयु के वृक्ष का न्यूनतम मूल्य प्रति वृक्ष,शीशम|4000|8000|18000,tree values Rs per tree; not a village row
gola,tree,196,3,,भाग-3 प्रारूप-5(ख) वृक्षो का श्रेणी व मूल्य,वृक्षो की श्रेणी|1 वर्ष से अधिक तथा 5 वर्ष से कम आयु के वृक्ष का न्यूनतम मूल्य प्रति वृक्ष|5 वर्ष से अधिक तथा 10 वर्ष से कम आयु के वृक्ष का न्यूनतम मूल्य प्रति वृक्ष|10 वर्ष से अधिकतम आयु के वृक्ष का न्यूनतम मूल्य प्रति वृक्ष,सागौन|4500|9000|25000,tree values Rs per tree; not a village row
gola,tree,196,4,,भाग-3 प्रारूप-5(ख) वृक्षो का श्रेणी व मूल्य,वृक्षो की श्रेणी|1 वर्ष से अधिक तथा 5 वर्ष से कम आयु के वृक्ष का न्यूनतम मूल्य प्रति वृक्ष|5 वर्ष से अधिक तथा 10 वर्ष से कम आयु के वृक्ष का न्यूनतम मूल्य प्रति वृक्ष|10 वर्ष से अधिकतम आयु के वृक्ष का न्यूनतम मूल्य प्रति वृक्ष,असना/तुन|3500|7000|12000,tree values Rs per tree; not a village row
gola,tree,196,5,,भाग-3 प्रारूप-5(ख) वृक्षो का श्रेणी व मूल्य,वृक्षो की श्रेणी|1 वर्ष से अधिक तथा 5 वर्ष से कम आयु के वृक्ष का न्यूनतम मूल्य प्रति वृक्ष|5 वर्ष से अधिक तथा 10 वर्ष से कम आयु के वृक्ष का न्यूनतम मूल्य प्रति वृक्ष|10 वर्ष से अधिकतम आयु के वृक्ष का न्यूनतम मूल्य प्रति वृक्ष,जामुन/आम/महुआ/बहेरा/विजयसाल|3500|7000|12000,tree values Rs per tree; not a village row
gola,tree,196,6,,भाग-3 प्रारूप-5(ख) वृक्षो का श्रेणी व मूल्य,वृक्षो की श्रेणी|1 वर्ष से अधिक तथा 5 वर्ष से कम आयु के वृक्ष का न्यूनतम मूल्य प्रति वृक्ष|5 वर्ष से अधिक तथा 10 वर्ष से कम आयु के वृक्ष का न्यूनतम मूल्य प्रति वृक्ष|10 वर्ष से अधिकतम आयु के वृक्ष का न्यूनतम मूल्य प्रति वृक्ष,सान्नर आदि|3500|7000|12000,tree values Rs per tree; not a village row
gola,tree,196,7,,भाग-3 प्रारूप-5(ख) वृक्षो का श्रेणी व मूल्य,वृक्षो की श्रेणी|1 वर्ष से अधिक तथा 5 वर्ष से कम आयु के वृक्ष का न्यूनतम मूल्य प्रति वृक्ष|5 वर्ष से अधिक तथा 10 वर्ष से कम आयु के वृक्ष का न्यूनतम मूल्य प्रति वृक्ष|10 वर्ष से अधिकतम आयु के वृक्ष का न्यूनतम मूल्य प्रति वृक्ष,कोकाठ|3500|7000|12000,tree values Rs per tree; not a village row
gola,tree,196,8,,भाग-3 प्रारूप-5(ख) वृक्षो का श्रेणी व मूल्य,वृक्षो की श्रेणी|1 वर्ष से अधिक तथा 5 वर्ष से कम आयु के वृक्ष का न्यूनतम मूल्य प्रति वृक्ष|5 वर्ष से अधिक तथा 10 वर्ष से कम आयु के वृक्ष का न्यूनतम मूल्य प्रति वृक्ष|10 वर्ष से अधिकतम आयु के वृक्ष का न्यूनतम मूल्य प्रति वृक्ष,यूकेलिप्टस|3500|7000|12000,tree values Rs per tree; not a village row
gola,tree,196,9,,भाग-3 प्रारूप-5(ख) वृक्षो का श्रेणी व मूल्य,वृक्षो की श्रेणी|1 वर्ष से अधिक तथा 5 वर्ष से कम आयु के वृक्ष का न्यूनतम मूल्य प्रति वृक्ष|5 वर्ष से अधिक तथा 10 वर्ष से कम आयु के वृक्ष का न्यूनतम मूल्य प्रति वृक्ष|10 वर्ष से अधिकतम आयु के वृक्ष का न्यूनतम मूल्य प्रति वृक्ष,खैर|3500|7000|12000,tree values Rs per tree; not a village row
gola,tree,196,10,,भाग-3 प्रारूप-5(ख) वृक्षो का श्रेणी व मूल्य,वृक्षो की श्रेणी|1 वर्ष से अधिक तथा 5 वर्ष से कम आयु के वृक्ष का न्यूनतम मूल्य प्रति वृक्ष|5 वर्ष से अधिक तथा 10 वर्ष से कम आयु के वृक्ष का न्यूनतम मूल्य प्रति वृक्ष|10 वर्ष से अधिकतम आयु के वृक्ष का न्यूनतम मूल्य प्रति वृक्ष,अन्य फलदार वृक्ष|3500|7000|12000,tree values Rs per tree; not a village row
gola,tree,196,11,,भाग-3 प्रारूप-5(ख) वृक्षो का श्रेणी व मूल्य,वृक्षो की श्रेणी|1 वर्ष से अधिक तथा 5 वर्ष से कम आयु के वृक्ष का न्यूनतम मूल्य प्रति वृक्ष|5 वर्ष से अधिक तथा 10 वर्ष से कम आयु के वृक्ष का न्यूनतम मूल्य प्रति वृक्ष|10 वर्ष से अधिकतम आयु के वृक्ष का न्यूनतम मूल्य प्रति वृक्ष,इमली/ कटहल|3500|7000|12000,tree values Rs per tree; not a village row
gola,tree,196,12,,भाग-3 प्रारूप-5(ख) वृक्षो का श्रेणी व मूल्य,वृक्षो की श्रेणी|1 वर्ष से अधिक तथा 5 वर्ष से कम आयु के वृक्ष का न्यूनतम मूल्य प्रति वृक्ष|5 वर्ष से अधिक तथा 10 वर्ष से कम आयु के वृक्ष का न्यूनतम मूल्य प्रति वृक्ष|10 वर्ष से अधिकतम आयु के वृक्ष का न्यूनतम मूल्य प्रति वृक्ष,बांस|100|120|300,"tree values; bamboo: 120 and 300 printed as ""120/- प्रतिनग"" and ""300/- प्रतिनग"" (per piece); 100 has no unit"
basgaon,tree,167,1,,साखू,1 वर्ष से अधिक तथा 5 वर्ष से कम आयु के बृक्ष|5 वर्ष से अधिक तथा 10 वर्ष से कम आयु के बृक्ष का न्यूनतम मूल्य प्रति बृक्ष|10 वर्ष से अधिकतम आयु के बृक्ष का न्यूनतम मूल्य प्रति वृक्ष,4500|9000|20000,
basgaon,tree,167,2,,शीशम,1 वर्ष से अधिक तथा 5 वर्ष से कम आयु के बृक्ष|5 वर्ष से अधिक तथा 10 वर्ष से कम आयु के बृक्ष का न्यूनतम मूल्य प्रति बृक्ष|10 वर्ष से अधिकतम आयु के बृक्ष का न्यूनतम मूल्य प्रति वृक्ष,4000|8000|18000,
basgaon,tree,167,3,,सागौन,1 वर्ष से अधिक तथा 5 वर्ष से कम आयु के बृक्ष|5 वर्ष से अधिक तथा 10 वर्ष से कम आयु के बृक्ष का न्यूनतम मूल्य प्रति बृक्ष|10 वर्ष से अधिकतम आयु के बृक्ष का न्यूनतम मूल्य प्रति वृक्ष,4500|9000|25000,
basgaon,tree,167,4,,असना/तुन,1 वर्ष से अधिक तथा 5 वर्ष से कम आयु के बृक्ष|5 वर्ष से अधिक तथा 10 वर्ष से कम आयु के बृक्ष का न्यूनतम मूल्य प्रति बृक्ष|10 वर्ष से अधिकतम आयु के बृक्ष का न्यूनतम मूल्य प्रति वृक्ष,3500|7000|12000,
basgaon,tree,167,5,,जामुन/आम/महुआ/बहेरा/विजयसाल,1 वर्ष से अधिक तथा 5 वर्ष से कम आयु के बृक्ष|5 वर्ष से अधिक तथा 10 वर्ष से कम आयु के बृक्ष का न्यूनतम मूल्य प्रति बृक्ष|10 वर्ष से अधिकतम आयु के बृक्ष का न्यूनतम मूल्य प्रति वृक्ष,3500|7000|12000,
basgaon,tree,167,6,,सान्नर आदि,1 वर्ष से अधिक तथा 5 वर्ष से कम आयु के बृक्ष|5 वर्ष से अधिक तथा 10 वर्ष से कम आयु के बृक्ष का न्यूनतम मूल्य प्रति बृक्ष|10 वर्ष से अधिकतम आयु के बृक्ष का न्यूनतम मूल्य प्रति वृक्ष,3500|7000|12000,
basgaon,tree,167,7,,कोकाठ,1 वर्ष से अधिक तथा 5 वर्ष से कम आयु के बृक्ष|5 वर्ष से अधिक तथा 10 वर्ष से कम आयु के बृक्ष का न्यूनतम मूल्य प्रति बृक्ष|10 वर्ष से अधिकतम आयु के बृक्ष का न्यूनतम मूल्य प्रति वृक्ष,3500|7000|12000,
basgaon,tree,167,8,,यूकेलिप्टस,1 वर्ष से अधिक तथा 5 वर्ष से कम आयु के बृक्ष|5 वर्ष से अधिक तथा 10 वर्ष से कम आयु के बृक्ष का न्यूनतम मूल्य प्रति बृक्ष|10 वर्ष से अधिकतम आयु के बृक्ष का न्यूनतम मूल्य प्रति वृक्ष,3500|7000|12000,
basgaon,tree,167,9,,खैर,1 वर्ष से अधिक तथा 5 वर्ष से कम आयु के बृक्ष|5 वर्ष से अधिक तथा 10 वर्ष से कम आयु के बृक्ष का न्यूनतम मूल्य प्रति बृक्ष|10 वर्ष से अधिकतम आयु के बृक्ष का न्यूनतम मूल्य प्रति वृक्ष,3500|7000|12000,
basgaon,tree,167,10,,अन्य फलदार बृक्ष,1 वर्ष से अधिक तथा 5 वर्ष से कम आयु के बृक्ष|5 वर्ष से अधिक तथा 10 वर्ष से कम आयु के बृक्ष का न्यूनतम मूल्य प्रति बृक्ष|10 वर्ष से अधिकतम आयु के बृक्ष का न्यूनतम मूल्य प्रति वृक्ष,3500|7000|12000,
basgaon,tree,167,11,,इमली/ कटहल,1 वर्ष से अधिक तथा 5 वर्ष से कम आयु के बृक्ष|5 वर्ष से अधिक तथा 10 वर्ष से कम आयु के बृक्ष का न्यूनतम मूल्य प्रति बृक्ष|10 वर्ष से अधिकतम आयु के बृक्ष का न्यूनतम मूल्य प्रति वृक्ष,3500|7000|12000,
basgaon,tree,167,12,,बांस,1 वर्ष से अधिक तथा 5 वर्ष से कम आयु के बृक्ष|5 वर्ष से अधिक तथा 10 वर्ष से कम आयु के बृक्ष का न्यूनतम मूल्य प्रति बृक्ष|10 वर्ष से अधिकतम आयु के बृक्ष का न्यूनतम मूल्य प्रति वृक्ष,100|120|300,"cols 4-5 printed as ""120/- प्रतिनग"" and ""300/- प्रतिनग"" (per piece)"
khajni,tree,183,1,,साखू,1 वर्ष से अधिक तथा 5 वर्ष से कम आयु के बृक्ष का न्यूनतम मूल्य प्रति बृक्ष|5 वर्ष से अधिक तथा 10 वर्ष से कम आयु के बृक्ष का न्यूनतम मूल्य प्रति बृक्ष|10 वर्ष से अधिकतम आयु के बृक्ष का न्यूनतम मूल्य प्रति वृक्ष,4500|9000|20000,village_hi holds tree category
khajni,tree,183,2,,शीशम,1 वर्ष से अधिक तथा 5 वर्ष से कम आयु के बृक्ष का न्यूनतम मूल्य प्रति बृक्ष|5 वर्ष से अधिक तथा 10 वर्ष से कम आयु के बृक्ष का न्यूनतम मूल्य प्रति बृक्ष|10 वर्ष से अधिकतम आयु के बृक्ष का न्यूनतम मूल्य प्रति वृक्ष,4000|8000|18000,village_hi holds tree category
khajni,tree,183,3,,सागौन,1 वर्ष से अधिक तथा 5 वर्ष से कम आयु के बृक्ष का न्यूनतम मूल्य प्रति बृक्ष|5 वर्ष से अधिक तथा 10 वर्ष से कम आयु के बृक्ष का न्यूनतम मूल्य प्रति बृक्ष|10 वर्ष से अधिकतम आयु के बृक्ष का न्यूनतम मूल्य प्रति वृक्ष,4500|9000|25000,village_hi holds tree category
khajni,tree,183,4,,असना/तुन,1 वर्ष से अधिक तथा 5 वर्ष से कम आयु के बृक्ष का न्यूनतम मूल्य प्रति बृक्ष|5 वर्ष से अधिक तथा 10 वर्ष से कम आयु के बृक्ष का न्यूनतम मूल्य प्रति बृक्ष|10 वर्ष से अधिकतम आयु के बृक्ष का न्यूनतम मूल्य प्रति वृक्ष,3500|7000|12000,village_hi holds tree category
khajni,tree,183,5,,जामुन/आम/महुआ/बहेरा/विजयसाल,1 वर्ष से अधिक तथा 5 वर्ष से कम आयु के बृक्ष का न्यूनतम मूल्य प्रति बृक्ष|5 वर्ष से अधिक तथा 10 वर्ष से कम आयु के बृक्ष का न्यूनतम मूल्य प्रति बृक्ष|10 वर्ष से अधिकतम आयु के बृक्ष का न्यूनतम मूल्य प्रति वृक्ष,3500|7000|12000,village_hi holds tree category
khajni,tree,183,6,,सान्नर आदि,1 वर्ष से अधिक तथा 5 वर्ष से कम आयु के बृक्ष का न्यूनतम मूल्य प्रति बृक्ष|5 वर्ष से अधिक तथा 10 वर्ष से कम आयु के बृक्ष का न्यूनतम मूल्य प्रति बृक्ष|10 वर्ष से अधिकतम आयु के बृक्ष का न्यूनतम मूल्य प्रति वृक्ष,3500|7000|12000,village_hi holds tree category
khajni,tree,183,7,,कोकाठ,1 वर्ष से अधिक तथा 5 वर्ष से कम आयु के बृक्ष का न्यूनतम मूल्य प्रति बृक्ष|5 वर्ष से अधिक तथा 10 वर्ष से कम आयु के बृक्ष का न्यूनतम मूल्य प्रति बृक्ष|10 वर्ष से अधिकतम आयु के बृक्ष का न्यूनतम मूल्य प्रति वृक्ष,3500|7000|12000,village_hi holds tree category
khajni,tree,183,8,,यूकेलिप्टस,1 वर्ष से अधिक तथा 5 वर्ष से कम आयु के बृक्ष का न्यूनतम मूल्य प्रति बृक्ष|5 वर्ष से अधिक तथा 10 वर्ष से कम आयु के बृक्ष का न्यूनतम मूल्य प्रति बृक्ष|10 वर्ष से अधिकतम आयु के बृक्ष का न्यूनतम मूल्य प्रति वृक्ष,3500|7000|12000,village_hi holds tree category
khajni,tree,183,9,,खैर,1 वर्ष से अधिक तथा 5 वर्ष से कम आयु के बृक्ष का न्यूनतम मूल्य प्रति बृक्ष|5 वर्ष से अधिक तथा 10 वर्ष से कम आयु के बृक्ष का न्यूनतम मूल्य प्रति बृक्ष|10 वर्ष से अधिकतम आयु के बृक्ष का न्यूनतम मूल्य प्रति वृक्ष,3500|7000|12000,village_hi holds tree category
khajni,tree,183,10,,अन्य फलदार बृक्ष,1 वर्ष से अधिक तथा 5 वर्ष से कम आयु के बृक्ष का न्यूनतम मूल्य प्रति बृक्ष|5 वर्ष से अधिक तथा 10 वर्ष से कम आयु के बृक्ष का न्यूनतम मूल्य प्रति बृक्ष|10 वर्ष से अधिकतम आयु के बृक्ष का न्यूनतम मूल्य प्रति वृक्ष,3500|7000|12000,village_hi holds tree category
khajni,tree,183,11,,इमली/ कटहल,1 वर्ष से अधिक तथा 5 वर्ष से कम आयु के बृक्ष का न्यूनतम मूल्य प्रति बृक्ष|5 वर्ष से अधिक तथा 10 वर्ष से कम आयु के बृक्ष का न्यूनतम मूल्य प्रति बृक्ष|10 वर्ष से अधिकतम आयु के बृक्ष का न्यूनतम मूल्य प्रति वृक्ष,3500|7000|12000,village_hi holds tree category
khajni,tree,183,12,,बांस,1 वर्ष से अधिक तथा 5 वर्ष से कम आयु के बृक्ष का न्यूनतम मूल्य प्रति बृक्ष|5 वर्ष से अधिक तथा 10 वर्ष से कम आयु के बृक्ष का न्यूनतम मूल्य प्रति बृक्ष|10 वर्ष से अधिकतम आयु के बृक्ष का न्यूनतम मूल्य प्रति वृक्ष,100|120/- प्रतिनग|300/- प्रतिनग,village_hi holds tree category; bamboo values per piece
campier,tree,63,1,,साखू,1 वर्ष से अधिक तथा 5 वर्ष से कम आयु के वृक्ष का न्यूनतम मूल्य प्रति वृक्ष|5 वर्ष से अधिक तथा 10 वर्ष से कम आयु के वृक्ष का न्यूनतम मूल्य प्रति वृक्ष|10 वर्ष से अधिकतम आयु के वृक्ष का न्यूनतम मूल्य प्रति वृक्ष,4500|9000|20000,
campier,tree,63,2,,शीशम,1 वर्ष से अधिक तथा 5 वर्ष से कम आयु के वृक्ष का न्यूनतम मूल्य प्रति वृक्ष|5 वर्ष से अधिक तथा 10 वर्ष से कम आयु के वृक्ष का न्यूनतम मूल्य प्रति वृक्ष|10 वर्ष से अधिकतम आयु के वृक्ष का न्यूनतम मूल्य प्रति वृक्ष,4000|8000|18000,col3 could be 15000 or 18000 (scan unclear)
campier,tree,63,3,,सागौन,1 वर्ष से अधिक तथा 5 वर्ष से कम आयु के वृक्ष का न्यूनतम मूल्य प्रति वृक्ष|5 वर्ष से अधिक तथा 10 वर्ष से कम आयु के वृक्ष का न्यूनतम मूल्य प्रति वृक्ष|10 वर्ष से अधिकतम आयु के वृक्ष का न्यूनतम मूल्य प्रति वृक्ष,4500|9000|25000,
campier,tree,63,4,,असना/तुन,1 वर्ष से अधिक तथा 5 वर्ष से कम आयु के वृक्ष का न्यूनतम मूल्य प्रति वृक्ष|5 वर्ष से अधिक तथा 10 वर्ष से कम आयु के वृक्ष का न्यूनतम मूल्य प्रति वृक्ष|10 वर्ष से अधिकतम आयु के वृक्ष का न्यूनतम मूल्य प्रति वृक्ष,3500|7000|12000,
campier,tree,63,5,,जामुन/आम/महुआ/बहेरा/विजयसाल,1 वर्ष से अधिक तथा 5 वर्ष से कम आयु के वृक्ष का न्यूनतम मूल्य प्रति वृक्ष|5 वर्ष से अधिक तथा 10 वर्ष से कम आयु के वृक्ष का न्यूनतम मूल्य प्रति वृक्ष|10 वर्ष से अधिकतम आयु के वृक्ष का न्यूनतम मूल्य प्रति वृक्ष,3500|7000|12000,
campier,tree,63,6,,खम्हेर आदि,1 वर्ष से अधिक तथा 5 वर्ष से कम आयु के वृक्ष का न्यूनतम मूल्य प्रति वृक्ष|5 वर्ष से अधिक तथा 10 वर्ष से कम आयु के वृक्ष का न्यूनतम मूल्य प्रति वृक्ष|10 वर्ष से अधिकतम आयु के वृक्ष का न्यूनतम मूल्य प्रति वृक्ष,3500|7000|12000,name reading uncertain
campier,tree,63,7,,केकठ,1 वर्ष से अधिक तथा 5 वर्ष से कम आयु के वृक्ष का न्यूनतम मूल्य प्रति वृक्ष|5 वर्ष से अधिक तथा 10 वर्ष से कम आयु के वृक्ष का न्यूनतम मूल्य प्रति वृक्ष|10 वर्ष से अधिकतम आयु के वृक्ष का न्यूनतम मूल्य प्रति वृक्ष,3500|7000|12000,name reading uncertain
campier,tree,63,8,,यूकेलिप्टस,1 वर्ष से अधिक तथा 5 वर्ष से कम आयु के वृक्ष का न्यूनतम मूल्य प्रति वृक्ष|5 वर्ष से अधिक तथा 10 वर्ष से कम आयु के वृक्ष का न्यूनतम मूल्य प्रति वृक्ष|10 वर्ष से अधिकतम आयु के वृक्ष का न्यूनतम मूल्य प्रति वृक्ष,3500|7000|12000,
campier,tree,63,9,,खैर,1 वर्ष से अधिक तथा 5 वर्ष से कम आयु के वृक्ष का न्यूनतम मूल्य प्रति वृक्ष|5 वर्ष से अधिक तथा 10 वर्ष से कम आयु के वृक्ष का न्यूनतम मूल्य प्रति वृक्ष|10 वर्ष से अधिकतम आयु के वृक्ष का न्यूनतम मूल्य प्रति वृक्ष,3500|7000|12000,
campier,tree,63,10,,अन्य फलदार वृक्ष,1 वर्ष से अधिक तथा 5 वर्ष से कम आयु के वृक्ष का न्यूनतम मूल्य प्रति वृक्ष|5 वर्ष से अधिक तथा 10 वर्ष से कम आयु के वृक्ष का न्यूनतम मूल्य प्रति वृक्ष|10 वर्ष से अधिकतम आयु के वृक्ष का न्यूनतम मूल्य प्रति वृक्ष,3500|7000|12000,
campier,tree,63,11,,इमली/कटहल,1 वर्ष से अधिक तथा 5 वर्ष से कम आयु के वृक्ष का न्यूनतम मूल्य प्रति वृक्ष|5 वर्ष से अधिक तथा 10 वर्ष से कम आयु के वृक्ष का न्यूनतम मूल्य प्रति वृक्ष|10 वर्ष से अधिकतम आयु के वृक्ष का न्यूनतम मूल्य प्रति वृक्ष,3500|7000|12000,
campier,tree,63,12,,बांस,1 वर्ष से अधिक तथा 5 वर्ष से कम आयु के वृक्ष का न्यूनतम मूल्य प्रति वृक्ष|5 वर्ष से अधिक तथा 10 वर्ष से कम आयु के वृक्ष का न्यूनतम मूल्य प्रति वृक्ष|10 वर्ष से अधिकतम आयु के वृक्ष का न्यूनतम मूल्य प्रति वृक्ष,100|120|300,"printed 100/- , 120/- प्रति नग, 300/- प्रति नग (per piece)"
